catchment_id,downstream_id,basin_id,longitude,latitude,upstream_area_km2,is_river_mouth,flow_status_row,flow_status_col,point_flow_status,nearest_water_distance_km,match_class
4784784,4782984,45635,85.81458282470703,51.59958267211914,50132.2752,0,1018,1916,2,0.3424963092822234,on perennial
5051207,5053007,45635,100.6995849609375,49.2529182434082,65924.1984,0,1302,3721,2,0.2593137702174529,on perennial
4782984,4782983,45635,85.75541687011719,51.64374923706055,52166.59456,0,1012,1909,2,0.3750387226709617,on perennial
5053007,5054807,45635,100.81625366210938,49.25958251953125,65974.636544,0,1301,3735,2,0.3581841194016972,on perennial
4941377,4939578,45635,94.49541473388672,52.19541549682617,51407.499264,0,946,2969,2,0.49251418153280774,on perennial
4782983,4784783,45635,85.76541900634766,51.6995849609375,52252.8768,0,1006,1910,2,0.44246196621056233,on perennial
4786620,4784820,45635,85.9004135131836,47.950416564941406,50195.918848,0,1460,1927,2,0.12019005584767199,on perennial
5054807,5056607,45635,100.89958190917969,49.292083740234375,66422.984704,0,1297,3745,1,0.39794877751475427,on intermittent
4939578,4937778,45635,94.4004135131836,52.14791488647461,51782.561792,0,951,2957,2,0.2557650993161287,on perennial
4784783,4782982,45635,85.72958374023438,51.7287483215332,52403.986432,0,1002,1906,2,0.09599906616350681,on perennial
4784820,4783020,45635,85.77041625976562,47.99041748046875,50860.654592,0,1455,1911,2,0.19409313748627618,on perennial
5056607,5058406,45635,100.97541809082031,49.299583435058594,66542.493696,0,1297,3754,0,0.7897749238784731,near water
4937778,4937779,45635,94.35958099365234,52.07624816894531,51899.543552,0,960,2952,2,0.10781088989332496,on perennial
4527520,4525720,45635,71.47875213623047,37.93791580200195,59443.17952,0,2674,179,1,0.33834929862858104,on intermittent
4782982,4782981,45635,85.77208709716797,51.82791519165039,52492.222464,0,990,1911,2,0.16038538204966496,on perennial
4783020,4781219,45635,85.7004165649414,47.99791717529297,52628.836352,0,1454,1903,1,0.3753776194288962,on intermittent
5058406,5060206,45635,101.11541748046875,49.3720817565918,67987.689472,0,1288,3771,1,0.24850430660919517,on intermittent
4937779,4939579,45635,94.41542053222656,52.03708267211914,54986.17856,0,965,2959,2,0.27504354156603456,on perennial
4525720,4523921,45635,71.4004135131836,37.908748626708984,59615.330304,0,2677,169,2,0.2748016154131894,on perennial
4782981,4784781,45635,85.7995834350586,51.87874984741211,52877.541376,0,984,1915,2,0.24599904204828005,on perennial
4781219,4779419,45635,85.59375,48.006248474121094,52752.965632,0,1453,1890,1,0.33996655630772876,on intermittent
5060206,5062005,45635,101.14208221435547,49.39958190917969,68254.18752,0,1284,3774,1,0.4070622966119791,on intermittent
4939579,4941380,45635,94.49041748046875,51.97291564941406,55226.105856,0,972,2968,2,0.440715893331646,on perennial
4523921,4523920,45635,71.32291412353516,37.89958190917969,59696.132096,0,2678,160,2,0.32824743392308026,on perennial
4784781,4784780,45635,85.82041931152344,51.952083587646484,52964.102144,0,975,1917,2,0.07171648608645471,on perennial
4779419,4777619,45635,85.50041961669922,48.01708221435547,54357.946368,0,1452,1878,2,0.2091354501955934,on perennial
5062005,5063805,45635,101.27291870117188,49.40041732788086,68725.817344,0,1284,3790,1,0.28887002502175224,on intermittent
4941380,4939580,45635,94.43958282470703,51.95708465576172,55301.701632,0,974,2962,2,0.3727741038253411,on perennial
4523920,4522121,45635,71.3004150390625,37.931251525878906,60072.534016,0,2674,157,2,0.4674948756077384,on perennial
4784780,4786579,45635,85.91291809082031,52.055416107177734,53972.160512,0,962,1928,2,0.4798460058105828,on perennial
4777619,4775820,45635,85.37791442871094,47.98041534423828,54456.635392,0,1456,1863,2,0.4882460950822195,on perennial
5063805,5065605,45635,101.4054183959961,49.4495849609375,68865.318912,0,1278,3806,1,0.3362360348726995,on intermittent
4939580,4937781,45635,94.43875122070312,51.90041732788086,55378.345984,0,981,2962,2,0.2771078397866364,on perennial
4522121,4522120,45635,71.2562484741211,37.924583435058594,60156.256256,0,2675,152,2,0.32704575072333203,on perennial
4786579,4784778,45635,85.9070816040039,52.09958267211914,54096.273408,0,957,1928,0,0.3740483689845772,near water
4775820,4775819,45635,85.33291625976562,48.01041793823242,57491.193856,0,1453,1858,2,0.20053982373591522,on perennial
5065605,5067405,45635,101.50458526611328,49.42791748046875,69265.65376,0,1281,3818,1,0.1454528127251349,on intermittent
4937781,4939581,45635,94.4695816040039,51.84375,56744.648704,0,988,2966,2,0.304635718110835,on perennial
4522120,4522119,45635,71.27958679199219,37.99958419799805,63577.530368,0,2666,155,1,0.35023639286457614,on intermittent
4784778,4784777,45635,85.84791564941406,52.21291732788086,54149.103616,0,943,1920,2,0.44035820244628354,on perennial
4775819,4774020,45635,85.3004150390625,48.00541687011719,58276.110336,0,1453,1854,1,0.3615376122213245,on intermittent
5067405,5067406,45635,101.53458404541016,49.40041732788086,69364.146176,0,1284,3822,1,0.2834717450093716,on intermittent
4961186,4962985,45635,95.66374969482422,51.39958190917969,52718.579712,0,1042,3110,2,0.14918154353581622,on perennial
4939581,4939582,45635,94.4870834350586,51.8004150390625,56917.8112,0,993,2968,2,0.41369093949272745,on perennial
4522119,4523919,45635,71.30458068847656,38.04458236694336,63773.765632,0,2661,158,0,0.5051587866547232,near water
4536453,4536452,45635,72.03375244140625,44.6995849609375,53274.492928,0,1854,246,1,0.0884240323277859,on intermittent
4784777,4784776,45635,85.819580078125,52.299583435058594,57621.409792,0,933,1917,2,0.10748178065229567,on perennial
4774020,4772220,45635,85.24458312988281,47.99958419799805,58429.366272,0,1454,1847,2,0.21984732365162907,on perennial
5067406,5069206,45635,101.5995864868164,49.36958312988281,69569.871872,0,1288,3830,1,0.15112949182516583,on intermittent
4962985,4961185,45635,95.632080078125,51.42708206176758,52778.995712,0,1039,3106,2,0.406819332319063,on perennial
4523919,4523918,45635,71.31791687011719,38.09958267211914,63885.115392,0,2654,159,2,0.19921158327827457,on perennial
4536452,4532853,45635,71.92958068847656,44.6995849609375,53333.79072,0,1854,233,1,0.2681667324355603,on intermittent
4784776,4782976,45635,85.79624938964844,52.34791564941406,57658.519552,0,927,1914,2,0.11276565881070635,on perennial
4772220,4768619,45635,85.10041809082031,47.96208190917969,61888.380928,0,1459,1830,2,0.3408540643733073,on perennial
5069206,5071006,45635,101.71875,49.38041687011719,69632.958464,0,1287,3844,1,0.28068634236484113,on intermittent
4961185,4959385,45635,95.60041809082031,51.45375061035156,54437.654528,0,1035,3103,0,0.5010790995848766,near water
4523918,4523917,45635,71.37124633789062,38.241249084472656,66213.691392,0,2637,166,2,0.21902295665096627,on perennial
4532853,4531053,45635,71.79875183105469,44.672916412353516,55682.1504,0,1857,218,1,0.42954197406957845,on intermittent
4782976,4781175,45635,85.72374725341797,52.405418395996094,57867.53024,0,920,1905,2,0.234328264333831,on perennial
4768619,4770420,45635,85.02958679199219,47.96875,62508.40064,0,1458,1821,2,0.22470407756596736,on perennial
5071006,5072806,45635,101.79042053222656,49.39958190917969,71192.723456,0,1284,3853,1,0.37263205963816026,on intermittent
4959385,4957584,45635,95.52041625976562,51.49958419799805,54523.510784,0,1030,3093,2,0.14994365254980183,on perennial
5117817,5119616,45635,104.4070816040039,48.31624984741211,50039.353344,0,1416,4170,0,0.6541599172435759,near water
4523917,4523916,45635,71.33208465576172,38.29875183105469,66325.66784,0,2630,161,2,0.04896647242054217,on perennial
4525592,4523792,45635,71.4004135131836,50.756248474121094,50301.915136,0,1120,169,1,0.1492907232396129,on intermittent
4531053,4529253,45635,71.7004165649414,44.66208267211914,60620.886016,0,1859,206,1,0.4153970254428867,on intermittent
4781175,4779375,45635,85.59208679199219,52.4154167175293,57955.28704,0,919,1889,2,0.28983571250034784,on perennial
4770420,4768620,45635,85.00041961669922,47.936248779296875,62633.242624,0,1462,1818,1,0.2653388171561417,on intermittent
5072806,5072805,45635,101.8429183959961,49.3962516784668,71304.224768,0,1285,3859,0,0.7511781937238967,near water
4957584,4955784,45635,95.36958312988281,51.54458236694336,55197.7984,0,1024,3075,2,0.43111995302103745,on perennial
5119616,5121416,45635,104.49958038330078,48.37041473388672,50445.176832,0,1409,4181,0,1.0996874521768039,near water
4523916,4522116,45635,71.27708435058594,38.31291580200195,68487.983104,0,2628,154,2,0.305778081573701,on perennial
4523792,4523791,45635,71.34208679199219,50.83791732788086,50386.149376,0,1110,162,1,0.11457157228298599,on intermittent
4529253,4527453,45635,71.59791564941406,44.6904182434082,60652.204032,0,1855,193,1,0.22549879378529944,on intermittent
4779375,4777575,45635,85.50041961669922,52.41208267211914,58215.247872,0,919,1878,1,0.29580434809927886,on intermittent
4768620,4766821,45635,84.85124969482422,47.87874984741211,62831.149056,0,1469,1800,2,0.3190762976560803,on perennial
5072805,5074605,45635,101.92124938964844,49.408748626708984,71412.580352,0,1283,3869,1,0.3057333666521265,on intermittent
4955784,4953984,45635,95.3004150390625,51.536251068115234,55940.182016,0,1025,3066,2,0.39506456765600173,on perennial
5121416,5119615,45635,104.5320816040039,48.4154167175293,50558.062592,0,1404,4185,0,1.4071428987175658,near water
4522116,4520316,45635,71.18374633789062,38.352081298828125,68712.710144,0,2623,143,2,0.4497796200714586,on perennial
4523791,4523790,45635,71.32958221435547,50.91958236694336,50470.027264,0,1100,161,1,0.2428672565400847,on intermittent
4527453,4527452,45635,71.56124877929688,44.700416564941406,60745.834496,0,1854,189,1,0.16811336118172424,on intermittent
4777575,4775775,45635,85.34625244140625,52.45624923706055,58344.914944,0,914,1860,2,0.217567614940824,on perennial
4766821,4765021,45635,84.8004150390625,47.86375045776367,62920.073216,0,1471,1793,1,0.5033462880976081,on intermittent
5074605,5074606,45635,101.95708465576172,49.40041732788086,71486.734336,0,1284,3873,1,0.27806376758853923,on intermittent
4953984,4952184,45635,95.19291687011719,51.568748474121094,56613.654528,0,1021,3053,2,0.44402748252686774,on perennial
5119615,5121415,45635,104.54792022705078,48.43208312988281,50685.505536,0,1402,4187,0,0.7490080718522077,near water
4520316,4520315,45635,71.12875366210938,38.39958190917969,68993.179648,0,2618,136,0,0.7099308219899731,near water
4523790,4521990,45635,71.27958679199219,50.943748474121094,50556.694528,0,1097,155,1,0.310823854162742,on intermittent
4527452,4525652,45635,71.50041961669922,44.70541763305664,61314.281472,0,1853,181,1,0.4302178800089436,on intermittent
4775775,4772175,45635,85.22958374023438,52.45624923706055,58536.554496,0,914,1846,2,0.2905759903668048,on perennial
4765021,4763221,45635,84.7004165649414,47.85874938964844,63048.310784,0,1471,1781,1,0.273660489507722,on intermittent
5074606,5076406,45635,102.00208282470703,49.401248931884766,71520.714752,0,1284,3879,0,0.3697869034521929,near water
4952184,4950383,45635,95.11708068847656,51.59958267211914,56856.694784,0,1018,3044,2,0.24550135745520638,on perennial
5121415,5123214,45635,104.51875305175781,48.49958419799805,51501.71136,0,1393,4184,0,0.57537571257157,near water
4520315,4518515,45635,71.03791809082031,38.43541717529297,69275.082752,0,2613,125,2,0.41987200236555683,on perennial
4521990,4520190,45635,71.15374755859375,50.98374938964844,50603.802624,0,1092,139,1,0.40152825812634585,on intermittent
4525652,4523852,45635,71.32958221435547,44.75791549682617,61772.087296,0,1847,161,1,0.22174032166438246,on intermittent
4772175,4770375,45635,85.0504150390625,52.424583435058594,60690.30912,0,918,1824,2,0.27156545185011366,on perennial
4763221,4761421,45635,84.60041809082031,47.80125045776367,63101.292544,0,1478,1769,1,0.1972861333375996,on intermittent
5076406,5078206,45635,102.16542053222656,49.32875061035156,73677.922304,0,1293,3898,1,0.20306730792820646,on intermittent
4950383,4948583,45635,95.00041961669922,51.6470832824707,57272.246272,0,1012,3030,2,0.08633245990959303,on perennial
5123214,5121414,45635,104.555419921875,48.590415954589844,51626.487808,0,1382,4188,1,0.4407603939792746,on intermittent
4518515,4516715,45635,70.96208190917969,38.477081298828125,69588.74624,0,2608,116,2,0.3216197316948138,on perennial
4520190,4518389,45635,71.12291717529297,50.99958419799805,50780.418048,0,1090,136,1,0.4775601436619547,on intermittent
4523852,4522051,45635,71.24708557128906,44.8095817565918,61897.449472,0,1841,151,1,0.3094610140890563,on intermittent
4770375,4768575,45635,84.95375061035156,52.430416107177734,97731.559424,0,917,1812,2,0.04835894162719,on perennial
4761421,4757822,45635,84.42958068847656,47.81791687011719,63146.96704,0,1476,1749,2,0.3026748043177062,on perennial
5078206,5080006,45635,102.1995849609375,49.32958221435547,74101.702656,0,1293,3902,2,0.30607091362464056,on perennial
4948583,4946783,45635,94.85292053222656,51.6370849609375,57382.834176,0,1013,3012,2,0.171825135304704,on perennial
5121414,5121413,45635,104.55458068847656,48.60791778564453,51744.292864,0,1380,4188,1,0.33125384868605895,on intermittent
4516715,4514915,45635,70.9004135131836,38.46125030517578,69731.9424,0,2610,109,2,0.34971880149824863,on perennial
4518389,4516589,45635,70.99124908447266,51.008750915527344,50861.297664,0,1089,120,1,0.37764705559856865,on intermittent
4522051,4520251,45635,71.2004165649414,44.827083587646484,81208.967168,0,1839,145,1,0.32899672201836516,on intermittent
4595744,4593944,45635,75.3004150390625,55.55875015258789,51698.466816,0,538,642,1,0.1534792495371658,on intermittent
4768575,4766775,45635,84.9004135131836,52.44541549682617,97869.512704,0,915,1806,2,0.2889764221553546,on perennial
4757822,4757821,45635,84.31458282470703,47.82875061035156,70719.881216,0,1475,1735,2,0.3050828383561518,on perennial
5080006,5081806,45635,102.30958557128906,49.34541702270508,74210.861056,0,1291,3916,1,0.11615277344359129,on intermittent
4946783,4944983,45635,94.8004150390625,51.67208480834961,59125.215232,0,1009,3006,2,0.22718449912595812,on perennial
5121413,5123212,45635,104.60458374023438,48.67124938964844,51847.835648,0,1373,4194,2,0.2918349456714348,on perennial
4514915,4513115,45635,70.78624725341797,38.45458221435547,70904.307712,0,2611,95,2,0.1540539561396815,on perennial
4516589,4516590,45635,70.97708129882812,51.00041580200195,51106.553856,0,1090,118,1,0.3312403871591242,on intermittent
4520251,4518451,45635,71.07041931152344,44.8529167175293,81246.175232,0,1836,129,1,0.4774396295933632,on intermittent
4550881,4549082,45635,72.81291961669922,41.79541778564453,51721.723904,0,2206,340,2,0.33208758656634296,on perennial
4593944,4592144,45635,75.2004165649414,55.526248931884766,51870.527488,0,542,630,1,0.22181986227148637,on intermittent
4766775,4764975,45635,84.8004150390625,52.414581298828125,105855.090688,0,919,1793,2,0.2786658637599694,on perennial
4757821,4756021,45635,84.3004150390625,47.873748779296875,71336.894464,0,1469,1733,2,0.32773780140531883,on perennial
5081806,5083606,45635,102.39958190917969,49.3629150390625,74336.206848,0,1289,3927,1,0.21943879828510499,on intermittent
4944983,4943182,45635,94.71041870117188,51.71041488647461,59214.462976,0,1004,2995,2,0.32167015433133317,on perennial
5123212,5125013,45635,104.71624755859375,48.73208236694336,51991.289856,0,1365,4208,0,0.4275207468346625,near water
4513115,4511315,45635,70.7004165649414,38.41958236694336,71659.68384,0,2615,84,2,0.40269456905868173,on perennial
4516590,4514790,45635,70.89624786376953,50.97458267211914,51190.071296,0,1093,108,1,0.45630998047540366,on intermittent
4518451,4514851,45635,70.92958068847656,44.86708450317383,81292.500992,0,1834,112,1,0.2220246653623109,on intermittent
4549082,4547283,45635,72.7004165649414,41.716251373291016,51839.01696,0,2216,327,2,0.29065016680117156,on perennial
4592144,4592145,45635,75.11458587646484,55.471248626708984,51965.247488,0,548,619,0,0.564830794071875,near water
4764975,4763175,45635,84.65875244140625,52.41041564941406,112868.360192,0,919,1776,2,0.44931410415058637,on perennial
4756021,4756020,45635,84.26458740234375,47.89875030517578,71641.710592,0,1466,1729,2,0.4060841246484864,on perennial
5083606,5083605,45635,102.52874755859375,49.36958312988281,74414.661632,0,1288,3942,1,0.22841404741517796,on intermittent
4943182,4941382,45635,94.64291381835938,51.69874954223633,59301.695488,0,1006,2987,2,0.37979927270388325,on perennial
5125013,5125012,45635,104.76625061035156,48.72624969482422,52072.337408,0,1366,4214,0,0.3579001060219395,near water
5189762,5187963,45635,108.29875183105469,53.69041442871094,50975.121408,0,764,4642,2,0.30011650678518587,on perennial
4511315,4511316,45635,70.68624877929688,38.36541748046875,71948.935168,0,2622,83,1,0.25663835408578284,on intermittent
4514790,4512990,45635,70.78541564941406,50.938751220703125,51570.081792,0,1098,95,1,0.23046681708720193,on intermittent
4514851,4513051,45635,70.8004150390625,44.86958312988281,81667.923968,0,1833,97,1,0.5471487215060571,on intermittent
4547283,4545484,45635,72.5929183959961,41.62041473388672,53107.945472,0,2227,314,2,0.3330866723930427,on perennial
4592145,4590345,45635,75.06791687011719,55.463748931884766,52020.9408,0,549,614,2,0.33744492903332995,on perennial
4763175,4761375,45635,84.58708190917969,52.4162483215332,112964.902912,0,919,1768,2,0.313592938028963,on perennial
4756020,4754221,45635,84.2004165649414,47.91875076293945,72669.249536,0,1464,1721,2,0.17545146089190575,on perennial
5083605,5085406,45635,102.56458282470703,49.37458419799805,74500.571136,0,1287,3947,0,0.5840063196911371,near water
4941382,4939582,45635,94.45625305175781,51.7287483215332,59653.664768,0,1002,2964,2,0.09198995238098133,on perennial
5125012,5126811,45635,104.77958679199219,48.799583435058594,52159.541248,0,1357,4215,1,0.17068344175840108,on intermittent
5187963,5186163,45635,108.2004165649414,53.618751525878906,51631.63648,0,773,4630,2,0.08093581106307982,on perennial
4511316,4511317,45635,70.60624694824219,38.28874969482422,72144.470016,0,2631,73,2,0.15333498809840834,on perennial
4512990,4512991,45635,70.69791412353516,50.908748626708984,51966.066688,0,1101,84,1,0.43456998732710833,on intermittent
4513051,4511251,45635,70.7004165649414,44.860416412353516,84974.985216,0,1835,84,1,0.44861807649763774,on intermittent
4545484,4545485,45635,72.50041961669922,41.55208206176758,53501.452288,0,2236,303,2,0.4580937768877073,on perennial
4590345,4588545,45635,74.96875,55.43208312988281,52078.362624,0,553,602,0,1.095213405793173,near water
4761375,4759575,45635,84.44208526611328,52.41791534423828,113175.552,0,919,1750,2,0.4226220187886794,on perennial
4754221,4754220,45635,84.10041809082031,47.93208312988281,73195.84768,0,1462,1709,2,0.33685864068445687,on perennial
5085406,5087206,45635,102.5995864868164,49.373748779296875,90036.461568,0,1288,3951,0,0.7196057029674809,near water
4939582,4937782,45635,94.4004135131836,51.71458435058594,116725.121024,0,1004,2957,2,0.20309201305817537,on perennial
5126811,5125011,45635,104.79458618164062,48.82958221435547,52467.851264,0,1353,4217,0,0.46807689030820565,near water
5186163,5186164,45635,108.16374969482422,53.582916259765625,51867.160576,0,777,4625,2,0.37462508646415277,on perennial
4511317,4509517,45635,70.5512466430664,38.24791717529297,72236.843008,0,2636,66,2,0.25249750919108915,on perennial
4512991,4511191,45635,70.6987533569336,50.85541534423828,52071.776256,0,1108,84,1,0.12913296503758956,on intermittent
4511251,4509451,45635,70.59708404541016,44.882083892822266,85023.760384,0,1832,72,1,0.08524112564714784,on intermittent
4545485,4543684,45635,72.45708465576172,41.526248931884766,53674.84416,0,2239,297,2,0.32658804758363913,on perennial
4588545,4588546,45635,74.93708038330078,55.40041732788086,53066.911744,0,557,598,2,0.04142150232092112,on perennial
4759575,4757776,45635,84.4004135131836,52.409584045410156,113496.35072,0,920,1745,2,0.4124358760971173,on perennial
4754220,4752420,45635,84.04624938964844,47.93791580200195,73295.38048,0,1462,1702,2,0.3964578889633856,on perennial
5087206,5089006,45635,102.7004165649414,49.3870849609375,90697.875456,0,1286,3963,1,0.13668495344542794,on intermittent
4937782,4937783,45635,94.32791900634766,51.696250915527344,116762.796032,0,1006,2948,2,0.193062157568998,on perennial
5125011,5125010,45635,104.79792022705078,48.94874954223633,52537.286656,0,1339,4217,1,0.2622359034475022,on intermittent
5186164,5186165,45635,108.11458587646484,53.4970817565918,54726.639616,0,788,4619,2,0.34708068283616755,on perennial
4509517,4509518,45635,70.52874755859375,38.200416564941406,72827.977728,0,2642,64,0,0.4412520736156979,near water
4511191,4509391,45635,70.60041809082031,50.82958221435547,52513.923072,0,1111,72,1,0.17198988900452308,on intermittent
4509451,4507651,45635,70.50041961669922,44.87291717529297,85259.362304,0,1833,60,1,0.12884910089269686,on intermittent
4543684,4541884,45635,72.4004135131836,41.50458526611328,53763.25632,0,2241,290,2,0.46235584653778533,on perennial
4588546,4590346,45635,75.01374816894531,55.30875015258789,54344.364032,0,568,607,2,0.1723295801841446,on perennial
4757776,4755976,45635,84.23458099365234,52.368751525878906,113547.460608,0,924,1725,2,0.4616678595151706,on perennial
4752420,4750620,45635,84.00041961669922,47.96458435058594,73961.005056,0,1458,1697,2,0.42780224398063,on perennial
5089006,5090806,45635,102.83541870117188,49.34208297729492,91267.448832,0,1291,3980,0,0.47198852454328916,near water
4937783,4935983,45635,94.25208282470703,51.651248931884766,116936.957952,0,1011,2939,2,0.4389804097908681,on perennial
5125010,5126810,45635,104.83374786376953,48.95874786376953,95503.540224,0,1338,4222,1,0.20515210568797865,on intermittent
5186165,5187966,45635,108.20375061035156,53.38541793823242,54940.708864,0,801,4630,2,0.28301920869936004,on perennial
4509518,4507718,45635,70.50041961669922,38.11958312988281,73155.805184,0,2652,60,0,0.8876184171255742,near water
4509391,4507592,45635,70.50291442871094,50.79708480834961,52661.395456,0,1115,60,0,0.8461778014230634,near water
4507651,4504051,45635,70.32958221435547,44.89208221435547,85358.010368,0,1831,39,1,0.3642131649393711,on intermittent
4541884,4541885,45635,72.34124755859375,41.485416412353516,53829.4272,0,2244,283,1,0.34484538522115493,on intermittent
4590346,4590347,45635,75.07291412353516,55.3004150390625,55158.272,0,569,614,2,0.2478882733669061,on perennial
4755976,4754176,45635,84.12958526611328,52.327083587646484,113601.118208,0,930,1712,2,0.424149824127437,on perennial
4750620,4750619,45635,83.93958282470703,47.998748779296875,73993.117696,0,1454,1689,2,0.20192793743248194,on perennial
5090806,5092606,45635,102.93291473388672,49.36708450317383,91449.18016,0,1288,3991,2,0.3804284860147866,on perennial
4935983,4934183,45635,94.1995849609375,51.626251220703125,116985.389056,0,1014,2933,2,0.47489918804087594,on perennial
5126810,5128610,45635,104.89958190917969,48.966251373291016,95606.784,0,1337,4230,1,0.16460784130897113,on intermittent
5187966,5186166,45635,108.16958618164062,53.35625076293945,78488.961024,0,805,4626,2,0.1917015541925287,on perennial
4507718,4507719,45635,70.4245834350586,38.092918395996094,73306.611712,0,2655,51,2,0.09183743765593642,on perennial
4507592,4507593,45635,70.39791870117188,50.7279167175293,52819.136512,0,1123,48,0,1.2835315057829,near water
4504051,4502251,45635,70.2004165649414,44.88458251953125,85834.637312,0,1832,24,1,0.329782670147752,on intermittent
4541885,4540085,45635,72.26708221435547,41.450416564941406,53934.751744,0,2248,274,2,0.2134648814521462,on perennial
4673109,4673110,45635,79.64208221435547,58.977081298828125,58790.54336,0,123,1168,1,0.4634167190729969,on intermittent
4590347,4590348,45635,74.99874877929688,55.24791717529297,55207.165952,0,576,605,0,0.514436564232769,near water
4754176,4752376,45635,84.07875061035156,52.30291748046875,113736.86784,0,932,1706,2,0.4401395680688881,on perennial
4750619,4748819,45635,83.89208221435547,48.03125,74713.522176,0,1450,1683,2,0.33571646343936895,on perennial
5092606,5094406,45635,103.00291442871094,49.354583740234375,92555.362304,0,1290,4000,2,0.16047799020157938,on perennial
4934183,4932384,45635,94.10041809082031,51.575416564941406,118132.957184,0,1021,2921,2,0.3385892599758221,on perennial
5128610,5130410,45635,104.99958038330078,48.97624969482422,96687.63648,0,1336,4242,1,0.27484138547171133,on intermittent
5186166,5184367,45635,108.10624694824219,53.29624938964844,78717.935616,0,812,4618,2,0.2505591699013764,on perennial
4507719,4505919,45635,70.38375091552734,38.06208419799805,74509.017088,0,2659,46,2,0.32923287255807804,on perennial
4507593,4505793,45635,70.39624786376953,50.64875030517578,53026.4064,0,1133,48,2,0.2737157261016155,on perennial
4502251,4500451,45635,70.0737533569336,44.89291763305664,85877.653504,0,1831,8,1,0.4220466613711372,on intermittent
4540085,4540086,45635,72.22958374023438,41.39875030517578,56922.963968,0,2254,270,0,1.111137769639064,near water
4673110,4674909,45635,79.74791717529297,59.0120849609375,59443.441664,0,119,1181,1,0.22895592233787246,on intermittent
4590348,4588548,45635,75.0129165649414,55.1995849609375,55879.184384,0,581,607,1,0.34443869521826,on intermittent
4752376,4750576,45635,83.95124816894531,52.33791732788086,113802.575872,0,928,1691,2,0.32878683608551224,on perennial
4748819,4748818,45635,83.8004150390625,48.06541442871094,74874.75712,0,1446,1672,2,0.20091418327826394,on perennial
4975528,4975527,45635,96.42791748046875,57.19874954223633,50261.553152,0,339,3203,2,0.0712021751732661,on perennial
5094406,5096206,45635,103.0995864868164,49.33208465576172,93912.825856,0,1293,4012,0,0.5143532007640377,near water
4932384,4930584,45635,93.99208068847656,51.55708312988281,124938.207232,0,1023,2908,2,0.23589625729070018,on perennial
5130410,5130409,45635,105.08625030517578,49.06291580200195,98710.3232,0,1325,4252,0,0.4189583392913369,near water
5184367,5182568,45635,108.00291442871094,53.172916412353516,79378.874368,0,827,4606,2,0.052734372289006765,on perennial
4505919,4504120,45635,70.31124877929688,37.9970817565918,74679.353344,0,2667,37,1,0.46961248876805084,on intermittent
4505793,4503994,45635,70.32875061035156,50.60041809082031,53581.389824,0,1139,39,1,0.24872946695203949,on intermittent
4500451,4500450,45635,70.03791809082031,44.96458435058594,85931.859968,0,1822,4,1,0.06659778995155827,on intermittent
4540086,4538287,45635,72.2004165649414,41.3245849609375,57087.442944,0,2263,266,2,0.2273895097154837,on perennial
4674909,4676709,45635,79.86958312988281,59.00374984741211,59538.7392,0,120,1196,2,0.2522615879904152,on perennial
4588548,4586748,45635,74.88874816894531,55.16791534423828,56137.863168,0,585,592,2,0.19418140707245551,on perennial
4750576,4748776,45635,83.9004135131836,52.346248626708984,114177.507328,0,927,1684,1,0.30566190943029536,on intermittent
4748818,4747019,45635,83.757080078125,48.077083587646484,74969.382912,0,1445,1667,2,0.2738070936015184,on perennial
4975527,4977327,45635,96.49958038330078,57.22041702270508,50400.391168,0,336,3212,2,0.43975023067971664,on perennial
5096206,5098006,45635,103.2129135131836,49.3337516784668,94012.137472,0,1292,4025,2,0.39299916755813785,on perennial
4930584,4928784,45635,93.88541412353516,51.56041717529297,125252.97664,0,1022,2895,0,0.5948292429949429,near water
5130409,5132208,45635,105.0995864868164,49.08625030517578,98924.961792,0,1322,4254,0,0.5699156222630583,near water
5182568,5182569,45635,107.93624877929688,53.102081298828125,79647.45728,0,836,4598,2,0.3681737186884949,on perennial
4504120,4502320,45635,70.19791412353516,37.936248779296875,74817.552384,0,2674,23,2,0.3673125210015181,on perennial
4503994,4503993,45635,70.26374816894531,50.59958267211914,53648.723968,0,1139,31,2,0.2780644437068489,on perennial
4538287,4540087,45635,72.20124816894531,41.26124954223633,57295.990784,0,2271,266,2,0.2524129964509639,on perennial
4676709,4678509,45635,79.9120864868164,59.01874923706055,59651.661824,0,118,1201,1,0.4035050386635674,on intermittent
4586748,4584949,45635,74.8004150390625,55.10124969482422,56270.442496,0,593,581,2,0.3273563057863741,on perennial
4748776,4746976,45635,83.77207946777344,52.36375045776367,114238.447616,0,925,1669,2,0.1311286517764943,on perennial
4747019,4745218,45635,83.70708465576172,48.10708236694336,80256.425984,0,1441,1661,2,0.06407361233095255,on perennial
4977327,4979127,45635,96.62791442871094,57.27541732788086,50456.608768,0,330,3227,2,0.23553603418033062,on perennial
5098006,5099806,45635,103.30791473388672,49.33041763305664,94419.31264,0,1293,4037,1,0.2256795227040143,on intermittent
4928784,4926983,45635,93.8004150390625,51.57791519165039,125579.083776,0,1020,2884,2,0.4000019257416156,on perennial
5132208,5134008,45635,105.1995849609375,49.16374969482422,99482.198016,0,1313,4266,1,0.07116307453051342,on intermittent
5182569,5180769,45635,107.88375091552734,53.04375076293945,86416.408576,0,843,4591,2,0.39037053809741673,on perennial
4502320,4502321,45635,70.17874908447266,37.90041732788086,75573.886976,0,2678,21,2,0.2488404047609827,on perennial
4503993,4502193,45635,70.12958526611328,50.62291717529297,53713.350656,0,1136,15,1,0.16093324227222594,on intermittent
4540087,4538288,45635,72.13541412353516,41.16291809082031,57458.614272,0,2283,258,1,0.3070336699403505,on intermittent
4678509,4678510,45635,79.9487533569336,58.998748779296875,59718.672384,0,121,1205,1,0.2303305568608686,on intermittent
4584949,4583149,45635,74.6762466430664,55.08208465576172,56459.595776,0,596,566,2,0.3939818339091173,on perennial
4746976,4745175,45635,83.68458557128906,52.402915954589844,136901.328896,0,920,1658,2,0.3548959263890951,on perennial
4745218,4743418,45635,83.60041809082031,48.133750915527344,80659.955712,0,1438,1648,2,0.1545334275705621,on perennial
4979127,4980926,45635,96.67874908447266,57.31291580200195,50512.265216,0,325,3233,2,0.23758118573443499,on perennial
5099806,5101606,45635,103.39958190917969,49.3345832824707,94501.240832,0,1292,4048,2,0.25784814857546196,on perennial
4926983,4926984,45635,93.75958251953125,51.58541488647461,125740.040192,0,1019,2879,2,0.4855972670254188,on perennial
5134008,5135808,45635,105.30458068847656,49.118751525878906,99591.692288,0,1318,4279,0,0.6469687922105226,near water
5180769,5178969,45635,107.8004150390625,53.01625061035156,86647.160832,0,846,4581,2,0.2038289407209412,on perennial
4502321,4504121,45635,70.20958709716797,37.83958435058594,75664.678912,0,2686,25,2,0.3635096288486763,on perennial
4502193,4500393,45635,70.05708312988281,50.62958526611328,53893.378048,0,1135,6,1,0.3731563613486841,on intermittent
4538288,4536488,45635,72.10041809082031,41.1470832824707,57613.348864,0,2285,254,2,0.2813000938573068,on perennial
4678510,4680310,45635,79.99958038330078,58.99958419799805,59956.57216,0,121,1212,0,0.3465301567970084,near water
4583149,4581349,45635,74.60041809082031,55.0595817565918,57826.934784,0,598,557,2,0.31761867352965695,on perennial
4745175,4743375,45635,83.6570816040039,52.49958419799805,136998.42048,0,909,1655,2,0.333402667057455,on perennial
4743418,4743417,45635,83.53375244140625,48.1995849609375,81360.896,0,1430,1640,2,0.13734604307795165,on perennial
4980926,4979126,45635,96.70208740234375,57.36541748046875,50608.021504,0,319,3236,2,0.15487203214954368,on perennial
5101606,5103406,45635,103.49958038330078,49.35708236694336,94667.005952,0,1290,4060,0,0.7533253762381398,near water
4926984,4925184,45635,93.65875244140625,51.58708190917969,125820.788736,0,1019,2867,2,0.2616012091626336,on perennial
5078144,5078143,45635,102.15458679199219,55.59958267211914,69293.686784,0,533,3897,2,0.1073164439320099,on perennial
5135808,5137607,45635,105.40625,49.20124816894531,100904.763392,0,1308,4291,0,0.8072388127278671,near water
5178969,5178970,45635,107.75458526611328,52.979583740234375,86922.027008,0,850,4576,2,0.4339891379321438,on perennial
4504121,4504122,45635,70.27625274658203,37.79708480834961,76282.535936,0,2691,33,2,0.21818563509113362,on perennial
4500393,4498594,45635,70.01541900634766,50.60041809082031,54032.703488,0,1139,1,1,0.258518927952041,on intermittent
4536488,4532890,45635,71.99791717529297,41.05208206176758,57818.247168,0,2296,242,1,0.3021622851812606,on intermittent
4680310,4682109,45635,80.10208129882812,58.97458267211914,60058.112,0,124,1224,1,0.1899012563778972,on intermittent
4581349,4579549,45635,74.49124908447266,55.068748474121094,57890.209792,0,597,544,2,0.21598433394990918,on perennial
4779343,4777542,45635,85.50041961669922,55.69791793823242,50168.066048,0,521,1878,2,0.17812794104360766,on perennial
4743375,4745174,45635,83.63958740234375,52.536251068115234,137143.37792,0,904,1653,2,0.21731121487635643,on perennial
4743417,4741617,45635,83.49124908447266,48.2620849609375,81414.004736,0,1422,1635,2,0.2816516945573446,on perennial
4979126,4977326,45635,96.60041809082031,57.3970832824707,50752.049152,0,315,3224,2,0.10237187705427386,on perennial
5103406,5105206,45635,103.6129150390625,49.382083892822266,94826.266624,0,1287,4074,0,0.6464806082728998,near water
4925184,4923384,45635,93.5495834350586,51.568748474121094,126500.08576,0,1021,2854,2,0.43106017835200056,on perennial
5078143,5076343,45635,102.09625244140625,55.616249084472656,69464.948736,0,531,3890,2,0.1271633131205103,on perennial
5137607,5139407,45635,105.49958038330078,49.286251068115234,102306.922496,0,1298,4302,2,0.31292214677291724,on perennial
5178970,5177170,45635,107.68291473388672,52.938751220703125,89334.366208,0,855,4567,2,0.38156283866369767,on perennial
4504122,4505922,45635,70.2995834350586,37.735416412353516,76498.354176,0,2698,36,2,0.2565289391806896,on perennial
4532890,4531091,45635,71.77375030517578,40.92124938964844,57908.707328,0,2312,215,1,0.3534689463965341,on intermittent
4682109,4682110,45635,80.12041473388672,58.944583892822266,60368.666624,0,127,1226,2,0.40691580616568507,on perennial
4579549,4577749,45635,74.3862533569336,55.061248779296875,57960.501248,0,598,531,2,0.15292801330203196,on perennial
4777542,4775743,45635,85.34041595458984,55.680416107177734,50238.73024,0,523,1859,2,0.08391452408419312,on perennial
4745174,4745173,45635,83.6379165649414,52.610416412353516,137266.028544,0,895,1653,2,0.3010368381702321,on perennial
4741617,4743416,45635,83.51625061035156,48.311248779296875,107121.70496,0,1416,1638,2,0.3092051514199219,on perennial
4977326,4975525,45635,96.50041961669922,57.38041687011719,50805.485568,0,317,3212,2,0.16380514876595634,on perennial
5105206,5107005,45635,103.67958068847656,49.39958190917969,137964.290048,0,1284,4082,2,0.37389162067487197,on perennial
4923384,4921584,45635,93.50041961669922,51.563751220703125,126581.194752,0,1022,2848,2,0.07228901620710983,on perennial
5076343,5074543,45635,101.9879150390625,55.62874984741211,69669.756928,0,529,3877,2,0.33257925658726323,on perennial
5139407,5141206,45635,105.53458404541016,49.325416564941406,102397.435904,0,1293,4307,0,0.5601583117139795,near water
5177170,5175370,45635,107.60041809082031,52.917083740234375,90290.3808,0,858,4557,2,0.07707118599172923,on perennial
4505922,4504123,45635,70.30458068847656,37.69541549682617,76832.768,0,2703,36,2,0.3141180923895611,on perennial
4500395,4498595,45635,70.00208282470703,50.457916259765625,54336.974848,0,1156,0,2,0.17962440187568968,on perennial
4531091,4529291,45635,71.70957946777344,40.89125061035156,83289.726976,0,2316,207,1,0.3271281496918309,on intermittent
4682110,4683910,45635,80.1995849609375,58.94124984741211,60874.19904,0,128,1236,1,0.17656964800017824,on intermittent
4577749,4575949,45635,74.2995834350586,55.08958435058594,58282.614784,0,595,521,2,0.3261047329329291,on perennial
4775743,4773943,45635,85.28375244140625,55.653751373291016,50304.925696,0,526,1852,2,0.29437778042063123,on perennial
4745173,4745172,45635,83.6504135131836,52.6995849609375,137388.736512,0,884,1654,2,0.36967415285733235,on perennial
4743416,4745216,45635,83.60791778564453,48.3529167175293,107194.5728,0,1411,1649,2,0.24786340343409943,on perennial
4788313,4786514,45635,86.00041961669922,58.60791778564453,54151.962624,0,168,1939,2,0.2192250211195723,on perennial
4975525,4975526,45635,96.46458435058594,57.38541793823242,50883.842048,0,316,3207,2,0.41729352903375394,on perennial
5107005,5108805,45635,103.80458068847656,49.44541549682617,138357.915648,0,1279,4097,2,0.14426536547491356,on perennial
4921584,4919784,45635,93.3687515258789,51.57291793823242,126631.15776,0,1021,2832,2,0.054183385760463554,on perennial
5074543,5072743,45635,101.9004135131836,55.66958236694336,69902.082048,0,524,3866,2,0.38291713959603463,on perennial
5141206,5139406,45635,105.54042053222656,49.352081298828125,102577.143808,0,1290,4307,1,0.2943570430555909,on intermittent
5175370,5173571,45635,107.47541809082031,52.89291763305664,90573.062144,0,861,4542,2,0.03537623150976208,on perennial
4504123,4504124,45635,70.22291564941406,37.58791732788086,78580.350976,0,2716,27,1,0.3647584408297528,on intermittent
4529291,4527491,45635,71.59041595458984,40.8870849609375,83713.523712,0,2316,192,2,0.2769596500802555,on perennial
4683910,4685710,45635,80.34208679199219,58.94791793823242,60924.207104,0,127,1253,1,0.046870558824593,on intermittent
4575949,4574149,45635,74.16374969482422,55.05875015258789,60736.090112,0,598,504,0,0.5246005094179305,near water
4773943,4772143,45635,85.2004165649414,55.6662483215332,50430.152704,0,525,1842,2,0.18097810539945883,on perennial
4745172,4745171,45635,83.67791748046875,52.799583435058594,142389.133312,0,872,1657,2,0.3487759143664507,on perennial
4745216,4745215,45635,83.58541870117188,48.407081604003906,110224.949248,0,1405,1646,2,0.3035602164951402,on perennial
4786514,4786513,45635,85.92791748046875,58.623748779296875,54325.424128,0,166,1930,2,0.301456526575486,on perennial
4975526,4973726,45635,96.36042022705078,57.36708450317383,50977.533952,0,319,3195,2,0.36050378890443224,on perennial
5108805,5110605,45635,103.94125366210938,49.471248626708984,138642.096128,0,1276,4114,1,0.35917764654269413,on intermittent
4919784,4917984,45635,93.30208587646484,51.594581604003906,127073.656832,0,1018,2824,2,0.3106236478621912,on perennial
5072743,5072742,45635,101.81041717529297,55.73625183105469,70498.59072,0,516,3855,2,0.3322735747274564,on perennial
5139406,5139405,45635,105.5879135131836,49.401248931884766,102670.680064,0,1284,4313,1,0.2123349836829662,on intermittent
5173571,5171771,45635,107.39624786376953,52.881248474121094,90836.713472,0,862,4532,2,0.40592208505862115,on perennial
4504124,4502324,45635,70.17874908447266,37.57041549682617,78716.010496,0,2718,21,2,0.2492797438945124,on perennial
4527491,4525691,45635,71.50041961669922,40.87125015258789,97679.171584,0,2318,181,2,0.28492214727036236,on perennial
4685710,4687510,45635,80.39791870117188,58.972084045410156,61739.974656,0,124,1260,1,0.11187283368632513,on intermittent
4574149,4572350,45635,74.10041809082031,55.039581298828125,60823.646208,0,601,497,1,0.3329959952411138,on intermittent
4772143,4770342,45635,85.08625030517578,55.70124816894531,50495.717376,0,521,1828,2,0.40900290676595535,on perennial
4745171,4745170,45635,83.62541961669922,52.963748931884766,161794.490368,0,852,1651,2,0.3495118060649425,on perennial
4745215,4743415,45635,83.52958679199219,48.430416107177734,110408.654848,0,1402,1639,2,0.29732609978528535,on perennial
4786513,4784714,45635,85.82958221435547,58.556251525878906,54556.872704,0,174,1918,0,1.3805438626224085,near water
4973726,4971925,45635,96.3004150390625,57.37958526611328,51069.935616,0,317,3187,2,0.2416459893525758,on perennial
5110605,5112405,45635,104.0129165649414,49.48041534423828,138909.319168,0,1275,4122,2,0.40158488102038176,on perennial
4917984,4916184,45635,93.2004165649414,51.57791519165039,127342.75584,0,1020,2812,2,0.3786073547792827,on perennial
5072742,5070941,45635,101.79125213623047,55.825416564941406,70567.174144,0,506,3853,2,0.4494676620777431,on perennial
5139405,5141205,45635,105.6129150390625,49.42791748046875,102778.011648,0,1281,4316,1,0.13348173464054663,on intermittent
5171771,5169971,45635,107.28874969482422,52.85874938964844,91203.46112,0,865,4519,2,0.21616648381406856,on perennial
4502324,4500524,45635,70.10041809082031,37.53291702270508,78987.616256,0,2723,12,2,0.31093488312492285,on perennial
4525691,4523891,45635,71.35458374023438,40.89125061035156,98006.228992,0,2316,164,2,0.33972203695764636,on perennial
4687510,4689310,45635,80.51625061035156,58.99208450317383,61818.073088,0,122,1274,2,0.3153468678316587,on perennial
4572350,4572349,45635,74.06625366210938,55.03708267211914,60972.982272,0,601,492,2,0.2082779393556172,on perennial
4770342,4768542,45635,84.9437484741211,55.74208450317383,51170.127872,0,516,1811,2,0.3637809713426337,on perennial
4745170,4745169,45635,83.6362533569336,52.99958419799805,161888.862208,0,848,1652,2,0.21182998768837638,on perennial
4743415,4741615,45635,83.49874877929688,48.460418701171875,110511.972352,0,1398,1636,2,0.2793195343391874,on perennial
4784714,4782914,45635,85.8004150390625,58.55708312988281,57386.651648,0,174,1915,1,0.3928657377182717,on intermittent
4971925,4968325,45635,96.12958526611328,57.45541763305664,51466.870784,0,308,3167,2,0.1496697244474866,on perennial
5112405,5114205,45635,104.0995864868164,49.46041488647461,139379.441664,0,1277,4133,1,0.13135687917595373,on intermittent
4916184,4914384,45635,93.10041809082031,51.588748931884766,128070.148096,0,1019,2800,2,0.25948494974819697,on perennial
5070941,5072741,45635,101.80708312988281,55.87708282470703,71609.106432,0,499,3855,2,0.23238965623010882,on perennial
5141205,5141204,45635,105.64791870117188,49.52708435058594,103143.391232,0,1269,4320,1,0.2785366746881058,on intermittent
5169971,5168171,45635,107.2004165649414,52.83374786376953,91502.272512,0,868,4509,2,0.2349538916461438,on perennial
4500524,4498724,45635,70.00041961669922,37.55791473388672,79298.494464,0,2720,0,2,0.3976534079995379,on perennial
4523891,4522091,45635,71.28375244140625,40.873748779296875,98570.248192,0,2318,155,2,0.16964028622423014,on perennial
4689310,4692909,45635,80.66958618164062,59.00958251953125,61891.321856,0,120,1293,1,0.42479040363268616,on intermittent
4572349,4570549,45635,73.95124816894531,55.027915954589844,61048.270848,0,602,478,2,0.28221246304644604,on perennial
4768542,4766741,45635,84.91542053222656,55.799583435058594,51387.383808,0,509,1807,2,0.3966457141837332,on perennial
4745169,4746969,45635,83.70791625976562,53.088748931884766,162021.556224,0,837,1661,2,0.21171777946970516,on perennial
4741615,4741614,45635,83.46541595458984,48.49958419799805,110848.147456,0,1393,1632,2,0.49165512027911656,on perennial
4782914,4781114,45635,85.69625091552734,58.563751220703125,57446.506496,0,174,1902,2,0.3771700974579759,on perennial
4968325,4966526,45635,96.0129165649414,57.40041732788086,51574.386688,0,315,3153,2,0.42065786183061893,on perennial
5114205,5116005,45635,104.24124908447266,49.446250915527344,139898.028032,0,1279,4150,1,0.23794847050287435,on intermittent
4914384,4914383,45635,92.99708557128906,51.58791732788086,128131.915776,0,1019,2787,2,0.13507287803108473,on perennial
5072741,5072740,45635,101.84708404541016,55.91958236694336,71779.7376,0,494,3860,2,0.15472510773126547,on perennial
5141204,5143004,45635,105.72541809082031,49.556251525878906,103279.566848,0,1265,4330,1,0.3850827771974754,on intermittent
5168171,5166371,45635,107.12541961669922,52.8004150390625,92182.9376,0,872,4500,2,0.2973306938386777,on perennial
4522091,4520291,45635,71.2004165649414,40.85124969482422,99140.468736,0,2321,145,2,0.4030633942342938,on perennial
4692909,4691109,45635,80.7004165649414,59.092918395996094,62221.98784,0,109,1297,1,0.4700873685556623,on intermittent
4570549,4568749,45635,73.9004135131836,55.0404167175293,61149.53216,0,601,472,2,0.34296702372571547,on perennial
4766741,4768541,45635,84.93541717529297,55.844581604003906,51472.859136,0,503,1810,2,0.18745197291739457,on perennial
4746969,4748768,45635,83.77874755859375,53.13541793823242,162198.421504,0,832,1670,2,0.43823560440941606,on perennial
4741614,4741613,45635,83.4695816040039,48.60625076293945,114964.72576,0,1381,1632,2,0.417150266431133,on perennial
4781114,4779313,45635,85.59208679199219,58.588748931884766,57569.759232,0,171,1889,2,0.4567880614342193,on perennial
4966526,4964726,45635,95.9004135131836,57.360416412353516,52139.58144,0,319,3139,2,0.4133043403652749,on perennial
5116005,5117804,45635,104.36958312988281,49.539581298828125,140895.338496,0,1267,4166,0,0.4974569596478237,near water
4914383,4912584,45635,92.93958282470703,51.57791519165039,128222.101504,0,1020,2780,2,0.3306330883817066,on perennial
5072740,5074539,45635,101.89291381835938,55.99625015258789,72159.404032,0,485,3865,2,0.23996285498390252,on perennial
5143004,5144803,45635,105.81625366210938,49.60708236694336,103415.259136,0,1259,4341,0,0.5616370895544327,near water
5166371,5166372,45635,107.04792022705078,52.778751373291016,93927.473152,0,875,4490,2,0.20073552237720554,on perennial
4520291,4518491,45635,71.07208251953125,40.847084045410156,100496.326656,0,2321,129,2,0.3176026015586408,on perennial
4691109,4691108,45635,80.62124633789062,59.153751373291016,62468.612096,0,102,1287,2,0.07805942037421301,on perennial
4568749,4566949,45635,73.79875183105469,55.03541564941406,61638.51264,0,601,460,2,0.24681701560778163,on perennial
4768541,4770340,45635,84.99958038330078,55.87708282470703,51587.710976,0,499,1818,2,0.29602508075337963,on perennial
4748768,4746968,45635,83.8004150390625,53.14958190917969,164135.583744,0,830,1672,1,0.20330498431280244,on intermittent
4741613,4741612,45635,83.43624877929688,48.70624923706055,121271.05024,0,1368,1628,2,0.4115133564776494,on perennial
4779313,4777513,45635,85.49708557128906,58.594581604003906,57633.169408,0,170,1878,1,0.13776115293956007,on intermittent
4964726,4962926,45635,95.80374908447266,57.39041519165039,52261.19168,0,316,3127,2,0.20480022747810636,on perennial
5117804,5117803,45635,104.39958190917969,49.5595817565918,141117.259776,0,1265,4169,1,0.08718395860058525,on intermittent
4912584,4910784,45635,92.88958740234375,51.569583892822266,128762.380288,0,1021,2774,2,0.33816614009100354,on perennial
5144803,5146602,45635,105.89958190917969,49.69874954223633,118748.291072,0,1248,4351,2,0.12690824025033648,on perennial
5166372,5164572,45635,107.00041961669922,52.75458526611328,94183.79264,0,878,4484,2,0.33100893205681303,on perennial
4518491,4516691,45635,71.06124877929688,40.784584045410156,100702.12608,0,2329,128,1,0.3423653136852798,on intermittent
4566949,4565150,45635,73.68875122070312,55.036251068115234,62216.552448,0,601,447,2,0.2509183318984006,on perennial
4770340,4768540,45635,84.9887466430664,55.94291687011719,51658.5472,0,491,1816,2,0.29485015597231934,on perennial
4746968,4746967,45635,83.7804183959961,53.22041702270508,165021.696,0,821,1670,1,0.258323577504083,on intermittent
4741612,4741611,45635,83.44541931152344,48.799583435058594,121401.024512,0,1357,1629,2,0.18929606976653027,on perennial
4777513,4775714,45635,85.4004135131836,58.604583740234375,57670.590464,0,169,1866,2,0.34492530380119135,on perennial
4962926,4962925,45635,95.7804183959961,57.407081604003906,52378.906624,0,314,3124,2,0.27372676382340405,on perennial
5117803,5119604,45635,104.44791412353516,49.57041549682617,141386.366976,0,1264,4175,1,0.28250483683897654,on intermittent
4910784,4908984,45635,92.76541900634766,51.57291793823242,128963.739648,0,1021,2759,2,0.04532254798746951,on perennial
5146602,5148402,45635,106.01041412353516,49.74625015258789,118828.187648,0,1242,4364,1,0.42021554275644024,on intermittent
5164572,5162773,45635,106.91874694824219,52.69874954223633,94977.712128,0,885,4474,2,0.5361870635202597,on perennial
4516691,4516692,45635,70.95124816894531,40.786251068115234,100939.431936,0,2328,115,2,0.4256031105300746,on perennial
4565150,4565149,45635,73.62458038330078,55.033748626708984,62294.605824,0,601,439,0,0.6182448926337327,near water
4768540,4766739,45635,84.9070816040039,56.014583587646484,53292.167168,0,483,1806,2,0.4405273236755071,on perennial
4746967,4748766,45635,83.78375244140625,53.299583435058594,165164.97408,0,812,1670,2,0.3326990288792491,on perennial
4741611,4743410,45635,83.49958038330078,48.88458251953125,123094.228992,0,1347,1636,2,0.19754117657267325,on perennial
4775714,4773914,45635,85.25375366210938,58.56458282470703,57703.69024,0,173,1848,1,0.4962871525169431,on intermittent
4962925,4961125,45635,95.69541931152344,57.450416564941406,52568.793088,0,309,3114,2,0.4242733149400297,on perennial
5119604,5121403,45635,104.49124908447266,49.59958267211914,141596.966912,0,1260,4180,2,0.2099582850192886,on perennial
4908984,4908983,45635,92.7004165649414,51.568748474121094,130895.896576,0,1021,2751,1,0.43267259508981804,on intermittent
5148402,5148401,45635,106.06708526611328,49.799583435058594,118983.835648,0,1236,4371,2,0.17711905050556467,on perennial
5162773,5160973,45635,106.8004150390625,52.64458465576172,95640.076288,0,891,4460,2,0.10576093542211029,on perennial
4516692,4514892,45635,70.89375305175781,40.73875045776367,101678.563328,0,2334,108,2,0.21445677450177253,on perennial
4565149,4563349,45635,73.60041809082031,55.034584045410156,62393.073664,0,601,436,1,0.34112635454949025,on intermittent
4766739,4768539,45635,84.89958190917969,56.06624984741211,53650.878464,0,476,1806,2,0.3849516067788139,on perennial
4748766,4746965,45635,83.8004150390625,53.39958190917969,173265.764352,0,800,1672,2,0.43926465539890325,on perennial
4743410,4743409,45635,83.5995864868164,48.952083587646484,123234.95936,0,1339,1648,2,0.33132228496275823,on perennial
4773914,4772114,45635,85.1754150390625,58.528751373291016,58403.950592,0,178,1839,2,0.15535783796990346,on perennial
4961125,4959326,45635,95.60041809082031,57.405418395996094,52679.757824,0,314,3103,2,0.20712451336648371,on perennial
5121403,5123203,45635,104.60208129882812,49.64958190917969,141821.804544,0,1254,4194,1,0.2032584424570156,on intermittent
4908983,4907184,45635,92.65208435058594,51.592918395996094,131286.892544,0,1019,2745,2,0.4380243907246169,on perennial
5148401,5150201,45635,106.14041900634766,49.867916107177734,119054.098432,0,1228,4380,1,0.35064417945572346,on intermittent
5160973,5159173,45635,106.73041534423828,52.60041809082031,96982.310912,0,896,4452,2,0.4257268229189944,on perennial
4514892,4513092,45635,70.80208587646484,40.721248626708984,109266.092032,0,2336,97,2,0.3500019250066079,on perennial
4563349,4561549,45635,73.50041961669922,55.01625061035156,62518.587392,0,604,424,1,0.39078170118421046,on intermittent
4768539,4768538,45635,84.96875,56.09958267211914,54609.739776,0,472,1814,2,0.26060787940930014,on perennial
4746965,4745165,45635,83.65458679199219,53.43291473388672,174119.780352,0,796,1655,1,0.49923339772498393,on intermittent
4743409,4745210,45635,83.65125274658203,48.95541763305664,123881.2672,0,1338,1654,2,0.24798467748396713,on perennial
4772114,4770315,45635,85.05208587646484,58.45375061035156,67127.513088,0,187,1824,1,0.06960201806327539,on intermittent
4959326,4957526,45635,95.48458099365234,57.39291763305664,52713.189376,0,316,3089,2,0.5037431961662425,on perennial
5123203,5125003,45635,104.69791412353516,49.681251525878906,142072.250368,0,1250,4205,2,0.29853729008569296,on perennial
4907184,4905384,45635,92.60041809082031,51.592918395996094,131386.343424,0,1019,2739,1,0.42298632028825944,on intermittent
5150201,5150200,45635,106.14125061035156,49.909584045410156,122020.601856,0,1223,4380,1,0.4136542556817702,on intermittent
5159173,5159174,45635,106.6754150390625,52.55125045776367,97300.84864,0,902,4445,2,0.3474442704791256,on perennial
4513092,4514893,45635,70.76625061035156,40.69791793823242,109564.911616,0,2339,92,1,0.2957121407537801,on intermittent
4561549,4559750,45635,73.36958312988281,54.98125076293945,62590.222336,0,608,408,2,0.1568369598738752,on perennial
4768538,4766738,45635,84.90125274658203,56.1662483215332,54724.071424,0,464,1806,2,0.23299587339909228,on perennial
4745165,4743365,45635,83.60041809082031,53.41958236694336,175172.911104,0,797,1648,2,0.11755122507119702,on perennial
4745210,4747010,45635,83.6995849609375,48.9779167175293,123980.546048,0,1336,1660,2,0.4506711875550409,on perennial
4770315,4768515,45635,85.00041961669922,58.469581604003906,67340.771328,0,185,1818,2,0.12833282093907494,on perennial
4957526,4955726,45635,95.41791534423828,57.39958190917969,53953.49504,0,315,3080,2,0.3552514734511946,on perennial
5125003,5126803,45635,104.7995834350586,49.686248779296875,142735.261696,0,1250,4218,1,0.3872896352168114,on intermittent
4905384,4905383,45635,92.54374694824219,51.59958267211914,131581.779968,0,1018,2732,1,0.24921272716700515,on intermittent
5150200,5148399,45635,106.12875366210938,49.99958419799805,132937.752576,0,1212,4379,0,0.5316472757915714,near water
5159174,5157374,45635,106.60041809082031,52.528751373291016,98338.619392,0,905,4436,2,0.10827508976151297,on perennial
4514893,4513093,45635,70.73041534423828,40.6845817565918,110049.869824,0,2341,88,2,0.21895474602878348,on perennial
4766738,4766737,45635,84.86541748046875,56.1995849609375,55488.126976,0,460,1801,2,0.23663361917342865,on perennial
4743365,4741565,45635,83.50041961669922,53.428749084472656,175295.381504,0,796,1636,2,0.04878561547205737,on perennial
4747010,4747009,45635,83.7562484741211,48.99958419799805,124066.799616,0,1333,1667,2,0.11603882343428652,on perennial
4768515,4766715,45635,84.85791778564453,58.45458221435547,67379.195904,0,187,1800,2,0.27375305713262554,on perennial
4955726,4957525,45635,95.43458557128906,57.44041442871094,54025.44128,0,310,3082,2,0.3280303025998773,on perennial
5126803,5126802,45635,104.85708618164062,49.71041488647461,143234.465792,0,1247,4225,2,0.3475041649345259,on perennial
4905383,4903583,45635,92.48625183105469,51.60958480834961,131640.901632,0,1017,2725,1,0.44445519776135634,on intermittent
5148399,5150199,45635,106.10791778564453,50.034584045410156,132984.75008,0,1207,4376,1,0.4140330833899978,on intermittent
5157374,5157375,45635,106.50041961669922,52.50208282470703,98522.324992,0,908,4424,2,0.3312395341269466,on perennial
4513093,4511293,45635,70.7004165649414,40.659584045410156,113885.241344,0,2344,84,2,0.3364604825306572,on perennial
4766737,4768537,45635,84.93791961669922,56.25541687011719,55547.731968,0,453,1810,2,0.365580421509899,on perennial
4741565,4739765,45635,83.36624908447266,53.42958450317383,175346.581504,0,796,1620,2,0.2062219403620704,on perennial
4747009,4748810,45635,83.80958557128906,49.028751373291016,124221.046784,0,1329,1673,2,0.39609421183746557,on perennial
4766715,4764915,45635,84.74791717529297,58.444583892822266,67417.575424,0,188,1787,1,0.06874301258017522,on intermittent
4957525,4957524,45635,95.49874877929688,57.49958419799805,54131.79392,0,303,3090,2,0.40503601698362296,on perennial
5126802,5128602,45635,104.89125061035156,49.702083587646484,143291.43296,0,1248,4229,0,0.5043714870664614,near water
4903583,4901783,45635,92.4004135131836,51.655418395996094,133462.908928,0,1011,2715,1,0.17291000174364674,on intermittent
5150199,5150198,45635,106.14541625976562,50.10874938964844,133170.634752,0,1198,4381,2,0.426661459882493,on perennial
5157375,5155575,45635,106.45458221435547,52.492916107177734,98749.677568,0,909,4418,2,0.433173564561696,on perennial
4511293,4509494,45635,70.617919921875,40.598751068115234,115008.364544,0,2351,74,2,0.3173737311074047,on perennial
4768537,4768536,45635,84.93291473388672,56.325416564941406,55934.291968,0,445,1810,2,0.24510746405152883,on perennial
4739765,4737965,45635,83.3004150390625,53.452083587646484,175496.593408,0,793,1612,1,0.24814456947637226,on intermittent
4748810,4748809,45635,83.85541534423828,49.026248931884766,124303.122432,0,1330,1679,2,0.32131978868438194,on perennial
4764915,4763115,45635,84.66542053222656,58.4345817565918,67822.948352,0,189,1777,1,0.23520771062173676,on intermittent
4957524,4959324,45635,95.49458312988281,57.55125045776367,54274.142208,0,296,3090,2,0.31623960245455196,on perennial
5128602,5130402,45635,105.0129165649414,49.7529182434082,144066.527232,0,1242,4243,2,0.4894277802883376,on perennial
4901783,4901782,45635,92.35708618164062,51.6995849609375,133568.06144,0,1006,2709,2,0.4391127279423564,on perennial
5150198,5150197,45635,106.17958068847656,50.21041488647461,133456.232448,0,1186,4385,1,0.12079992361231592,on intermittent
5155575,5153775,45635,106.37458038330078,52.4779167175293,98975.064064,0,911,4409,2,0.3554379892092152,on perennial
4509494,4505895,45635,70.50041961669922,40.526248931884766,117323.317248,0,2360,60,2,0.11705535350111028,on perennial
4768536,4768535,45635,84.95958709716797,56.39958190917969,56180.10112,0,436,1813,1,0.1352149114477205,on intermittent
4737965,4737964,45635,83.25458526611328,53.49958419799805,178032.2304,0,787,1606,2,0.3988093965795981,on perennial
4748809,4750609,45635,83.92375183105469,49.032081604003906,124643.00032,0,1329,1687,2,0.14594443253950634,on perennial
4869327,4867527,45635,90.50541687011719,57.25458526611328,51328.3072,0,332,2485,1,0.25461959661392325,on intermittent
4763115,4763116,45635,84.60124969482422,58.41041564941406,67888.263168,0,192,1769,2,0.2331707496456184,on perennial
4959324,4959323,45635,95.54291534423828,57.617916107177734,54369.431552,0,288,3096,0,0.37086084778439193,near water
5130402,5132202,45635,105.0995864868164,49.758750915527344,144336.97792,0,1241,4254,2,0.12522683072919685,on perennial
4901782,4899982,45635,92.29208374023438,51.70541763305664,133595.357184,0,1005,2702,1,0.25945266855467286,on intermittent
5153775,5151975,45635,106.29708099365234,52.45874786376953,99192.4224,0,914,4399,2,0.3838446681505327,on perennial
4505895,4504096,45635,70.22958374023438,40.342918395996094,120628.133888,0,2382,27,1,0.28095193958215176,on intermittent
4768535,4768534,45635,84.9070816040039,56.57041549682617,57631.371264,0,415,1806,2,0.2845493548142588,on perennial
4737964,4736164,45635,83.2004165649414,53.507083892822266,178391.924736,0,787,1600,2,0.5039172411336911,on perennial
4750609,4752409,45635,83.99958038330078,49.069583892822266,124899.434496,0,1324,1696,2,0.44416396191533797,on perennial
4867527,4867526,45635,90.49958038330078,57.29624938964844,51438.583808,0,327,2484,2,0.2554530674064313,on perennial
4763116,4761315,45635,84.52958679199219,58.4254150390625,69479.202816,0,190,1761,1,0.36698722609975265,on intermittent
4959323,4957522,45635,95.5737533569336,57.67958450317383,54438.125568,0,281,3099,2,0.27705357255858304,on perennial
5132202,5132201,45635,105.17708587646484,49.81458282470703,144468.803584,0,1234,4263,1,0.24664457253698563,on intermittent
4899982,4898182,45635,92.2004165649414,51.729583740234375,133840.73216,0,1002,2690,2,0.2621601919791202,on perennial
5151975,5150175,45635,106.2004165649414,52.417083740234375,99667.050496,0,919,4387,2,0.40734743471628204,on perennial
4504096,4502296,45635,70.1937484741211,40.319583892822266,121714.384896,0,2385,23,2,0.011660181898688598,on perennial
4768534,4766734,45635,84.84625244140625,56.59375,58590.88384,0,412,1799,2,0.34825201790648175,on perennial
4736164,4734365,45635,83.12374877929688,53.50041580200195,202285.744128,0,787,1590,2,0.3323873251008144,on perennial
4752409,4754208,45635,84.0995864868164,49.088748931884766,125148.831744,0,1322,1709,2,0.2845274363449219,on perennial
4867526,4865726,45635,90.35292053222656,57.32291793823242,51548.090368,0,324,2467,1,0.23745316550900714,on intermittent
4761315,4759515,45635,84.50041961669922,58.4495849609375,70118.842368,0,187,1757,1,0.39829903521496474,on intermittent
5132201,5134001,45635,105.20458221435547,49.82875061035156,144756.850688,0,1232,4267,1,0.3843742472821488,on intermittent
4898182,4898181,45635,92.1362533569336,51.80291748046875,161202.733056,0,993,2683,1,0.1966814777573435,on intermittent
5150175,5150176,45635,106.13375091552734,52.39458465576172,101636.210688,0,921,4379,2,0.390345413717105,on perennial
4502296,4500497,45635,70.10041809082031,40.30125045776367,123170.471936,0,2387,12,2,0.3100665404146959,on perennial
4766734,4764933,45635,84.8004150390625,56.592918395996094,59197.6448,0,412,1793,2,0.5047088960422617,on perennial
4734365,4732565,45635,82.9937515258789,53.45458221435547,202361.946112,0,793,1575,2,0.29304077328075984,on perennial
4754208,4756009,45635,84.2004165649414,49.12125015258789,125279.289344,0,1318,1721,2,0.18962090651795013,on perennial
4865726,4863926,45635,90.28791809082031,57.33374786376953,51629.191168,0,323,2459,1,0.3414021181165918,on intermittent
4759515,4757715,45635,84.33457946777344,58.47458267211914,70192.545792,0,184,1737,2,0.36628361331353226,on perennial
5134001,5135801,45635,105.2995834350586,49.841251373291016,145178.738688,0,1231,4278,2,0.18817767126246243,on perennial
4898181,4896381,45635,92.10041809082031,51.85041809082031,161839.67744,0,987,2678,2,0.3569339859907993,on perennial
5150176,5148376,45635,106.10041809082031,52.36541748046875,101811.65056,0,925,4375,2,0.19385850761192547,on perennial
4500497,4498698,45635,70.00041961669922,40.282081604003906,123379.171328,0,2390,0,2,0.518337768324984,on perennial
4764933,4763132,45635,84.7004165649414,56.69041442871094,59855.745024,0,401,1781,2,0.3615305454248957,on perennial
4732565,4730765,45635,82.9004135131836,53.44124984741211,202644.340736,0,795,1563,2,0.4698469878416927,on perennial
4756009,4756008,45635,84.2562484741211,49.151248931884766,125373.571072,0,1315,1728,2,0.5383047735028071,on perennial
4863926,4862125,45635,90.1754150390625,57.4162483215332,52332.183552,0,313,2445,1,0.2917103024960371,on intermittent
4757715,4755915,45635,84.3004150390625,58.44291687011719,70287.171584,0,188,1733,2,0.22478623142933785,on perennial
5135801,5137601,45635,105.39958190917969,49.84208297729492,145659.920384,0,1231,4290,2,0.303912480969681,on perennial
4896381,4894580,45635,91.98958587646484,51.91208267211914,161975.975936,0,980,2665,2,0.14478604947655063,on perennial
5148376,5146577,45635,105.99708557128906,52.2720832824707,102049.947648,0,936,4363,2,0.2334877140280968,on perennial
4763132,4763131,45635,84.64208221435547,56.806251525878906,60419.444736,0,387,1774,2,0.3784723206093346,on perennial
4730765,4728965,45635,82.7370834350586,53.4254150390625,202703.91296,0,796,1543,1,0.4395516988368468,on intermittent
4756008,4756007,45635,84.21708679199219,49.21875,128246.276096,0,1306,1723,2,0.31947639899639757,on perennial
4862125,4860325,45635,90.08958435058594,57.44208526611328,52637.51168,0,310,2435,1,0.457150681897555,on intermittent
4755915,4754115,45635,84.12958526611328,58.4254150390625,70357.204992,0,190,1712,1,0.3399359929099004,on intermittent
4986325,4986324,45635,97.00958251953125,57.49958419799805,50199.191552,0,303,3273,2,0.4297442280155183,on perennial
5137601,5139400,45635,105.48625183105469,49.92375183105469,146607.734784,0,1221,4301,1,0.148878504398644,on intermittent
4894580,4896379,45635,91.99958038330078,51.993751525878906,163820.617728,0,970,2666,2,0.07766495812772961,on perennial
4763131,4761332,45635,84.56375122070312,56.80458450317383,60734.574592,0,387,1765,2,0.19002730360002684,on perennial
4728965,4727165,45635,82.7004165649414,53.4254150390625,202802.429952,0,796,1539,2,0.385927734787253,on perennial
4756007,4754207,45635,84.16458129882812,49.25458526611328,128345.9072,0,1302,1716,2,0.2519353457327141,on perennial
4860325,4858525,45635,90.00041961669922,57.46708297729492,52772.478976,0,307,2424,1,0.45176960103222663,on intermittent
4754115,4752315,45635,84.07291412353516,58.450416564941406,71751.606272,0,187,1705,1,0.33544369513184824,on intermittent
4986324,4984524,45635,96.9745864868164,57.526248931884766,51279.560704,0,299,3269,2,0.32788103017834913,on perennial
5139400,5141200,45635,105.6362533569336,49.98458480834961,146999.640064,0,1213,4319,2,0.4500630907339284,on perennial
4896379,4898179,45635,92.0995864868164,52.042083740234375,163931.865088,0,964,2678,2,0.1604314655902635,on perennial
4761332,4761331,45635,84.52708435058594,56.799583435058594,60948.037632,0,387,1760,2,0.43306580960804586,on perennial
4727165,4725365,45635,82.53458404541016,53.44124984741211,204597.755904,0,795,1519,2,0.4665652300552761,on perennial
4754207,4752406,45635,84.08208465576172,49.305416107177734,128522.8544,0,1296,1706,2,0.30378345775302185,on perennial
4858525,4856725,45635,89.89791870117188,57.467918395996094,53078.790144,0,306,2411,1,0.42526886975417183,on intermittent
4752315,4750515,45635,83.96041870117188,58.43958282470703,72564.932608,0,189,1692,1,0.3646670070892594,on intermittent
4984524,4982724,45635,96.9004135131836,57.56708526611328,51430.121472,0,294,3260,2,0.37378501605070213,on perennial
5141200,5142999,45635,105.76541900634766,50.03791809082031,147113.41056,0,1207,4335,2,0.1769053156390524,on perennial
4898179,4899978,45635,92.20874786376953,52.08374786376953,164373.987328,0,959,2691,2,0.2679352418905537,on perennial
4761331,4759531,45635,84.50041961669922,56.89041519165039,61306.826752,0,376,1757,2,0.3899103262475898,on perennial
4725365,4723565,45635,82.49874877929688,53.45541763305664,204670.697472,0,793,1514,1,0.3380632369415337,on intermittent
4752406,4750606,45635,84.00041961669922,49.36541748046875,128766.836736,0,1289,1697,2,0.5097848182523401,on perennial
4856725,4854925,45635,89.8004150390625,57.48291778564453,53149.462528,0,305,2400,2,0.4280649804885239,on perennial
4750515,4746915,45635,83.8495864868164,58.46708297729492,72917.97504,0,185,1678,2,0.30480719861415884,on perennial
4982724,4982723,45635,96.8445816040039,57.62125015258789,51481.628672,0,288,3253,2,0.2446257317292038,on perennial
5142999,5144798,45635,105.819580078125,50.1220817565918,147818.758144,0,1197,4341,2,0.2257291742732605,on perennial
4899978,4901778,45635,92.2995834350586,52.139583587646484,171168.038912,0,952,2702,2,0.3713398295106384,on perennial
4723565,4721764,45635,82.41291809082031,53.50374984741211,205206.257664,0,787,1504,2,0.08705551113300453,on perennial
4750606,4748805,45635,83.91458129882812,49.40458297729492,129140.867072,0,1284,1686,2,0.20213136996797657,on perennial
4854925,4854924,45635,89.694580078125,57.498748779296875,53290.242048,0,303,2387,1,0.3223673643495284,on intermittent
4746915,4745115,45635,83.64958190917969,58.45708465576172,72997.896192,0,187,1654,2,0.4403013759435909,on perennial
4982723,4980923,45635,96.75791931152344,57.63541793823242,51542.69184,0,286,3243,2,0.12066993008277073,on perennial
5144798,5146598,45635,105.89958190917969,50.1470832824707,147930.15296,0,1194,4351,1,0.19109727561290807,on intermittent
4901778,4901777,45635,92.3637466430664,52.1995849609375,171275.075584,0,945,2710,2,0.14466455684290566,on perennial
4721764,4721763,45635,82.33291625976562,53.59958267211914,205843.41504,0,775,1494,2,0.35648143266691085,on perennial
4748805,4747005,45635,83.78125,49.45541763305664,129360.920576,0,1278,1670,2,0.3394099528582114,on perennial
4854924,4853125,45635,89.66791534423828,57.48458480834961,53355.90912,0,304,2383,1,0.4383627825746167,on intermittent
4745115,4743315,45635,83.57791900634766,58.446250915527344,73446.957056,0,188,1645,2,0.21288858205111963,on perennial
4980923,4979123,45635,96.69708251953125,57.6129150390625,52740.513792,0,289,3236,2,0.28026655472706574,on perennial
5146598,5146597,45635,105.99958038330078,50.161251068115234,148302.364672,0,1192,4363,1,0.0856629525954776,on intermittent
4901777,4903577,45635,92.40458679199219,52.2470817565918,171375.640576,0,939,2715,2,0.2553426867838956,on perennial
4721763,4719963,45635,82.25958251953125,53.637916564941406,205891.059712,0,771,1486,2,0.40912434284402394,on perennial
4747005,4745205,45635,83.7004165649414,49.48291778564453,129466.28608,0,1274,1660,2,0.2887209968089165,on perennial
4853125,4853124,45635,89.61958312988281,57.49958419799805,53614.608384,0,303,2378,2,0.4254227548097847,on perennial
4743315,4741515,45635,83.50041961669922,58.45124816894531,74023.428096,0,187,1636,2,0.2126910097252631,on perennial
4979123,4979124,45635,96.64458465576172,57.60041809082031,52801.687552,0,290,3229,2,0.3365995968635617,on perennial
5146597,5150197,45635,106.069580078125,50.20874786376953,148369.784832,0,1186,4372,1,0.38597133138182743,on intermittent
4903577,4903576,45635,92.43958282470703,52.299583435058594,171526.406144,0,933,2719,2,0.2737312024288647,on perennial
4719963,4718162,45635,82.2004165649414,53.652915954589844,207316.33664,0,769,1478,2,0.23335049118866716,on perennial
4745205,4745204,45635,83.64541625976562,49.49958419799805,130120.900608,0,1272,1653,2,0.3873681669791583,on perennial
4853124,4851325,45635,89.6129150390625,57.4879150390625,53650.55488,0,304,2377,2,0.08736790886412307,on perennial
4741515,4739715,45635,83.37208557128906,58.42625045776367,74205.462528,0,190,1620,2,0.2924340871564284,on perennial
4979124,4977323,45635,96.54208374023438,57.62458419799805,52901.371904,0,287,3217,0,0.529979741660932,near water
5150197,5150196,45635,106.12291717529297,50.299583435058594,282887.749632,0,1175,4378,1,0.28337041750596415,on intermittent
4903576,4901775,45635,92.36458587646484,52.417083740234375,172342.820864,0,919,2710,2,0.3854399170825598,on perennial
4718162,4716362,45635,82.08291625976562,53.74208450317383,208673.046528,0,758,1464,1,0.06124625081224789,on intermittent
4745204,4743404,45635,83.56458282470703,49.57958221435547,130257.739776,0,1263,1644,2,0.42588581218388055,on perennial
4851325,4851324,45635,89.54208374023438,57.51874923706055,53686.431744,0,300,2368,1,0.26372874827357823,on intermittent
4739715,4737915,45635,83.2995834350586,58.44708251953125,74421.428224,0,188,1612,2,0.32050226663750275,on perennial
4977323,4975523,45635,96.46708679199219,57.645416259765625,52946.71872,0,285,3208,2,0.20106836214865892,on perennial
5150196,5148396,45635,106.06375122070312,50.352081298828125,282947.321856,0,1169,4371,1,0.09450738792041227,on intermittent
4901775,4901774,45635,92.28541564941406,52.50458526611328,172703.98976,0,908,2701,2,0.13647386346930016,on perennial
4716362,4714562,45635,81.99624633789062,53.73875045776367,209377.804288,0,758,1454,1,0.46022468910305453,on intermittent
4743404,4741604,45635,83.4887466430664,49.57791519165039,145736.204288,0,1263,1634,2,0.3576863673543095,on perennial
4851324,4849525,45635,89.49124908447266,57.48458480834961,53727.744,0,304,2362,1,0.36774964517911946,on intermittent
4737915,4736115,45635,83.2004165649414,58.42625045776367,79534.104576,0,190,1600,1,0.32003578856247933,on intermittent
4975523,4975522,45635,96.43875122070312,57.6995849609375,53410.254848,0,278,3204,2,0.324936956844716,on perennial
5148396,5148395,45635,106.06208038330078,50.42124938964844,283150.7456,0,1161,4371,1,0.4490247643824791,on intermittent
4901774,4899974,45635,92.3004150390625,52.58541488647461,174264.041472,0,898,2703,2,0.3195978869945381,on perennial
4714562,4712762,45635,81.9004135131836,53.73875045776367,209654.41536,0,758,1442,2,0.40327118385502025,on perennial
4741604,4741603,45635,83.42041778564453,49.616249084472656,146613.94432,0,1258,1626,2,0.17987705950404984,on perennial
4849525,4847725,45635,89.38874816894531,57.47541809082031,54004.129792,0,306,2350,1,0.4813516453562919,on intermittent
4736115,4734316,45635,83.0945816040039,58.41041564941406,79562.817536,0,192,1587,1,0.2101819730494861,on intermittent
4975522,4973722,45635,96.35375213623047,57.72541809082031,53451.157504,0,275,3194,2,0.19674831468362997,on perennial
5148395,5150195,45635,106.0995864868164,50.46458435058594,283514.732544,0,1155,4375,2,0.30738449785034083,on perennial
4899974,4899973,45635,92.26458740234375,52.59958267211914,174368.145408,0,897,2698,2,0.45960018153985815,on perennial
4712762,4710962,45635,81.819580078125,53.799583435058594,209850.368,0,751,1432,2,0.11295073509708564,on perennial
4741603,4739803,45635,83.35375213623047,49.67208480834961,146703.368192,0,1251,1618,2,0.34764805589537434,on perennial
4847725,4845925,45635,89.3004150390625,57.48125076293945,54183.251968,0,305,2339,2,0.18285581203770765,on perennial
4734316,4734315,45635,83.03291320800781,58.409584045410156,79651.454976,0,192,1579,2,0.2810484214316823,on perennial
4973722,4971922,45635,96.28874969482422,57.75958251953125,53571.723264,0,271,3186,2,0.060772977070068866,on perennial
5150195,5150194,45635,106.14541625976562,50.501251220703125,283600.289792,0,1151,4381,1,0.18674896948534808,on intermittent
4899973,4898174,45635,92.17874908447266,52.604583740234375,174396.571648,0,896,2688,2,0.12183697055780776,on perennial
4710962,4709162,45635,81.65958404541016,53.780418395996094,209957.552128,0,753,1413,2,0.3754723693468397,on perennial
4739803,4738003,45635,83.3004150390625,49.674583435058594,146952.634368,0,1251,1612,2,0.20408744328768627,on perennial
4845925,4844124,45635,89.1995849609375,57.50291442871094,54233.153536,0,302,2327,2,0.2123488807983545,on perennial
4734315,4732515,45635,82.99708557128906,58.41875076293945,79894.724608,0,191,1575,2,0.1595734535656726,on perennial
4971922,4970122,45635,96.2004165649414,57.77124786376953,53736.910848,0,270,3175,2,0.35321992433827054,on perennial
5150194,5151994,45635,106.25791931152344,50.5220832824707,283672.870912,0,1148,4394,1,0.38807225726294775,on intermittent
4898174,4896374,45635,92.10041809082031,52.556251525878906,175321.25184,0,902,2678,2,0.28141769781632836,on perennial
4709162,4707362,45635,81.60041809082031,53.77375030517578,210600.296448,0,754,1406,2,0.2775713633770303,on perennial
4738003,4736203,45635,83.2004165649414,49.674583435058594,147166.806016,0,1251,1600,2,0.27355850906113904,on perennial
4844124,4844125,45635,89.1754150390625,57.48291778564453,54333.60384,0,305,2324,1,0.3801412607328647,on intermittent
4732515,4730715,45635,82.89291381835938,58.42208480834961,80120.782848,0,191,1562,1,0.2554455639381368,on intermittent
4970122,4968322,45635,96.03541564941406,57.78708267211914,54445.387776,0,268,3155,2,0.28799645111195443,on perennial
5151994,5150193,45635,106.2004165649414,50.582916259765625,284416.638976,0,1141,4387,2,0.25213992804090796,on perennial
4896374,4894574,45635,91.99708557128906,52.58208465576172,175911.469056,0,899,2666,2,0.345145365022029,on perennial
4707362,4705562,45635,81.50041961669922,53.77958297729492,210799.034368,0,753,1393,2,0.5221339444107613,on perennial
4736203,4736202,45635,83.10041809082031,49.69291687011719,147217.645568,0,1249,1587,2,0.29255486440367984,on perennial
4844125,4842325,45635,89.10041809082031,57.48458480834961,55843.2256,0,304,2315,2,0.39422271439785667,on perennial
4730715,4730716,45635,82.8004150390625,58.42041778564453,80202.211328,0,191,1551,1,0.045264045126415214,on intermittent
4968322,4966522,45635,96.00041961669922,57.76708221435547,54961.47968,0,270,3151,2,0.14733533574815547,on perennial
5150193,5151993,45635,106.22541809082031,50.62458419799805,284463.59552,0,1136,4390,2,0.278953105975885,on perennial
4894574,4894573,45635,91.9437484741211,52.60541534423828,175972.958208,0,896,2659,2,0.2588246093097583,on perennial
4705562,4703762,45635,81.39291381835938,53.78291702270508,210849.792,0,753,1380,2,0.26107217028496266,on perennial
4736202,4734403,45635,83.06458282470703,49.68958282470703,147317.604352,0,1249,1583,2,0.23271816559454453,on perennial
4842325,4842324,45635,89.04291534423828,57.50458526611328,55911.85408,0,302,2308,2,0.13405449824467403,on perennial
4966522,4966523,45635,95.94791412353516,57.700416564941406,55214.587904,0,278,3145,2,0.2623000774114511,on perennial
5151993,5153792,45635,106.2995834350586,50.67625045776367,284520.808448,0,1130,4399,2,0.4129409992402205,on perennial
4894573,4892774,45635,91.87708282470703,52.57624816894531,176044.19584,0,899,2651,2,0.3529671431398022,on perennial
4703762,4703761,45635,81.35708618164062,53.799583435058594,211971.964928,0,751,1376,2,0.08724064702609695,on perennial
4734403,4734402,45635,83.02708435058594,49.70375061035156,148369.506304,0,1248,1579,0,0.537185082281387,near water
4842324,4840525,45635,88.96624755859375,57.48208236694336,56020.758528,0,305,2298,1,0.34864751635670305,on intermittent
4966523,4964722,45635,95.84041595458984,57.71041488647461,55253.13536,0,277,3132,2,0.16260478507977014,on perennial
5153792,5151992,45635,106.27458190917969,50.735416412353516,284575.760384,0,1122,4396,2,0.5029270931591394,on perennial
4892774,4890974,45635,91.8004150390625,52.57875061035156,176244.621312,0,899,2642,2,0.04398126344663878,on perennial
4703761,4701960,45635,81.3004150390625,53.89875030517578,212496.154624,0,739,1369,2,0.14000137206366317,on perennial
4734402,4732602,45635,83.00041961669922,49.719581604003906,148580.859904,0,1246,1575,2,0.40075095793295556,on perennial
4840525,4838724,45635,88.8870849609375,57.49041748046875,56329.404416,0,304,2289,2,0.2930350565087084,on perennial
4964722,4962922,45635,95.8004150390625,57.7287483215332,55630.5408,0,275,3127,2,0.20023892486539133,on perennial
5151992,5151991,45635,106.26625061035156,50.811248779296875,308546.306048,0,1113,4395,2,0.3550547684894636,on perennial
4890974,4890973,45635,91.72958374023438,52.626251220703125,176289.824768,0,893,2633,2,0.341430933167399,on perennial
4701960,4703759,45635,81.3062515258789,54.01124954223633,212861.435904,0,725,1370,2,0.37612671257771363,on perennial
4732602,4732601,45635,82.94708251953125,49.799583435058594,148767.21152,0,1236,1569,2,0.12169950747537998,on perennial
4838724,4838725,45635,88.81708526611328,57.48125076293945,56423.297024,0,305,2280,2,0.2529698079307906,on perennial
4962922,4961122,45635,95.69541931152344,57.74041748046875,55667.851264,0,273,3114,2,0.3597623107857958,on perennial
5151991,5151990,45635,106.27207946777344,50.89958190917969,308971.76576,0,1103,4396,2,0.390176073916831,on perennial
4890973,4887373,45635,91.65958404541016,52.693748474121094,177691.099136,0,885,2625,2,0.11108918460694817,on perennial
4703759,4705559,45635,81.39958190917969,54.07374954223633,213573.353472,0,718,1381,2,0.20998390981716192,on perennial
4732601,4730801,45635,82.86125183105469,49.85874938964844,148971.585536,0,1229,1558,2,0.3512796205398826,on perennial
4838725,4836925,45635,88.79541778564453,57.457916259765625,56532.93056,0,308,2278,2,0.3630321869201222,on perennial
4961122,4959322,45635,95.54374694824219,57.76791763305664,56769.728512,0,270,3096,2,0.14992111992989957,on perennial
5151990,5153790,45635,106.3445816040039,50.95458221435547,314563.46112,0,1096,4405,2,0.09629422507752008,on perennial
4887373,4885573,45635,91.47208404541016,52.6470832824707,178130.960384,0,891,2602,2,0.23896721378372499,on perennial
4705559,4707358,45635,81.49958038330078,54.08791732788086,214085.402624,0,716,1393,2,0.23461408441251658,on perennial
4730801,4729000,45635,82.8004150390625,49.8870849609375,149115.813888,0,1225,1551,2,0.2850773356463332,on perennial
4836925,4835125,45635,88.7004165649414,57.44541549682617,56718.626816,0,309,2266,2,0.17198440145075672,on perennial
4959322,4957522,45635,95.43374633789062,57.73041534423828,56840.56064,0,275,3082,2,0.4101247528722937,on perennial
5153790,5155589,45635,106.39958190917969,50.992916107177734,314731.003904,0,1091,4412,2,0.3490219678353938,on perennial
4885573,4883773,45635,91.4004135131836,52.68375015258789,178268.766208,0,886,2593,2,0.3991138634872035,on perennial
4707358,4709158,45635,81.61458587646484,54.13874816894531,214175.612928,0,710,1407,2,0.18139907997762725,on perennial
4729000,4727200,45635,82.72041320800781,49.901248931884766,149177.368576,0,1224,1541,2,0.43370732363561504,on perennial
4835125,4833325,45635,88.53624725341797,57.436248779296875,56900.661248,0,310,2246,2,0.28377054916862793,on perennial
4957522,4955723,45635,95.4004135131836,57.722084045410156,111546.277888,0,276,3078,2,0.3933808958795984,on perennial
5155589,5157389,45635,106.54792022705078,51.03125,316043.264,0,1087,4430,1,0.433439951220548,on intermittent
4883773,4883772,45635,91.33125305175781,52.7279167175293,178333.663232,0,881,2585,2,0.06744124083383911,on perennial
4709158,4709157,45635,81.67375183105469,54.1995849609375,214777.790464,0,703,1415,2,0.4689888366689435,on perennial
4727200,4725400,45635,82.58541870117188,49.94791793823242,150948.265984,0,1218,1525,2,0.06045298487030692,on perennial
4833325,4831525,45635,88.48124694824219,57.43208312988281,57368.383488,0,311,2240,2,0.27764464524064114,on perennial
4955723,4955722,45635,95.33708190917969,57.71291732788086,111603.245056,0,277,3071,2,0.3041314461189619,on perennial
5157389,5159189,45635,106.65125274658203,51.05875015258789,316108.505088,0,1083,4442,2,0.2676908001013998,on perennial
4883772,4883771,45635,91.38375091552734,52.832916259765625,184673.73056,0,868,2591,2,0.33945495338413584,on perennial
4709157,4710957,45635,81.70124816894531,54.257083892822266,214956.392448,0,696,1418,2,0.3678507645351252,on perennial
4725400,4725399,45635,82.52041625976562,49.99958419799805,156093.39904,0,1212,1517,2,0.3103072227254069,on perennial
4831525,4829725,45635,88.4004135131836,57.422916412353516,57460.34688,0,312,2230,1,0.1366412533633843,on intermittent
4955722,4953922,45635,95.3004150390625,57.71875,111688.613888,0,276,3066,2,0.10720896405353175,on perennial
5159189,5159188,45635,106.67375183105469,51.09958267211914,361215.000576,0,1078,4445,2,0.3305319982046614,on perennial
4883771,4885571,45635,91.42041778564453,52.87708282470703,184757.485568,0,863,2596,2,0.11660170847788431,on perennial
4710957,4712756,45635,81.79374694824219,54.299583435058594,215159.963648,0,690,1429,2,0.4222935419203544,on perennial
4725399,4723599,45635,82.46708679199219,50.0220832824707,156205.973504,0,1209,1511,1,0.20561095717963881,on intermittent
4829725,4827925,45635,88.28458404541016,57.405418395996094,57510.629376,0,314,2216,1,0.0924289745941872,on intermittent
4953922,4952122,45635,95.2004165649414,57.75291442871094,112671.440896,0,272,3054,2,0.12475682556609946,on perennial
5159188,5160988,45635,106.71041870117188,51.14041519165039,361269.854208,0,1073,4449,2,0.3843380652666604,on perennial
4885571,4885570,45635,91.47708129882812,52.89958190917969,184905.48224,0,860,2603,2,0.18747969182469998,on perennial
4712756,4714557,45635,81.89958190917969,54.33708190917969,215247.58528,0,686,1442,2,0.1036895718024679,on perennial
4723599,4721800,45635,82.4004135131836,50.06041717529297,156274.343936,0,1204,1503,2,0.3684374380868729,on perennial
4827925,4827926,45635,88.27791595458984,57.40041732788086,57589.84192,0,315,2215,1,0.36609888510475735,on intermittent
4952122,4950322,45635,95.08458709716797,57.764583587646484,112744.185856,0,270,3040,2,0.42247626204187255,on perennial
5160988,5160987,45635,106.77207946777344,51.20124816894531,361349.9392,0,1066,4457,2,0.16055783797670173,on perennial
4885570,4885569,45635,91.50208282470703,52.973751068115234,185191.841792,0,851,2606,2,0.18439907735080555,on perennial
4714557,4714556,45635,81.9504165649414,54.346248626708984,215354.376192,0,685,1448,2,0.18152567004947792,on perennial
4721800,4721799,45635,82.35708618164062,50.05458450317383,157514.317824,0,1205,1497,2,0.19361341133065268,on perennial
4827926,4826126,45635,88.1987533569336,57.348751068115234,57818.902528,0,321,2205,2,0.23823750026785898,on perennial
4950322,4948522,45635,95.00041961669922,57.748748779296875,112817.364992,0,272,3030,2,0.3549016684342505,on perennial
5160987,5162787,45635,106.80208587646484,51.23125076293945,361464.365056,0,1062,4460,2,0.4039623956662394,on perennial
4885569,4885568,45635,91.42791748046875,53.09958267211914,185801.129984,0,836,2597,2,0.12514608176198133,on perennial
4714556,4716356,45635,82.0112533569336,54.3537483215332,215926.718464,0,684,1455,2,0.23949799347462428,on perennial
4721799,4719998,45635,82.31041717529297,50.1037483215332,158799.62624,0,1199,1492,1,0.19761238693779148,on intermittent
4826126,4824326,45635,88.13041687011719,57.33208465576172,57951.064064,0,323,2197,2,0.12368205103544098,on perennial
4948522,4946722,45635,94.82958221435547,57.73041534423828,113224.777728,0,275,3009,2,0.3728241820741672,on perennial
5162787,5164587,45635,106.89958190917969,51.270416259765625,361584.361472,0,1058,4472,2,0.35303630888707904,on perennial
4885568,4887368,45635,91.56291961669922,53.14458465576172,185840.697344,0,830,2613,2,0.4338739909725068,on perennial
4716356,4718155,45635,82.0995864868164,54.383750915527344,216194.875392,0,680,1466,2,0.24425575395135074,on perennial
4719998,4719997,45635,82.26458740234375,50.1995849609375,159280.037888,0,1187,1486,2,0.3995504614356348,on perennial
4824326,4822526,45635,88.00041961669922,57.32624816894531,58320.50688,0,324,2181,1,0.41724247626768535,on intermittent
4946722,4944922,45635,94.77375030517578,57.778751373291016,113502.978048,0,269,3002,2,0.3004007621281214,on perennial
5164587,5164586,45635,106.98374938964844,51.31708526611328,361674.276864,0,1052,4482,2,0.21839454068797148,on perennial
4887368,4889168,45635,91.5995864868164,53.14208221435547,185904.627712,0,831,2618,2,0.297386221956725,on perennial
4718155,4719955,45635,82.2004165649414,54.438751220703125,216376.868864,0,674,1478,2,0.4165711278688582,on perennial
4719997,4718197,45635,82.2004165649414,50.22541809082031,159739.920384,0,1184,1478,2,0.3377453837773404,on perennial
4822526,4822527,45635,87.96875,57.3004150390625,58396.749824,0,327,2178,1,0.3450078410630974,on intermittent
4944922,4943122,45635,94.7004165649414,57.78708267211914,113790.337024,0,268,2993,2,0.34300838860739064,on perennial
5164586,5164585,45635,106.99208068847656,51.39958190917969,400128.016384,0,1042,4483,2,0.22357559758144346,on perennial
4889168,4890968,45635,91.70874786376953,53.17375183105469,185946.980352,0,827,2631,2,0.10247770793458025,on perennial
4719955,4721754,45635,82.2995834350586,54.492916107177734,216479.58016,0,667,1490,2,0.19246940329970105,on perennial
4718197,4716398,45635,82.10041809082031,50.216251373291016,159958.761472,0,1185,1466,2,0.3962315292372651,on perennial
4822527,4820727,45635,87.89624786376953,57.286251068115234,58435.674112,0,328,2169,1,0.42275075534037304,on intermittent
4943122,4941322,45635,94.60041809082031,57.78125,124647.571456,0,268,2981,2,0.44160900632667394,on perennial
5164585,5166385,45635,107.03541564941406,51.41958236694336,400215.113728,0,1040,4489,0,0.5518562785298375,near water
4890968,4892767,45635,91.82125091552734,53.26541519165039,186190.299136,0,816,2645,2,0.3233613702583469,on perennial
4721754,4723554,45635,82.39958190917969,54.53291702270508,217925.206016,0,662,1502,2,0.3024187237156649,on perennial
4716398,4716397,45635,82.04624938964844,50.1995849609375,160235.470848,0,1187,1460,1,0.4436653475271294,on intermittent
4820727,4818927,45635,87.75791931152344,57.26124954223633,58754.387968,0,331,2152,1,0.4311092991221489,on intermittent
4941322,4939522,45635,94.50041961669922,57.780418395996094,124767.944704,0,269,2969,2,0.43888033851296904,on perennial
5166385,5168185,45635,107.12958526611328,51.47541809082031,400299.884544,0,1033,4500,2,0.20191512796897548,on perennial
4892767,4894566,45635,91.84791564941406,53.299583435058594,186808.745984,0,812,2648,2,0.3350484118793572,on perennial
4723554,4725354,45635,82.50208282470703,54.57791519165039,217986.433024,0,657,1515,2,0.25972562542728106,on perennial
4716397,4714597,45635,81.96375274658203,50.21458435058594,160293.158912,0,1186,1450,2,0.4112472421397805,on perennial
4818927,4817127,45635,87.7004165649414,57.21708297729492,59112.73472,0,337,2145,2,0.1621392166020366,on perennial
4939522,4937722,45635,94.37791442871094,57.79375076293945,124805.644288,0,267,2954,2,0.2069904682581228,on perennial
5168185,5169984,45635,107.16542053222656,51.498748779296875,400705.257472,0,1030,4504,2,0.23188103764196594,on perennial
4894566,4894565,45635,91.9070816040039,53.4254150390625,186875.805696,0,796,2655,2,0.38830515101095014,on perennial
4725354,4727154,45635,82.5995864868164,54.575416564941406,218580.156416,0,657,1527,2,0.14930893001979853,on perennial
4714597,4712797,45635,81.9004135131836,50.21041488647461,160541.540352,0,1186,1442,2,0.10781542544264404,on perennial
4817127,4815328,45635,87.56375122070312,57.155418395996094,59370.635264,0,344,2128,2,0.3499140117010664,on perennial
4937722,4937721,45635,94.33041381835938,57.81041717529297,125370.671104,0,265,2949,2,0.1962857510382877,on perennial
5169984,5171784,45635,107.31291961669922,51.52541732788086,404045.791232,0,1027,4522,2,0.3002887614774182,on perennial
4894565,4892765,45635,91.9004135131836,53.457916259765625,193116.094464,0,792,2654,2,0.4432770017372921,on perennial
4727154,4727153,45635,82.64041900634766,54.602081298828125,218631.340032,0,654,1532,2,0.257638339799028,on perennial
4712797,4712798,45635,81.85208129882812,50.19208526611328,160606.306304,0,1188,1436,2,0.31758662363991486,on perennial
4815328,4813527,45635,87.49041748046875,57.155418395996094,59449.401344,0,344,2120,1,0.35299882780047015,on intermittent
4937721,4935921,45635,94.25458526611328,57.87791442871094,125459.243008,0,257,2939,2,0.336056391216702,on perennial
5171784,5171783,45635,107.36624908447266,51.61708450317383,404148.092928,0,1016,4529,2,0.38588798383404166,on perennial
4892765,4890964,45635,91.76958465576172,53.52541732788086,193592.737792,0,784,2638,2,0.30242567179326424,on perennial
4727153,4728953,45635,82.6995849609375,54.66291809082031,218919.469056,0,646,1539,2,0.3932424480322911,on perennial
4712798,4710997,45635,81.76041412353516,50.24541473388672,161197.948928,0,1182,1425,2,0.11564676158975308,on perennial
4813527,4813528,45635,87.44625091552734,57.13458251953125,59535.83104,0,347,2114,2,0.1894531501750917,on perennial
4935921,4935920,45635,94.21624755859375,57.89958190917969,126013.19424,0,254,2935,2,0.13047820747965874,on perennial
5171783,5173583,45635,107.39958190917969,51.67708206176758,404271.955968,0,1008,4533,2,0.3342648996619981,on perennial
4890964,4889164,45635,91.69208526611328,53.526248931884766,194288.92672,0,784,2629,2,0.19990035106923482,on perennial
4728953,4730752,45635,82.7995834350586,54.72041702270508,218991.968256,0,639,1551,2,0.41273377517539817,on perennial
4710997,4709197,45635,81.67874908447266,50.25791549682617,161304.870912,0,1180,1415,2,0.3348972008682499,on perennial
4813528,4811728,45635,87.4004135131836,57.11541748046875,59739.11552,0,349,2109,1,0.22359540566353103,on intermittent
4935920,4934120,45635,94.2004165649414,57.977081298828125,126464.671744,0,245,2933,2,0.2789136912662911,on perennial
5173583,5173582,45635,107.45625305175781,51.719581604003906,404350.173184,0,1003,4540,2,0.26189985170203,on perennial
4889164,4887363,45635,91.61708068847656,53.59958267211914,194442.870784,0,775,2620,2,0.31322814105789787,on perennial
4730752,4732552,45635,82.90208435058594,54.75041580200195,220060.647424,0,636,1563,2,0.26790867943288943,on perennial
4709197,4707397,45635,81.60124969482422,50.276248931884766,171280.318464,0,1178,1406,2,0.21016687063196823,on perennial
4811728,4811729,45635,87.38375091552734,57.098751068115234,59782.660096,0,351,2107,1,0.24278557355263566,on intermittent
4934120,4934119,45635,94.1362533569336,58.00041580200195,126522.65472,0,242,2925,2,0.12677806826794494,on perennial
5173582,5175382,45635,107.52625274658203,51.76874923706055,404561.723392,0,997,4548,2,0.22254351624227148,on perennial
4887363,4887362,45635,91.57624816894531,53.72291564941406,194704.556032,0,760,2615,2,0.34603388716867156,on perennial
4732552,4732551,45635,82.97374725341797,54.799583435058594,220387.262464,0,630,1572,2,0.1401665983027403,on perennial
4707397,4707396,45635,81.54291534423828,50.299583435058594,171689.639936,0,1175,1399,2,0.35221888024464265,on perennial
4811729,4809929,45635,87.25125122070312,57.077083587646484,59916.754944,0,354,2091,1,0.2899318986053297,on intermittent
4934119,4932319,45635,94.05791473388672,58.02541732788086,126590.738432,0,239,2916,2,0.23745102739746518,on perennial
5175382,5173581,45635,107.56208038330078,51.799583435058594,405284.94592,0,993,4552,2,0.5252945981470193,on perennial
4887362,4885562,45635,91.50041961669922,53.741249084472656,224838.336512,0,758,2606,2,0.24517264649779752,on perennial
4732551,4734351,45635,82.99958038330078,54.854583740234375,229031.329792,0,623,1575,2,0.20319206742367266,on perennial
4707396,4705597,45635,81.49624633789062,50.313751220703125,171762.778112,0,1174,1393,2,0.3755302865928896,on perennial
4809929,4808129,45635,87.20124816894531,57.06624984741211,60233.1136,0,355,2084,2,0.26757885729340114,on perennial
4932319,4930519,45635,93.98625183105469,58.10124969482422,126659.518464,0,230,2907,2,0.3217424247614592,on perennial
5173581,5175381,45635,107.53375244140625,51.85874938964844,440242.700288,0,986,4549,2,0.2931032753898782,on perennial
4885562,4885561,45635,91.42791748046875,53.82875061035156,224915.226624,0,748,2597,1,0.4414377181964365,on intermittent
4734351,4734350,45635,83.04708099365234,54.922916412353516,229138.972672,0,615,1581,2,0.0899843195854049,on perennial
4705597,4705596,45635,81.43624877929688,50.31458282470703,171829.346304,0,1173,1386,2,0.4800930677288647,on perennial
4808129,4806330,45635,87.15125274658203,57.00041580200195,60331.429888,0,363,2078,1,0.23342055702871425,on intermittent
4930519,4928718,45635,93.91124725341797,58.09958267211914,126846.64832,0,230,2898,2,0.15680340091239198,on perennial
5175381,5175380,45635,107.50041961669922,51.89958190917969,440326.258688,0,981,4545,2,0.33839057398030226,on perennial
4885561,4885560,45635,91.45458221435547,53.89958190917969,229393.383424,0,739,2600,1,0.05897939417227728,on intermittent
4734350,4732550,45635,82.98458099365234,54.9587516784668,229198.97088,0,611,1573,2,0.45224484411693416,on perennial
4705596,4703796,45635,81.37541961669922,50.325416564941406,171895.504896,0,1172,1378,2,0.2562353546260184,on perennial
4806330,4804529,45635,87.04125213623047,56.99958419799805,60546.060288,0,363,2065,1,0.17937546200506213,on intermittent
5175380,5173580,45635,107.49708557128906,51.96041488647461,440399.527936,0,974,4545,2,0.2254322594634767,on perennial
4885560,4887360,45635,91.50375366210938,53.94791793823242,230143.852544,0,733,2606,2,0.07907133728932034,on perennial
4732550,4732549,45635,82.93708038330078,54.99958419799805,247661.44512,0,606,1568,2,0.4062638808008511,on perennial
4703796,4701996,45635,81.3004150390625,50.319583892822266,175584.329728,0,1173,1369,2,0.1798547541942952,on perennial
4804529,4804530,45635,86.93208312988281,56.9879150390625,60582.797312,0,365,2052,1,0.3712414975596474,on intermittent
5173580,5175379,45635,107.48458099365234,52.008750915527344,440473.649152,0,968,4543,2,0.13400786207564244,on perennial
4887360,4887359,45635,91.55958557128906,54.01791763305664,267449.155584,0,725,2613,2,0.38433708099655584,on perennial
4732549,4730749,45635,82.87208557128906,55.03291702270508,247865.524224,0,602,1560,2,0.41474659516748846,on perennial
4701996,4700196,45635,81.2004165649414,50.338748931884766,175741.206528,0,1171,1357,2,0.4096877548782111,on perennial
4804530,4802730,45635,86.9004135131836,56.94708251953125,60784.259072,0,370,2048,1,0.4126291272836489,on intermittent
5175379,5173579,45635,107.49208068847656,52.06291580200195,440599.3472,0,962,4544,2,0.3937314167537842,on perennial
4887359,4887358,45635,91.56041717529297,54.09958267211914,267671.552,0,715,2613,2,0.2803267215650296,on perennial
4730749,4728948,45635,82.8004150390625,55.07041549682617,247968.07168,0,597,1551,2,0.04153129036072745,on perennial
4700196,4698396,45635,81.10041809082031,50.39374923706055,176733.55264,0,1164,1345,2,0.0972588409553034,on perennial
4802730,4800930,45635,86.79875183105469,56.96708297729492,60879.712256,0,367,2036,1,0.18470872573668226,on intermittent
5173579,5173578,45635,107.49624633789062,52.102081298828125,440828.592128,0,957,4544,2,0.3247544630538064,on perennial
4887358,4885557,45635,91.48958587646484,54.18208312988281,267808.27648,0,705,2604,2,0.31678906287991593,on perennial
4728948,4730748,45635,82.8495864868164,55.16875076293945,248013.979648,0,585,1557,2,0.09813437308169684,on perennial
4698396,4696596,45635,80.9937515258789,50.40791702270508,176785.866752,0,1162,1332,2,0.16808967578798126,on perennial
4800930,4799130,45635,86.65125274658203,56.91875076293945,61042.29888,0,373,2018,2,0.08445266197300945,on perennial
5173578,5171778,45635,107.4004135131836,52.15041732788086,443495.579648,0,951,4533,2,0.0732124679302581,on perennial
4885557,4883756,45635,91.40125274658203,54.299583435058594,269201.506304,0,690,2594,2,0.4750010648622072,on perennial
4730748,4730747,45635,82.85624694824219,55.270416259765625,248125.341696,0,573,1558,2,0.21747075287508477,on perennial
4696596,4694796,45635,80.9004135131836,50.366249084472656,177105.403904,0,1167,1321,2,0.2507312377726205,on perennial
4799130,4799131,45635,86.64041900634766,56.87125015258789,61101.109248,0,379,2017,1,0.33710544589259944,on intermittent
5171778,5169978,45635,107.27958679199219,52.133750915527344,443554.594816,0,953,4518,2,0.13462996041050218,on perennial
4883756,4881956,45635,91.29792022705078,54.35958480834961,273825.857536,0,683,2581,2,0.17486715877460451,on perennial
4730747,4730746,45635,82.85041809082031,55.32624816894531,248680.185856,0,566,1557,2,0.06747526911839571,on perennial
4694796,4692996,45635,80.74624633789062,50.36708450317383,192076.529664,0,1167,1302,1,0.12380703022675103,on intermittent
4799131,4797331,45635,86.555419921875,56.8720817565918,93938.917376,0,379,2006,2,0.346399618233713,on perennial
5169978,5168178,45635,107.2004165649414,52.14208221435547,443872.116736,0,952,4509,2,0.2031977072538951,on perennial
4881956,4881955,45635,91.26958465576172,54.39958190917969,274453.233664,0,678,2578,2,0.36767743851788665,on perennial
4730746,4730745,45635,82.83208465576172,55.39958190917969,248735.08864,0,557,1555,2,0.12626649085989947,on perennial
4692996,4691196,45635,80.7004165649414,50.367916107177734,192192.462848,0,1167,1297,2,0.2817160566121053,on perennial
4797331,4795531,45635,86.48291778564453,56.89958190917969,94141.652992,0,375,1997,2,0.3553076898941666,on perennial
5168178,5166378,45635,107.02958679199219,52.11958312988281,444503.457792,0,955,4488,2,0.27579109576094735,on perennial
4881955,4881954,45635,91.2612533569336,54.49958419799805,275888.078848,0,666,2577,2,0.2833391087467844,on perennial
4730745,4732545,45635,82.89958190917969,55.4345817565918,254205.591552,0,553,1563,2,0.11535589779006863,on perennial
4691196,4689396,45635,80.60041809082031,50.39458465576172,192448.233472,0,1164,1284,2,0.3010551873253264,on perennial
4795531,4795530,45635,86.45124816894531,56.91041564941406,94219.206656,0,374,1994,1,0.2050469388016296,on intermittent
5166378,5164579,45635,107.00875091552734,52.10041809082031,444605.366272,0,957,4485,2,0.23173581236734672,on perennial
4881954,4880154,45635,91.1620864868164,54.549583435058594,276355.186688,0,660,2565,2,0.25613369123387514,on perennial
4732545,4736145,45635,83.069580078125,55.43541717529297,254244.749312,0,553,1584,2,0.2559084454277432,on perennial
4689396,4687596,45635,80.50041961669922,50.367916107177734,192624.951296,0,1167,1272,1,0.16439770272454285,on intermittent
4795530,4793730,45635,86.37374877929688,56.967918395996094,105872.392192,0,367,1984,2,0.10106810465729187,on perennial
5164579,5162779,45635,106.87625122070312,52.05791473388672,444707.30752,0,962,4469,2,0.25501808111090507,on perennial
4880154,4878354,45635,91.10041809082031,54.58541488647461,276611.760128,0,656,2557,2,0.18394755812689062,on perennial
4736145,4737945,45635,83.23291778564453,55.44208526611328,254400.67584,0,552,1603,2,0.2560657195853063,on perennial
4687596,4685796,45635,80.4004135131836,50.36708450317383,193536.589824,0,1167,1260,2,0.14743886981883042,on perennial
4793730,4791930,45635,86.3004150390625,56.98958206176758,106038.902784,0,364,1975,2,0.39717276928506395,on perennial
5162779,5160979,45635,106.8004150390625,52.0504150390625,444906.668032,0,963,4460,2,0.11838026301788704,on perennial
4878354,4878353,45635,91.00458526611328,54.618751525878906,276672.053248,0,652,2546,2,0.33345218681590444,on perennial
4737945,4739745,45635,83.2995834350586,55.48625183105469,254994.366464,0,547,1612,2,0.4131326792940583,on perennial
4685796,4683996,45635,80.2804183959961,50.37041473388672,193596.719104,0,1167,1246,1,0.34139057832386105,on intermittent
4791930,4791929,45635,86.27124786376953,57.026248931884766,106486.21056,0,360,1972,2,0.12097209674806182,on perennial
5160979,5159179,45635,106.64208221435547,52.08958435058594,445119.102976,0,958,4441,2,0.3109505288952779,on perennial
4878353,4876553,45635,90.92958068847656,54.64458465576172,276777.69728,0,649,2536,2,0.3971757597070563,on perennial
4739745,4741544,45635,83.3862533569336,55.50041580200195,255024.644096,0,545,1622,2,0.09642839972144586,on perennial
4683996,4683995,45635,80.23374938964844,50.402915954589844,194030.698496,0,1163,1240,2,0.2009168286718963,on perennial
4791929,4790129,45635,86.19791412353516,57.071250915527344,106600.357888,0,354,1963,1,0.46224089434275145,on intermittent
5159179,5157378,45635,106.5745849609375,52.13291549682617,445844.586496,0,953,4433,1,0.14543616488586003,on intermittent
4876553,4876552,45635,90.91791534423828,54.716251373291016,277798.649856,0,640,2535,2,0.04193100429004594,on perennial
4741544,4743344,45635,83.5062484741211,55.53708267211914,255053.16864,0,540,1637,2,0.46531618066564684,on perennial
4683995,4682195,45635,80.2004165649414,50.46125030517578,194879.029248,0,1156,1236,2,0.26884102102731633,on perennial
4790129,4790128,45635,86.1129150390625,57.126251220703125,107425.513472,0,348,1953,2,0.2588987219216186,on perennial
5157378,5155577,45635,106.50041961669922,52.18791580200195,445939.023872,0,946,4424,2,0.40182969089013154,on perennial
4876552,4874751,45635,90.9437484741211,54.799583435058594,278129.639424,0,630,2538,2,0.15245210587508992,on perennial
4743344,4745143,45635,83.62958526611328,55.60874938964844,255132.319744,0,532,1652,2,0.3047450284517625,on perennial
4682195,4680394,45635,80.10041809082031,50.47624969482422,195014.852608,0,1154,1224,2,0.15508039647322264,on perennial
4790128,4788328,45635,86.02958679199219,57.16791534423828,107768.348672,0,343,1942,2,0.3109380858226915,on perennial
5155577,5153777,45635,106.39958190917969,52.21458435058594,445977.821184,0,943,4412,1,0.29599882406643124,on intermittent
4874751,4876551,45635,90.94708251953125,54.85041809082031,278575.02208,0,624,2539,2,0.3727069603111422,on perennial
4745143,4745142,45635,83.6312484741211,55.6995849609375,255849.283584,0,521,1652,2,0.24763751192767444,on perennial
4680394,4680395,45635,80.04875183105469,50.49041748046875,195154.067456,0,1152,1218,2,0.31833955222893834,on perennial
4788328,4788327,45635,86.02791595458984,57.215415954589844,108323.71712,0,337,1942,1,0.1398831527700364,on intermittent
5153777,5148377,45635,106.22958374023438,52.26958465576172,446198.5792,0,937,4391,2,0.4407401074674266,on perennial
4876551,4876550,45635,90.9495849609375,54.89958190917969,278758.817792,0,618,2539,2,0.25888942215959565,on perennial
4745142,4746942,45635,83.71624755859375,55.74541473388672,255893.553152,0,515,1662,2,0.19412378160338611,on perennial
4680395,4678595,45635,80.00041961669922,50.47624969482422,196544.512,0,1154,1212,2,0.2147360616094691,on perennial
4788327,4786527,45635,85.98291778564453,57.27541732788086,108784.39424,0,330,1937,2,0.24340606433228137,on perennial
5148377,5146577,45635,105.99791717529297,52.27124786376953,446276.108288,0,936,4363,2,0.29930601621592084,on perennial
4876550,4878350,45635,90.99958038330078,54.9587516784668,279037.444096,0,611,2545,2,0.4064476361518151,on perennial
4746942,4748741,45635,83.80374908447266,55.81291580200195,257338.556416,0,507,1673,2,0.16570806288784004,on perennial
4678595,4676795,45635,79.89624786376953,50.47458267211914,196759.814144,0,1154,1199,1,0.09196935142995469,on intermittent
4786527,4786526,45635,85.94791412353516,57.299583435058594,108866.428928,0,327,1933,1,0.2636765125569423,on intermittent
5146577,5148378,45635,105.96208190917969,52.200416564941406,548698.226688,0,945,4359,2,0.2730812034660234,on perennial
4878350,4878349,45635,91.0370864868164,55.00041580200195,279065.165824,0,606,2549,2,0.507862440392261,on perennial
4748741,4748740,45635,83.86541748046875,55.89958190917969,258069.446656,0,497,1680,2,0.44730647635019155,on perennial
4676795,4674994,45635,79.8004150390625,50.466251373291016,196980.195328,0,1155,1187,1,0.2687315599803878,on intermittent
4786526,4788325,45635,85.95375061035156,57.39958190917969,109544.73472,0,315,1933,1,0.30804686278730903,on intermittent
5148378,5146578,45635,105.92958068847656,52.15208435058594,549147.4432,0,951,4355,2,0.3130258864800262,on perennial
4878349,4880149,45635,91.0995864868164,55.04291534423828,279238.639616,0,600,2557,2,0.32937484908310294,on perennial
4748740,4748739,45635,83.8870849609375,56.03791809082031,258113.241088,0,480,1683,2,0.2529355118697501,on perennial
4674994,4673194,45635,79.62958526611328,50.526248931884766,197176.44288,0,1148,1167,2,0.2225746432669093,on perennial
4788325,4786525,45635,85.92958068847656,57.430416107177734,109707.780096,0,311,1930,2,0.17986179049451792,on perennial
5146578,5146579,45635,105.91625213623047,52.10041809082031,549326.258176,0,957,4353,2,0.024490071788906467,on perennial
4880149,4881949,45635,91.1995849609375,55.0595817565918,279318.85568,0,598,2569,2,0.32000986328458236,on perennial
4748739,4750538,45635,83.90291595458984,56.098751068115234,259257.729024,0,472,1685,2,0.3793690064839905,on perennial
4673194,4671394,45635,79.56791687011719,50.56708526611328,197712.232448,0,1143,1159,2,0.17944170078616556,on perennial
4786525,4784725,45635,85.8495864868164,57.43791580200195,109796.425728,0,310,1921,2,0.17451885416469085,on perennial
5146579,5144779,45635,105.87374877929688,52.055416107177734,551171.457024,0,962,4348,2,0.45015314048794397,on perennial
4881949,4883749,45635,91.3237533569336,55.061248779296875,279361.257472,0,598,2584,2,0.16258903893038376,on perennial
4750538,4750537,45635,83.992919921875,56.25291442871094,260011.54048,0,454,1696,2,0.34486838049175006,on perennial
4671394,4669593,45635,79.50041961669922,50.59375,198468.386816,0,1140,1151,2,0.321989198106365,on perennial
4784725,4784724,45635,85.86125183105469,57.49958419799805,109931.913216,0,303,1922,2,0.3864648276835554,on perennial
5144779,5144780,45635,105.80458068847656,52.00041580200195,551581.319168,0,969,4339,2,0.2871102391683346,on perennial
4883749,4885549,45635,91.4054183959961,55.0745849609375,280114.102272,0,597,2594,2,0.44321573785131974,on perennial
4750537,4752336,45635,83.99958038330078,56.29624938964844,260220.387328,0,448,1696,2,0.45605004922196146,on perennial
4669593,4667793,45635,79.34041595458984,50.65791702270508,198519.832576,0,1132,1132,2,0.22337009455340417,on perennial
4784724,4782924,45635,85.77874755859375,57.536251068115234,110776.1152,0,298,1912,1,0.130382470897127,on intermittent
5144780,5142980,45635,105.757080078125,51.94708251953125,552426.274816,0,976,4334,2,0.3970311793472532,on perennial
4885549,4887348,45635,91.51625061035156,55.102081298828125,280304.0256,0,593,2608,2,0.30035316086647584,on perennial
4752336,4752335,45635,84.069580078125,56.40041732788086,261609.701376,0,436,1705,2,0.17833879978961986,on perennial
4667793,4665993,45635,79.25125122070312,50.63291549682617,227764.781056,0,1135,1121,2,0.1183574763980733,on perennial
4782924,4781124,45635,85.68875122070312,57.56291580200195,116693.11488,0,295,1901,1,0.12028981939880147,on intermittent
5142980,5142981,45635,105.7004165649414,51.909584045410156,553110.142976,0,980,4327,2,0.1749698713923509,on perennial
4887348,4889148,45635,91.62041473388672,55.11125183105469,280430.01856,0,592,2620,2,0.10737924166224025,on perennial
4752335,4754134,45635,84.1187515258789,56.50958251953125,262029.688832,0,423,1711,2,0.39059066199309095,on perennial
4665993,4664193,45635,79.2004165649414,50.67208480834961,227889.577984,0,1130,1115,2,0.22493462573455622,on perennial
4781124,4781123,45635,85.64541625976562,57.617916107177734,116815.724544,0,288,1896,2,0.22187056165171534,on perennial
5142981,5141181,45635,105.64041900634766,51.88541793823242,553382.05184,0,983,4320,2,0.2662277662995095,on perennial
4889148,4890948,45635,91.6995849609375,55.126251220703125,282209.681408,0,590,2630,2,0.2694257621532199,on perennial
4754134,4755933,45635,84.1995849609375,56.58958435058594,262545.997824,0,413,1721,2,0.20140092558292336,on perennial
4664193,4662393,45635,79.10041809082031,50.62541580200195,228026.990592,0,1136,1103,2,0.2980270372274109,on perennial
4781123,4779323,45635,85.60041809082031,57.645416259765625,117144.027136,0,285,1890,2,0.24225929354703082,on perennial
5141181,5139381,45635,105.57791900634766,51.85874938964844,556088.295424,0,986,4312,2,0.2922974617154094,on perennial
4890948,4892748,45635,91.7995834350586,55.13458251953125,282317.520896,0,589,2642,2,0.2365666650268646,on perennial
4755933,4757733,45635,84.2995834350586,56.68208312988281,263065.157632,0,402,1733,2,0.32039713967854055,on perennial
4662393,4660593,45635,79.00125122070312,50.612083435058594,228089.413632,0,1137,1091,2,0.4695295012905725,on perennial
4779323,4779322,45635,85.51541900634766,57.700416564941406,119964.909568,0,278,1880,2,0.23094180891398988,on perennial
5139381,5137581,45635,105.49958038330078,51.83708190917969,556431.966208,0,989,4302,2,0.27647375344122604,on perennial
4892748,4894548,45635,91.90208435058594,55.16374969482422,285671.358464,0,586,2654,2,0.3068043498955639,on perennial
4757733,4759532,45635,84.37208557128906,56.70874786376953,263295.041536,0,398,1742,2,0.45752593347900156,on perennial
4660593,4658793,45635,78.89291381835938,50.62958526611328,228386.881536,0,1135,1077,2,0.3769009649401191,on perennial
4779322,4777522,45635,85.46458435058594,57.74041748046875,128945.750016,0,273,1874,2,0.35666855062593744,on perennial
5137581,5135781,45635,105.4120864868164,51.8004150390625,556663.898112,0,993,4292,2,0.36400496399958865,on perennial
4894548,4896348,45635,91.99958038330078,55.17708206176758,285898.99776,0,584,2666,2,0.10702404661070387,on perennial
4759532,4759531,45635,84.43708038330078,56.80708312988281,263359.987712,0,387,1749,2,0.4945648540018436,on perennial
4658793,4655193,45635,78.8004150390625,50.63624954223633,228623.777792,0,1135,1066,2,0.47568764822902143,on perennial
4777522,4775722,45635,85.39291381835938,57.75541687011719,129099.9808,0,272,1865,2,0.42165992820683157,on perennial
5135781,5135782,45635,105.34791564941406,51.7720832824707,557767.655424,0,997,4284,2,0.17103661469691275,on perennial
4896348,4899948,45635,92.12791442871094,55.23374938964844,286088.003584,0,577,2682,2,0.2702482155894837,on perennial
4759531,4759530,45635,84.40458679199219,56.96458435058594,324735.533056,0,367,1746,1,0.463593587827318,on intermittent
4655193,4656993,45635,78.73458099365234,50.66208267211914,229800.804352,0,1131,1058,2,0.3653056671629401,on perennial
4775722,4773922,45635,85.28375244140625,57.73958206176758,129301.13536,0,273,1852,1,0.45109447957469023,on intermittent
5135782,5133983,45635,105.3004150390625,51.758750915527344,558109.556736,0,998,4278,2,0.44639175124076397,on perennial
4899948,4898147,45635,92.1812515258789,55.25041580200195,286655.77472,0,575,2688,2,0.20302298880147138,on perennial
4759530,4759529,45635,84.44208526611328,57.07041549682617,324970.020864,0,355,1750,2,0.3669433790649335,on perennial
4656993,4655192,45635,78.69791412353516,50.693748474121094,229895.389184,0,1128,1054,2,0.44725419980805114,on perennial
4773922,4773921,45635,85.305419921875,57.7912483215332,129359.79008,0,267,1855,2,0.25439599658780715,on perennial
5133983,5133982,45635,105.2620849609375,51.74958419799805,558239.842304,0,1000,4274,2,0.4479826970606387,on perennial
4898147,4899946,45635,92.20208740234375,55.283748626708984,286752.571392,0,571,2691,2,0.23363411284874835,on perennial
4759529,4759528,45635,84.48208618164062,57.09958267211914,326352.994304,0,351,1755,1,0.07685374668799277,on intermittent
4655192,4653392,45635,78.60041809082031,50.751251220703125,230095.388672,0,1121,1042,2,0.40348058554926725,on perennial
4773921,4772122,45635,85.20625305175781,57.78291702270508,129907.392512,0,268,1843,2,0.2675047918468067,on perennial
5133982,5132182,45635,105.18541717529297,51.73875045776367,558457.421824,0,1001,4264,2,0.25894247062535836,on perennial
4899946,4901746,45635,92.2995834350586,55.35625076293945,287104.237568,0,562,2702,2,0.4281245563410086,on perennial
4759528,4757728,45635,84.35208129882812,57.14041519165039,326557.335552,0,346,1739,2,0.12917845489876517,on perennial
4653392,4651591,45635,78.46708679199219,50.83208465576172,235799.871488,0,1111,1026,2,0.2432136846922423,on perennial
4772122,4770322,45635,85.14291381835938,57.799583435058594,129997.627392,0,266,1835,2,0.19922648514209584,on perennial
5132182,5130382,45635,105.10041809082031,51.727081298828125,558653.505536,0,1002,4254,2,0.2608319060552005,on perennial
4901746,4899945,45635,92.33125305175781,55.39958190917969,289635.20512,0,557,2706,2,0.2024561043804675,on perennial
4757728,4757727,45635,84.36624908447266,57.23958206176758,326904.348672,0,334,1741,2,0.11119204152754882,on perennial
4651591,4649791,45635,78.37875366210938,50.8529167175293,236258.328576,0,1108,1015,2,0.2263185051231214,on perennial
4770322,4770321,45635,85.09124755859375,57.799583435058594,130570.027008,0,266,1829,1,0.23574570472328107,on intermittent
5130382,5128583,45635,104.97374725341797,51.696250915527344,559599.976448,0,1006,4239,2,0.14729618820303525,on perennial
4899945,4901745,45635,92.3629150390625,55.44791793823242,289710.637056,0,551,2710,2,0.2585472550378147,on perennial
4757727,4755927,45635,84.3004150390625,57.251251220703125,327068.680192,0,333,1733,2,0.2976774227224434,on perennial
4649791,4647991,45635,78.3004150390625,50.88458251953125,244766.130176,0,1104,1006,2,0.42981218573795543,on perennial
4770321,4768521,45635,84.99708557128906,57.82875061035156,130610.33984,0,263,1817,2,0.33315772323376597,on perennial
5128583,5126783,45635,104.9004135131836,51.6845817565918,559777.251328,0,1007,4230,2,0.4027456924160005,on perennial
4901745,4903544,45635,92.39875030517578,55.49958419799805,290277.425152,0,545,2715,2,0.259822049321644,on perennial
4755927,4752326,45635,84.1554183959961,57.29708480834961,327109.0176,0,327,1715,2,0.19163801548347015,on perennial
4647991,4647990,45635,78.24874877929688,50.9162483215332,244856.782848,0,1101,999,2,0.4504608567622631,on perennial
4768521,4766721,45635,84.9004135131836,57.82041549682617,130835.488768,0,264,1806,2,0.34054844188395816,on perennial
5126783,5126782,45635,104.81625366210938,51.6995849609375,569823.002624,0,1006,4220,2,0.4081191259389322,on perennial
4903544,4903543,45635,92.47958374023438,55.604583740234375,291096.461312,0,532,2724,2,0.2979307425298162,on perennial
4752326,4750526,45635,83.96875,57.35124969482422,327149.944832,0,321,1693,2,0.43272039276401597,on perennial
4647990,4646189,45635,78.1995849609375,50.969581604003906,244987.199488,0,1094,993,2,0.24146333761069777,on perennial
4766721,4764921,45635,84.79708099365234,57.85041809082031,131232.423936,0,260,1793,2,0.06577456805193811,on perennial
5126782,5124982,45635,104.79875183105469,51.75041580200195,569879.494656,0,999,4218,2,0.49111586058602924,on perennial
4903543,4903542,45635,92.46208190917969,55.6995849609375,291251.355648,0,521,2722,2,0.23628748628244356,on perennial
4750526,4750525,45635,83.9495849609375,57.411251068115234,339790.004224,0,313,1690,2,0.31796783719207966,on perennial
4646189,4644389,45635,78.10041809082031,51.07208251953125,245124.169728,0,1082,981,1,0.368574560964906,on intermittent
4764921,4763121,45635,84.7004165649414,57.84375,131890.880512,0,261,1781,2,0.21920550729300378,on perennial
5124982,5126781,45635,104.79792022705078,51.80208206176758,570040.778752,0,993,4217,2,0.298091171437965,on perennial
4903542,4901742,45635,92.37541961669922,55.756248474121094,291348.283392,0,514,2712,2,0.1951651491612965,on perennial
4750525,4748724,45635,83.9004135131836,57.479583740234375,339972.390912,0,305,1684,2,0.1966357586259856,on perennial
4644389,4646188,45635,78.0687484741211,51.116249084472656,245174.583296,0,1076,978,1,0.39808491384669714,on intermittent
4763121,4761321,45635,84.56291961669922,57.81208419799805,131952.72192,0,265,1765,2,0.3097252281404005,on perennial
5126781,5124980,45635,104.80291748046875,51.90625,570222.379008,0,981,4218,2,0.40358128878762317,on perennial
4901742,4899941,45635,92.27375030517578,55.80208206176758,291519.52896,0,508,2699,2,0.35880042930441763,on perennial
4748724,4748723,45635,83.79458618164062,57.596248626708984,340123.287552,0,291,1672,2,0.24510736789089876,on perennial
4646188,4644388,45635,78.10041809082031,51.17208480834961,245931.933696,0,1070,981,2,0.463875583274521,on perennial
4761321,4759521,45635,84.50041961669922,57.84375,132215.832576,0,261,1757,2,0.13953739131277082,on perennial
5124980,5123180,45635,104.7004165649414,51.957916259765625,570787.168256,0,974,4206,2,0.3508266620759221,on perennial
4899941,4899940,45635,92.26541900634766,55.89958190917969,292519.903232,0,497,2698,2,0.47321486868660995,on perennial
4748723,4748722,45635,83.87374877929688,57.6995849609375,342280.568832,0,278,1681,2,0.3207966594287011,on perennial
4644388,4644387,45635,78.07624816894531,51.217918395996094,246070.099968,0,1064,978,2,0.2523932886860091,on perennial
4759521,4759522,45635,84.45458221435547,57.78791809082031,132275.068928,0,268,1752,2,0.3982449760919183,on perennial
5123180,5123179,45635,104.632080078125,51.99958419799805,571089.813504,0,969,4197,2,0.292897135177682,on perennial
4899940,4901740,45635,92.31625366210938,55.95708465576172,292620.795904,0,490,2705,2,0.4857728885453695,on perennial
4644387,4642586,45635,78.00041961669922,51.297916412353516,249672.351744,0,1054,969,2,0.3081322512398972,on perennial
4759522,4757721,45635,84.38541412353516,57.82624816894531,132352.221184,0,263,1743,2,0.0921552190144106,on perennial
5123179,5121379,45635,104.58208465576172,52.05208206176758,571161.772032,0,963,4191,2,0.18481108285296424,on perennial
4901740,4903540,45635,92.4262466430664,55.963748931884766,292836.081664,0,489,2718,2,0.25126930509898926,on perennial
4642586,4640785,45635,77.87041473388672,51.3720817565918,249712.017408,0,1045,953,2,0.39824978708929953,on perennial
4757721,4755921,45635,84.3004150390625,57.80791473388672,132591.894528,0,265,1733,2,0.19849354548621234,on perennial
5121379,5119578,45635,104.4745864868164,52.11458206176758,571511.93088,0,955,4178,2,0.3128776767430253,on perennial
4903540,4905340,45635,92.50291442871094,55.95624923706055,302262.288384,0,490,2727,2,0.3260855261862251,on perennial
4640785,4638985,45635,77.75375366210938,51.472084045410156,249756.729344,0,1033,939,2,0.2628926427825299,on perennial
4755921,4754121,45635,84.17791748046875,57.805416107177734,132671.275008,0,266,1718,1,0.44968524618530575,on intermittent
5119578,5117777,45635,104.4004135131836,52.1995849609375,572080.848896,0,945,4169,2,0.13900181103866283,on perennial
4905340,4907140,45635,92.60458374023438,55.963748931884766,302439.038976,0,489,2739,2,0.3302411594545173,on perennial
4500338,4502138,45635,70.13541412353516,56.132083892822266,124293.824512,0,468,16,1,0.3134677583707582,on intermittent
4638985,4637184,45635,77.6504135131836,51.51791763305664,249805.029376,0,1028,927,1,0.35311662010605804,on intermittent
4754121,4752321,45635,84.1187515258789,57.797916412353516,132712.390656,0,266,1711,2,0.390297021328482,on perennial
5117777,5115977,45635,104.3004150390625,52.25458526611328,572176.924672,0,938,4157,2,0.31817983662856536,on perennial
4907140,4908940,45635,92.6995849609375,55.969581604003906,302598.455296,0,488,2751,2,0.03728391205837481,on perennial
4502138,4503938,45635,70.26958465576172,56.15625,124593.733632,0,465,32,1,0.3860153779894781,on intermittent
4637184,4635384,45635,77.52958679199219,51.53541564941406,249853.05088,0,1026,912,2,0.46053708780360314,on perennial
4752321,4752322,45635,84.08625030517578,57.8004150390625,133193.179136,0,266,1707,2,0.11297835820808792,on perennial
5115977,5115976,45635,104.29042053222656,52.297916412353516,587245.879296,0,933,4156,2,0.0922115350318699,on perennial
4908940,4912539,45635,92.83041381835938,55.992916107177734,303636.709376,0,485,2767,2,0.21063041514438188,on perennial
4503938,4505738,45635,70.2995834350586,56.17625045776367,125002.366976,0,463,36,1,0.09643069593378968,on intermittent
4635384,4633584,45635,77.43624877929688,51.59375,251352.006656,0,1018,901,2,0.41052058238252753,on perennial
4752322,4750522,45635,84.00041961669922,57.74458312988281,133253.013504,0,273,1697,1,0.2577786223851917,on intermittent
5115976,5114176,45635,104.2004165649414,52.382083892822266,588216.598528,0,923,4145,2,0.10666148006064997,on perennial
4912539,4914339,45635,93.00375366210938,56.0595817565918,305020.698624,0,477,2788,2,0.1438924404695631,on perennial
4505738,4509338,45635,70.44791412353516,56.237083435058594,125181.485056,0,456,54,1,0.3721002446840225,on intermittent
4633584,4633583,45635,77.42375183105469,51.626251220703125,251416.592384,0,1014,899,2,0.49969439850713443,on perennial
4750522,4748722,45635,83.9004135131836,57.75541687011719,133309.0304,0,272,1684,2,0.43951661400319963,on perennial
5114176,5114175,45635,104.132080078125,52.408748626708984,588245.303296,0,920,4137,2,0.3554372973865603,on perennial
4914339,4916139,45635,93.12041473388672,56.053749084472656,305077.878784,0,478,2802,2,0.15334825931289603,on perennial
4509338,4507537,45635,70.47291564941406,56.25958251953125,125247.504384,0,453,57,1,0.1394991746399545,on intermittent
4633583,4633582,45635,77.47792053222656,51.76874923706055,252194.4064,0,997,906,2,0.21413446379953296,on perennial
4748722,4746923,45635,83.8004150390625,57.72541809082031,475644.493824,0,275,1672,2,0.23347733886735714,on perennial
5114175,5112375,45635,104.10041809082031,52.44791793823242,596429.37344,0,915,4133,2,0.10945244444340851,on perennial
4916139,4916138,45635,93.17208099365234,56.09958267211914,305754.832896,0,472,2808,2,0.2822884821165601,on perennial
4507537,4509337,45635,70.49958038330078,56.29624938964844,126588.280832,0,448,60,0,0.6715815139374881,near water
4633582,4631781,45635,77.43791961669922,51.799583435058594,252272.607232,0,993,901,2,0.4509597374407912,on perennial
4746923,4743323,45635,83.7004165649414,57.67124938964844,475741.06112,0,282,1660,1,0.2221238448333098,on intermittent
5112375,5110575,45635,104.0112533569336,52.49625015258789,596493.795328,0,909,4122,2,0.05955484723459728,on perennial
4916138,4917938,45635,93.1995849609375,56.15458297729492,305951.768576,0,466,2812,2,0.41870233783217,on perennial
4509337,4512936,45635,70.5995864868164,56.31458282470703,126638.792704,0,446,72,1,0.21871580114374445,on intermittent
4631781,4629980,45635,77.32875061035156,51.905418395996094,252382.920704,0,981,888,2,0.3246080815929208,on perennial
4743323,4743322,45635,83.57041931152344,57.700416564941406,475790.475264,0,278,1644,2,0.2928036198668643,on perennial
5110575,5110574,45635,103.97125244140625,52.49791717529297,596777.762816,0,909,4117,2,0.19182783300876313,on perennial
4917938,4919738,45635,93.33374786376953,56.174583435058594,307544.22784,0,463,2828,2,0.19143899119861743,on perennial
4512936,4511136,45635,70.69291687011719,56.376251220703125,127119.859712,0,439,83,1,0.343272897159572,on intermittent
4629980,4626380,45635,77.14541625976562,51.95541763305664,252474.884096,0,975,866,2,0.42708300413851497,on perennial
4743322,4741522,45635,83.50041961669922,57.71458435058594,477809.082368,0,277,1636,2,0.4422493991709002,on perennial
5110574,5110573,45635,103.94708251953125,52.62291717529297,596853.456896,0,894,4114,2,0.3277600522175742,on perennial
4919738,4919737,45635,93.41874694824219,56.20624923706055,307707.772928,0,459,2838,2,0.32721220238348464,on perennial
4511136,4511135,45635,70.63291931152344,56.4162483215332,128442.343424,0,434,76,1,0.14700623819514763,on intermittent
4626380,4624579,45635,76.99124908447266,52.05458450317383,252536.58624,0,963,847,1,0.3870532532337853,on intermittent
4741522,4739721,45635,83.37374877929688,57.82291793823242,477914.56256,0,263,1621,2,0.4162627375467762,on perennial
5110573,5108773,45635,103.9004135131836,52.657081604003906,607268.569088,0,890,4109,2,0.45801315292122213,on perennial
4919737,4921537,45635,93.40374755859375,56.27458190917969,307980.140544,0,451,2836,2,0.17280323481730817,on perennial
4511135,4512935,45635,70.6995849609375,56.450416564941406,128808.50944,0,430,84,1,0.2727426566745111,on intermittent
4624579,4624578,45635,76.94125366210938,52.10874938964844,255106.072576,0,956,841,2,0.07784173682416819,on perennial
4739721,4737921,45635,83.3004150390625,57.840415954589844,478040.752128,0,261,1612,2,0.29336189942593854,on perennial
5108773,5106972,45635,103.77625274658203,52.69708251953125,607335.743488,0,885,4094,2,0.3554118622147463,on perennial
4921537,4921536,45635,93.49874877929688,56.3095817565918,308361.691136,0,447,2848,2,0.18287912526171748,on perennial
4512935,4512934,45635,70.74624633789062,56.51791763305664,129049.288704,0,422,90,2,0.39460769622419817,on perennial
4624578,4624577,45635,76.90958404541016,52.20124816894531,255852.183552,0,945,837,2,0.18104980952511257,on perennial
4737921,4739720,45635,83.3012466430664,57.93541717529297,478081.384448,0,250,1612,2,0.2527063082283614,on perennial
5106972,5106971,45635,103.72208404541016,52.799583435058594,607419.76064,0,872,4087,2,0.2551980009221823,on perennial
4921536,4923336,45635,93.5512466430664,56.31208419799805,308482.408448,0,447,2854,2,0.45146281683609685,on perennial
4512934,4512933,45635,70.73124694824219,56.61375045776367,129606.90176,0,410,88,1,0.08034857620695149,on intermittent
4624577,4622776,45635,76.8879165649414,52.31041717529297,255992.905728,0,932,834,1,0.4530038098009776,on intermittent
4739720,4737920,45635,83.29541778564453,57.965415954589844,479785.7792,0,246,1611,2,0.11134277472767823,on perennial
5106971,5106970,45635,103.7004165649414,52.87541580200195,607535.104,0,863,4084,2,0.23455505876831795,on perennial
4923336,4925136,45635,93.5995864868164,56.38041687011719,308603.61728,0,438,2860,2,0.2195802115205308,on perennial
4512933,4511133,45635,70.65291595458984,56.64624786376953,129771.061248,0,406,79,1,0.1814548340150838,on intermittent
4622776,4620976,45635,76.75041961669922,52.38624954223633,256154.8288,0,922,818,2,0.37839240688565395,on perennial
4737920,4737918,45635,83.20291900634766,58.07041549682617,480529.154048,0,233,1600,2,0.3638593027235092,on perennial
5106970,5105170,45635,103.66708374023438,52.9154167175293,607720.177664,0,858,4080,2,0.29456711449427786,on perennial
4925136,4926935,45635,93.65958404541016,56.39958190917969,308627.603456,0,436,2867,2,0.1843056661252331,on perennial
4511133,4511132,45635,70.63041687011719,56.6995849609375,129893.752832,0,400,76,1,0.4147886197029621,on intermittent
4620976,4620975,45635,76.77958679199219,52.422916412353516,256318.898176,0,918,821,2,0.16161380350401688,on perennial
4737918,4734318,45635,83.1762466430664,58.12791442871094,480943.439872,0,226,1597,1,0.42638486301013856,on intermittent
5105170,5103370,45635,103.56458282470703,52.969581604003906,626147.328,0,852,4068,2,0.3031432942630266,on perennial
4926935,4925135,45635,93.70124816894531,56.42124938964844,308653.129728,0,433,2872,2,0.3266022443555506,on perennial
4511132,4509332,45635,70.5687484741211,56.78708267211914,130436.677632,0,389,68,1,0.2264889207004959,on intermittent
4620975,4620974,45635,76.77041625976562,52.49625015258789,256499.826688,0,909,820,1,0.09684289816175252,on intermittent
4734318,4732518,45635,83.00041961669922,58.16374969482422,482182.135808,0,222,1575,2,0.1646535845898537,on perennial
5103370,5101570,45635,103.492919921875,52.98208236694336,626293.080064,0,850,4059,2,0.1984963820482987,on perennial
4925135,4926934,45635,93.72875213623047,56.50374984741211,309124.857856,0,423,2876,2,0.3015856172634926,on perennial
4509332,4511131,45635,70.60541534423828,56.80291748046875,130733.481984,0,387,73,1,0.06281694334868115,on intermittent
4620974,4619173,45635,76.7437515258789,52.59958267211914,256906.805248,0,897,817,2,0.442083800126298,on perennial
4732518,4732517,45635,82.93374633789062,58.21208190917969,482238.201856,0,216,1567,2,0.227525943285772,on perennial
5101570,5099769,45635,103.367919921875,53.01791763305664,626476.187648,0,846,4044,2,0.17958599803338235,on perennial
4926934,4925133,45635,93.75875091552734,56.59958267211914,347456.274432,0,412,2879,2,0.3487706542772233,on perennial
4511131,4509331,45635,70.66791534423828,56.89958190917969,132268.376064,0,375,80,1,0.36460561309122325,on intermittent
4619173,4619172,45635,76.68374633789062,52.6995849609375,258458.697728,0,884,810,2,0.41407653357406604,on perennial
4732517,4734317,45635,82.99958038330078,58.28541564941406,482311.3728,0,207,1575,1,0.3173296245607363,on intermittent
5099769,5099768,45635,103.36458587646484,53.09958267211914,626638.848,0,836,4044,2,0.18689735768075635,on perennial
4925133,4923332,45635,93.60124969482422,56.73125076293945,347525.906432,0,396,2860,2,0.29425362083451884,on perennial
4509331,4511130,45635,70.61958312988281,56.946250915527344,134883.237888,0,370,75,1,0.3769964460194869,on intermittent
4619172,4617371,45635,76.60041809082031,52.76958465576172,258731.180032,0,876,800,2,0.2615725867937975,on perennial
4734317,4732516,45635,82.96875,58.31208419799805,482351.710208,0,204,1571,2,0.24281718749301967,on perennial
5099768,5099767,45635,103.35874938964844,53.1995849609375,629664.776192,0,824,4043,2,0.19032324615739207,on perennial
4923332,4925132,45635,93.5995864868164,56.7620849609375,350222.319616,0,392,2860,2,0.03655376410174329,on perennial
4511130,4511129,45635,70.694580078125,56.99958419799805,135032.766464,0,363,84,1,0.23045048343683858,on intermittent
4617371,4615571,45635,76.444580078125,52.82791519165039,258795.241472,0,869,781,2,0.2363114607511942,on perennial
4732516,4730716,45635,82.83374786376953,58.32624816894531,482478.620672,0,202,1555,2,0.35140311785800943,on perennial
5099767,5099766,45635,103.39041900634766,53.325416564941406,631193.6,0,809,4047,2,0.4325513159404771,on perennial
4925132,4923331,45635,93.60041809082031,56.797916412353516,350850.646016,0,388,2860,2,0.34723534990158733,on perennial
4511129,4512929,45635,70.70458221435547,57.0504150390625,135348.707328,0,357,85,1,0.053328820425851575,on intermittent
4615571,4613770,45635,76.32958221435547,52.917083740234375,260242.259968,0,858,767,2,0.1570991677711955,on perennial
4730716,4728916,45635,82.8004150390625,58.35708236694336,562995.2,0,199,1551,2,0.3303503593893997,on perennial
5099766,5099765,45635,103.39041900634766,53.38874816894531,631331.422208,0,801,4047,2,0.15786270866161095,on perennial
4923331,4921531,45635,93.45208740234375,56.83374786376953,350915.362816,0,383,2842,2,0.2788934648719604,on perennial
4512929,4512928,45635,70.78375244140625,57.13624954223633,135505.26464,0,347,95,0,0.4274806319093369,near water
4613770,4611970,45635,76.22958374023438,52.944583892822266,261558.894592,0,855,755,2,0.3512733550931936,on perennial
4728916,4727116,45635,82.69208526611328,58.33208465576172,563037.47072,0,202,1538,2,0.3029434826766331,on perennial
5099765,5099764,45635,103.35624694824219,53.51041793823242,631864.492032,0,786,4043,2,0.203774922392657,on perennial
4921531,4919730,45635,93.43541717529297,56.89958190917969,351332.401152,0,375,2840,2,0.29346324971980386,on perennial
4512928,4511127,45635,70.71208190917969,57.202083587646484,136055.308288,0,339,86,1,0.3418585117089661,on intermittent
4611970,4610169,45635,76.22624969482422,52.99958419799805,261717.786624,0,848,754,2,0.11343008158408716,on perennial
4727116,4725316,45635,82.59708404541016,58.3529167175293,589926.629376,0,199,1526,2,0.24243938201348045,on perennial
5099764,5099763,45635,103.38541412353516,53.6129150390625,632299.84768,0,774,4046,2,0.30610741824665605,on perennial
4919730,4919729,45635,93.36458587646484,57.001251220703125,353877.229568,0,363,2832,2,0.21478570905767166,on perennial
4511127,4512927,45635,70.6995849609375,57.235416412353516,136309.489664,0,335,84,1,0.39479609551381223,on intermittent
4610169,4608369,45635,76.11125183105469,53.047916412353516,269386.30144,0,842,740,2,0.2156749427934344,on perennial
4725316,4723516,45635,82.43875122070312,58.34208297729492,589968.83456,0,200,1507,2,0.43563816412745965,on perennial
5099763,5099762,45635,103.34541320800781,53.6995849609375,636801.449984,0,763,4041,2,0.26329625187637734,on perennial
4919729,4921529,45635,93.39958190917969,57.04708480834961,354264.252416,0,357,2836,2,0.40456402958003285,on perennial
4512927,4512926,45635,70.7129135131836,57.299583435058594,136535.53152,0,327,86,2,0.1677087718024693,on perennial
4608369,4604769,45635,75.95958709716797,53.01958465576172,269474.988032,0,846,722,2,0.3635878868821545,on perennial
4723516,4723515,45635,82.44041442871094,58.39958190917969,590259.421184,0,193,1507,2,0.4946100599111052,on perennial
5099762,5097962,45635,103.3004150390625,53.74958419799805,641045.757952,0,757,4036,2,0.12479167978077933,on perennial
4921529,4921528,45635,93.45541381835938,57.09958267211914,354358.984704,0,351,2843,2,0.21757450840783019,on perennial
4512926,4514726,45635,70.7995834350586,57.36541748046875,137808.36352,0,319,96,1,0.2523193657517302,on intermittent
4604769,4604768,45635,75.82125091552734,53.09958267211914,269558.08768,0,836,705,1,0.0980409522265215,on intermittent
4723515,4721715,45635,82.34124755859375,58.430416107177734,590286.618624,0,190,1495,2,0.3000992721216675,on perennial
5097962,5097961,45635,103.27708435058594,53.818748474121094,641232.994304,0,749,4033,2,0.24066762856876012,on perennial
4921528,4921527,45635,93.43458557128906,57.21041488647461,354889.07264,0,338,2840,2,0.3391564361149341,on perennial
4514726,4512925,45635,70.7870864868164,57.39208221435547,137835.511808,0,316,95,2,0.35974309070103955,on perennial
4604768,4602968,45635,75.8004150390625,53.139583587646484,269726.695424,0,831,703,1,0.23850891272223784,on intermittent
4721715,4719915,45635,82.29792022705078,58.479583740234375,590336.032768,0,184,1490,2,0.20437959933930733,on perennial
5097961,5097960,45635,103.23458099365234,53.90208435058594,641571.094528,0,739,4028,2,0.33098967549727587,on perennial
4921527,4919727,45635,93.38458251953125,57.26874923706055,354979.0208,0,331,2834,2,0.4030054248121786,on perennial
4512925,4514725,45635,70.79541778564453,57.44208526611328,137861.742592,0,310,96,1,0.41472838997115313,on intermittent
4602968,4601167,45635,75.67708587646484,53.21708297729492,269780.074496,0,822,688,2,0.36279179580759735,on perennial
4719915,4719914,45635,82.23291778564453,58.49958419799805,590399.0784,0,181,1482,2,0.3634146451705394,on perennial
5097960,5096160,45635,103.18541717529297,53.96125030517578,641661.927424,0,731,4022,2,0.4310614436006048,on perennial
4919727,4917926,45635,93.26791381835938,57.35625076293945,355570.221056,0,320,2820,2,0.08380597750273835,on perennial
4514725,4516525,45635,70.944580078125,57.492916107177734,139282.0224,0,303,114,1,0.35682319139090757,on intermittent
4601167,4599367,45635,75.59208679199219,53.26041793823242,270891.286528,0,816,677,2,0.4246195073956826,on perennial
4719914,4718114,45635,82.17124938964844,58.571250915527344,594020.27008,0,173,1475,2,0.30682599196632926,on perennial
5096160,5094359,45635,103.12291717529297,53.99958419799805,641777.074176,0,727,4014,2,0.2694971973371034,on perennial
4917926,4917925,45635,93.2379150390625,57.39958190917969,355641.42592,0,315,2816,2,0.2934916931225718,on perennial
4516525,4516524,45635,70.98124694824219,57.49958419799805,139415.453696,0,303,118,2,0.4413434817941495,on perennial
4599367,4597566,45635,75.48291778564453,53.32791519165039,270982.004736,0,808,664,2,0.22419037058562802,on perennial
4718114,4716314,45635,82.10041809082031,58.582916259765625,596986.494976,0,171,1466,2,0.26668497208480213,on perennial
5094359,5092559,45635,103.00041961669922,54.08541488647461,642496.331776,0,716,4000,2,0.4543524957767377,on perennial
4917925,4919724,45635,93.27708435058594,57.49958419799805,357368.987648,0,303,2821,2,0.38503761480276527,on perennial
4516524,4518324,45635,71.069580078125,57.526248931884766,139543.7568,0,299,129,1,0.3277968475850569,on intermittent
4597566,4599366,45635,75.49958038330078,53.34375,272480.550912,0,806,666,2,0.29869767469656805,on perennial
4716314,4714514,45635,81.95874786376953,58.5745849609375,597055.307776,0,172,1449,2,0.2555569323225474,on perennial
5092559,5092558,45635,102.9745864868164,54.14041519165039,642730.426368,0,710,3996,2,0.3198539862019674,on perennial
4919724,4917924,45635,93.31375122070312,57.59958267211914,357498.814464,0,290,2825,2,0.46720749755692853,on perennial
4518324,4520124,45635,71.0995864868164,57.55291748046875,142920.859648,0,296,133,2,0.15073400450249808,on perennial
4599366,4597565,45635,75.50041961669922,53.38291549682617,272994.074624,0,802,666,2,0.4112868685638064,on perennial
4714514,4714513,45635,81.90958404541016,58.59958267211914,597087.420416,0,169,1443,2,0.2307818789873668,on perennial
5092558,5094358,45635,102.99874877929688,54.19874954223633,642887.450624,0,703,3999,2,0.3465732398850273,on perennial
4917924,4917923,45635,93.27874755859375,57.631248474121094,357636.931584,0,287,2821,2,0.3567976143724547,on perennial
4520124,4520123,45635,71.16458129882812,57.59958267211914,143048.523776,0,290,141,2,0.45334873335404174,on perennial
4597565,4595764,45635,75.367919921875,53.51041793823242,273064.001536,0,786,650,2,0.13659109980715123,on perennial
4714513,4710912,45635,81.9004135131836,58.664581298828125,597223.538688,0,161,1442,2,0.3386654606261452,on perennial
5094358,5094357,45635,103.03624725341797,54.24541473388672,643032.875008,0,697,4004,2,0.06163624139574734,on perennial
4917923,4917922,45635,93.2995834350586,57.66374969482422,357726.6176,0,283,2824,2,0.3286799665417254,on perennial
4520123,4521923,45635,71.1987533569336,57.63458251953125,143813.935104,0,286,145,2,0.22145791752762944,on perennial
4595764,4593964,45635,75.23374938964844,53.520416259765625,273267.163136,0,785,634,2,0.1053189912697861,on perennial
4710912,4709113,45635,81.7179183959961,58.700416564941406,597298.249728,0,157,1420,2,0.07345435925899718,on perennial
5094357,5094356,45635,103.10874938964844,54.30125045776367,643158.310912,0,690,4013,2,0.2912569408384635,on perennial
4917922,4917921,45635,93.28958129882812,57.799583435058594,360033.353728,0,266,2822,2,0.3076341889039299,on perennial
4521923,4520122,45635,71.2004165649414,57.6845817565918,143899.27936,0,280,145,2,0.14382352755639552,on perennial
4593964,4592165,45635,75.2004165649414,53.54624938964844,273341.874176,0,782,630,2,0.2231924482631837,on perennial
4709113,4709112,45635,81.6554183959961,58.6995849609375,598008.987648,0,157,1412,2,0.17585904975929528,on perennial
5094356,5096156,45635,103.14541625976562,54.32875061035156,643260.153856,0,687,4017,2,0.0969425969036109,on perennial
4917921,4916120,45635,93.194580078125,57.91374969482422,360543.158272,0,252,2811,2,0.3479548497221502,on perennial
4592165,4592164,45635,75.16708374023438,53.57041549682617,273421.811712,0,779,626,1,0.17592368413161627,on intermittent
4709112,4707312,45635,81.52958679199219,58.72541809082031,598047.391744,0,154,1397,2,0.013131272289335036,on perennial
5096156,5097956,45635,103.1995849609375,54.36958312988281,644515.037184,0,682,4024,2,0.1661566567023048,on perennial
4916120,4917919,45635,93.1995849609375,57.99041748046875,360698.18368,0,243,2812,2,0.22298786504332646,on perennial
4592164,4592163,45635,75.10874938964844,53.62041473388672,274390.171648,0,773,619,1,0.24343216056592912,on intermittent
4707312,4709111,45635,81.64041900634766,58.7720832824707,623266.562048,0,148,1410,2,0.3797337420001636,on perennial
5097956,5097955,45635,103.2437515258789,54.40458297729492,644554.031104,0,678,4029,2,0.2467227493985838,on perennial
4917919,4912519,45635,93.12958526611328,58.01874923706055,360902.524928,0,240,2803,2,0.3223270230993867,on perennial
4592163,4590362,45635,75.10041809082031,53.696250915527344,274542.608384,0,764,618,2,0.40252372412629006,on perennial
4709111,4707311,45635,81.58625030517578,58.832916259765625,623334.981632,0,141,1404,2,0.05985542059136317,on perennial
5097955,5097954,45635,103.2370834350586,54.51708221435547,649258.401792,0,664,4028,2,0.15410786624062947,on perennial
4912519,4912518,45635,92.98958587646484,58.09958267211914,361069.182976,0,230,2786,2,0.14567450773839133,on perennial
4590362,4588562,45635,74.9870834350586,53.758750915527344,274656.935936,0,756,604,2,0.014065526624146616,on perennial
4707311,4707310,45635,81.54792022705078,58.902915954589844,623400.124416,0,132,1399,1,0.4556253440642925,on intermittent
5097954,5097953,45635,103.23958587646484,54.59958267211914,649663.873024,0,654,4029,2,0.2594844509618117,on perennial
4588562,4590361,45635,75.03791809082031,53.8004150390625,275082.706944,0,751,610,2,0.090837817503508,on perennial
4707310,4705510,45635,81.50041961669922,58.944583892822266,635298.381824,0,127,1393,1,0.4570159444781238,on intermittent
5097953,5096152,45635,103.18791961669922,54.68791580200195,650303.24224,0,643,4022,2,0.38612137014287196,on perennial
4590361,4590360,45635,75.055419921875,53.90791702270508,275506.95424,0,738,612,2,0.1619580322378983,on perennial
4705510,4703709,45635,81.430419921875,59.01708221435547,635485.093888,0,119,1385,2,0.32883774216921474,on perennial
5096152,5094352,45635,103.0562515258789,54.762916564941406,650453.909504,0,634,4006,2,0.32112496718145495,on perennial
4590360,4588560,45635,75.00041961669922,53.98958206176758,275672.530944,0,728,606,2,0.2120683155911991,on perennial
4703709,4700108,45635,81.3004150390625,59.05791473388672,637281.8944,0,114,1369,2,0.3055454483645459,on perennial
5094352,5094351,45635,103.0562515258789,54.799583435058594,651744.182272,0,630,4006,2,0.21540500933660278,on perennial
4588560,4586759,45635,74.89208221435547,54.0120849609375,275696.713728,0,725,592,2,0.3829143847687566,on perennial
4700108,4698308,45635,81.08208465576172,59.12541580200195,637380.460544,0,106,1343,2,0.46078592807688296,on perennial
5094351,5096150,45635,103.08875274658203,54.902915954589844,651963.531264,0,617,4010,2,0.3305221581663803,on perennial
4586759,4588559,45635,74.91374969482422,54.063751220703125,276265.893888,0,719,595,2,0.07060946330355201,on perennial
4698308,4698309,45635,81.07208251953125,59.07291793823242,639580.110848,0,112,1342,2,0.2333129888256425,on perennial
5096150,5097950,45635,103.1995849609375,54.972084045410156,652713.590784,0,609,4024,2,0.16996043860622315,on perennial
4588559,4586758,45635,74.9004135131836,54.09541702270508,276393.558016,0,715,593,2,0.3246812976968962,on perennial
4698309,4696509,45635,81.00041961669922,59.068748474121094,639758.041088,0,112,1333,2,0.3519161367842504,on perennial
5097950,5097949,45635,103.25291442871094,55.0029182434082,652750.815232,0,605,4030,2,0.20683189291863366,on perennial
4586758,4584958,45635,74.78874969482422,54.14958190917969,276498.055168,0,709,580,2,0.3297010027265438,on perennial
4696509,4694709,45635,80.9004135131836,59.06458282470703,639803.457536,0,113,1321,2,0.15464574869510733,on perennial
5097949,5099748,45635,103.2995834350586,55.068748474121094,653045.92384,0,597,4036,2,0.2305911871531246,on perennial
4584958,4583157,45635,74.72958374023438,54.1995849609375,278508.732416,0,703,573,2,0.40198754558985567,on perennial
4694709,4692908,45635,80.77958679199219,59.116249084472656,640181.665792,0,107,1306,2,0.35169391415403023,on perennial
5099748,5099747,45635,103.33875274658203,55.1995849609375,654346.747904,0,581,4041,2,0.40878678290275894,on perennial
4583157,4583156,45635,74.6379165649414,54.31624984741211,278587.572224,0,688,562,2,0.4397124742406379,on perennial
4692908,4691108,45635,80.7004165649414,59.1662483215332,640357.040128,0,101,1297,1,0.46176485054451866,on intermittent
5099747,5099746,45635,103.32624816894531,55.299583435058594,654702.542848,0,569,4039,2,0.2282376386775064,on perennial
4583156,4581356,45635,74.54624938964844,54.39291763305664,278744.694784,0,679,551,2,0.2704022898461951,on perennial
4691108,4687507,45635,80.60958099365234,59.1995849609375,702899.945472,0,97,1286,2,0.49690280232200956,on perennial
5099746,5097946,45635,103.29208374023438,55.35625076293945,654974.124032,0,562,4035,2,0.350981585387598,on perennial
4581356,4579556,45635,74.49208068847656,54.395416259765625,279060.512768,0,679,544,2,0.1436103863782806,on perennial
4687507,4689307,45635,80.5120849609375,59.248748779296875,702997.594112,0,91,1274,1,0.4280463628226902,on intermittent
5097946,5097945,45635,103.24624633789062,55.40625,655036.645376,0,556,4029,2,0.343591795673408,on perennial
4579556,4577755,45635,74.45541381835938,54.39958190917969,279553.245184,0,678,540,2,0.3926352703319842,on perennial
4689307,4687506,45635,80.50875091552734,59.32374954223633,703883.313152,0,81,1273,2,0.4515168898285204,on perennial
5097945,5096145,45635,103.19208526611328,55.46208190917969,655391.719424,0,550,4023,2,0.4273548671588926,on perennial
4577755,4577754,45635,74.33041381835938,54.512916564941406,279882.203136,0,665,524,2,0.4231235882765745,on perennial
4687506,4685706,45635,80.4004135131836,59.33124923706055,704089.227264,0,81,1260,2,0.4095709042192132,on perennial
5096145,5096144,45635,103.17958068847656,55.549583435058594,655775.105024,0,539,4021,2,0.14781173997935665,on perennial
4577754,4575954,45635,74.29374694824219,54.532081604003906,280006.557696,0,662,520,2,0.25617818460352615,on perennial
4685706,4683906,45635,80.29291534423828,59.35041809082031,704155.48416,0,78,1247,2,0.22544789890349004,on perennial
5096144,5097943,45635,103.19708251953125,55.60708236694336,656212.033536,0,532,4023,2,0.20278074447895794,on perennial
4575954,4574154,45635,74.2004165649414,54.555416107177734,280062.099456,0,659,509,2,0.45439274226970283,on perennial
4683906,4682106,45635,80.2004165649414,59.37458419799805,705191.673856,0,75,1236,1,0.28536022250961895,on intermittent
5097943,5096142,45635,103.19541931152344,55.70624923706055,656832.004096,0,520,4023,2,0.10532296346171176,on perennial
4574154,4572354,45635,74.08374786376953,54.563751220703125,280116.133888,0,658,494,2,0.4827120571669216,on perennial
4682106,4680305,45635,80.10041809082031,59.39791488647461,705529.184256,0,72,1224,2,0.4508198696602289,on perennial
5096142,5094341,45635,103.10041809082031,55.789581298828125,657262.772224,0,510,4012,2,0.21594348288249676,on perennial
4572354,4570553,45635,73.99458312988281,54.59791564941406,280244.55168,0,654,484,2,0.3187369185140307,on perennial
4680305,4678505,45635,79.97708129882812,59.40625,737270.104064,0,71,1209,2,0.4370560814927895,on perennial
5094341,5092541,45635,103.00041961669922,55.854583740234375,657533.108224,0,502,4000,2,0.23242754382465328,on perennial
4570553,4568753,45635,73.87208557128906,54.6470832824707,280447.3856,0,648,469,2,0.32131877926311425,on perennial
4678505,4676705,45635,79.9004135131836,59.42625045776367,737568.620544,0,69,1200,2,0.2140084939926133,on perennial
5092541,5090740,45635,102.9745864868164,55.90041732788086,658260.885504,0,496,3996,2,0.44088787326755136,on perennial
4568753,4566953,45635,73.8004150390625,54.66291809082031,281179.029504,0,646,460,2,0.3932424480324637,on perennial
4676705,4673106,45635,79.74041748046875,59.41208267211914,737600.995328,0,71,1180,2,0.22964040694573662,on perennial
5090740,5092540,45635,102.96375274658203,55.93708419799805,658350.866432,0,492,3995,2,0.059410191778542884,on perennial
4566953,4565152,45635,73.6554183959961,54.719581604003906,281295.650816,0,640,443,2,0.46814493085320313,on perennial
4673106,4673105,45635,79.66625213623047,59.43541717529297,737980.710912,0,68,1171,2,0.09847911863276791,on perennial
5092540,5092539,45635,102.98208618164062,56.01374816894531,658459.656192,0,483,3997,2,0.3368681535356861,on perennial
4565152,4563352,45635,73.60041809082031,54.756248474121094,286957.535232,0,635,436,2,0.10750315155967373,on perennial
4673105,4671304,45635,79.55208587646484,59.51041793823242,738014.0032,0,59,1157,2,0.2099091568236374,on perennial
5092539,5090738,45635,102.92958068847656,56.09958267211914,658758.893568,0,472,3991,2,0.25554825137620274,on perennial
4563352,4563351,45635,73.55874633789062,54.799583435058594,287114.428416,0,630,431,2,0.1526094664239336,on perennial
4671304,4669505,45635,79.4487533569336,59.498748779296875,738256.289792,0,60,1145,2,0.253520560842041,on perennial
5090738,5088938,45635,102.8004150390625,56.1662483215332,660618.870784,0,464,3975,2,0.23967937432223435,on perennial
4563351,4561551,45635,73.44208526611328,54.847084045410156,287163.121664,0,624,417,2,0.1709510622007433,on perennial
4669505,4667704,45635,79.37041473388672,59.5120849609375,738393.522176,0,59,1135,2,0.358970331472167,on perennial
5088938,5087138,45635,102.6762466430664,56.19124984741211,660911.22688,0,461,3960,2,0.20152542170775176,on perennial
4561551,4557952,45635,73.3620834350586,54.8245849609375,287642.386432,0,627,407,2,0.16288863320287159,on perennial
4667704,4665904,45635,79.3004150390625,59.534584045410156,739006.349312,0,56,1127,2,0.11397862161567779,on perennial
5087138,5085337,45635,102.58291625976562,56.200416564941406,661113.143296,0,460,3949,2,0.058341409569298106,on perennial
4557952,4559751,45635,73.31708526611328,54.847084045410156,291146.79296,0,624,402,2,0.24308608164144888,on perennial
4665904,4665903,45635,79.23958587646484,59.602081298828125,739036.495872,0,48,1119,2,0.32215481646995564,on perennial
5085337,5083537,45635,102.50041961669922,56.20541763305664,662210.674688,0,459,3939,2,0.4132018796236526,on perennial
4559751,4559750,45635,73.34041595458984,54.924583435058594,291481.747456,0,615,404,2,0.34489499185306083,on perennial
4665903,4664103,45635,79.2004165649414,59.64791488647461,739071.75424,0,42,1115,2,0.21316759895720447,on perennial
5083537,5083538,45635,102.45708465576172,56.200416564941406,662258.712576,0,460,3934,2,0.16519786610405512,on perennial
4559750,4557949,45635,73.31041717529297,55.01041793823242,354149.302272,0,604,401,2,0.30038038068962003,on perennial
4664103,4664102,45635,79.1620864868164,59.7279167175293,739105.964032,0,32,1110,2,0.44090096514275956,on perennial
5083538,5081738,45635,102.36708068847656,56.181251525878906,662300.131328,0,462,3923,2,0.36463378194373736,on perennial
4557949,4556149,45635,73.2004165649414,55.028751373291016,354284.109824,0,602,387,2,0.23612528445061812,on perennial
4664102,4662301,45635,79.07708740234375,59.8154182434082,739376.103424,0,22,1100,2,0.16258627803808395,on perennial
5081738,5079938,45635,102.3004150390625,56.17124938964844,663792.582656,0,464,3915,2,0.40494213461042394,on perennial
4556149,4556148,45635,73.13958740234375,55.1037483215332,354327.92064,0,593,380,2,0.0324545135385935,on perennial
4662301,4660501,45635,78.99791717529297,59.867916107177734,739418.701824,0,16,1090,2,0.45510402888912893,on perennial
5079938,5078138,45635,102.2004165649414,56.14208221435547,663916.773376,0,467,3903,2,0.24361424952835167,on perennial
4556148,4557947,45635,73.1987533569336,55.1754150390625,365068.910592,0,584,387,2,0.2984080719922128,on perennial
4660501,4660500,45635,78.98958587646484,59.89958190917969,746754.080768,0,12,1089,2,0.3084770886104223,on perennial
5078138,5076338,45635,102.0995864868164,56.116249084472656,664080.22016,0,470,3890,2,0.2993060398338378,on perennial
4557947,4556147,45635,73.18624877929688,55.248748779296875,365166.133248,0,575,386,2,0.4045014838858067,on perennial
4660500,4662300,45635,79.00791931152344,59.987083435058594,746796.285952,0,1,1091,2,0.1797107365014688,on perennial
5076338,5074539,45635,101.96708679199219,56.091251373291016,664274.010112,0,473,3874,2,0.30492840463698057,on perennial
4556147,4554347,45635,73.10041809082031,55.25541687011719,365349.470208,0,575,375,2,0.3999502577004816,on perennial
5074539,5072739,45635,101.9004135131836,56.02958297729492,736688.799744,0,481,3866,2,0.24443811184281475,on perennial
4554347,4554346,45635,72.9879150390625,55.24458312988281,365395.247104,0,576,362,2,0.18897089459353536,on perennial
5072739,5070938,45635,101.72958374023438,56.118751525878906,736791.953408,0,470,3846,2,0.2539866300487431,on perennial
4554346,4556146,45635,73.0995864868164,55.340415954589844,366266.089472,0,564,375,2,0.29407263344032136,on perennial
5070938,5070937,45635,101.74874877929688,56.21208190917969,737190.477824,0,459,3848,2,0.3396296973535597,on perennial
4556146,4557946,45635,73.20375061035156,55.367916107177734,366348.6976,0,561,388,2,0.09268770315633333,on perennial
5070937,5070935,45635,101.7995834350586,56.29375076293945,737357.33248,0,449,3854,2,0.23638829585873272,on perennial
4557946,4557945,45635,73.2629165649414,55.4162483215332,366434.54976,0,555,395,2,0.09751762490816511,on perennial
5070935,5072734,45635,101.81041717529297,56.48625183105469,737572.683776,0,425,3855,2,0.4062543642120929,on perennial
4557945,4559745,45635,73.31291961669922,55.44708251953125,366580.236288,0,551,401,2,0.34004779584606754,on perennial
5072734,5072733,45635,101.81791687011719,56.602081298828125,738556.903424,0,411,3856,2,0.3557703308092936,on perennial
4559745,4561545,45635,73.41874694824219,55.479583740234375,366655.209472,0,547,414,2,0.3976385834222728,on perennial
5072733,5070933,45635,101.7995834350586,56.66208267211914,739487.186944,0,404,3854,2,0.08813956900797919,on perennial
4561545,4561544,45635,73.45625305175781,55.49958419799805,366764.621824,0,545,418,2,0.22854778868381667,on perennial
5070933,5069132,45635,101.7129135131836,56.6995849609375,739844.620288,0,400,3843,2,0.4805961245321471,on perennial
4561544,4563344,45635,73.49958038330078,55.56624984741211,366818.295808,0,537,424,2,0.17443060548551687,on perennial
5069132,5067331,45635,101.60041809082031,56.79875183105469,739984.34304,0,388,3830,2,0.43730394220300506,on perennial
4563344,4565143,45635,73.60791778564453,55.597084045410156,366864.367616,0,533,437,2,0.1942703084282153,on perennial
5067331,5065531,45635,101.50041961669922,56.81708526611328,740077.40416,0,385,3818,2,0.31267547354673575,on perennial
4565143,4566943,45635,73.6995849609375,55.6129150390625,366943.535104,0,531,448,2,0.248065967064366,on perennial
5065531,5063731,45635,101.35292053222656,56.82041549682617,745480.388608,0,385,3800,2,0.11444941760085105,on perennial
4566943,4568743,45635,73.80874633789062,55.64041519165039,367032.139776,0,528,461,2,0.10495030639791578,on perennial
5063731,5063730,45635,101.36541748046875,56.89958190917969,745553.985536,0,375,3801,2,0.3377802389826505,on perennial
4568743,4570543,45635,73.89958190917969,55.686248779296875,380928.16384,0,522,472,2,0.3594152441518442,on perennial
5063730,5065530,45635,101.39958190917969,56.96875,745776.807936,0,367,3806,2,0.25472576663152136,on perennial
4570543,4570542,45635,73.93458557128906,55.70708465576172,381030.465536,0,520,476,2,0.2551432163521674,on perennial
5065530,5067330,45635,101.56291961669922,56.98374938964844,745850.404864,0,365,3825,2,0.18234088944606533,on perennial
4570542,4572342,45635,73.99958038330078,55.715415954589844,382005.215232,0,519,484,2,0.21038115905959023,on perennial
5067330,5069129,45635,101.62625122070312,57.01708221435547,745972.432896,0,361,3833,2,0.06081840344900377,on perennial
4572342,4575942,45635,74.14291381835938,55.722084045410156,382099.685376,0,518,502,2,0.17284445354682942,on perennial
5069129,5070930,45635,101.72624969482422,56.99541473388672,746256.859136,0,364,3845,2,0.28733268919931737,on perennial
4575942,4579542,45635,74.34124755859375,55.723751068115234,382225.973248,0,518,526,2,0.21349385850643107,on perennial
5070930,5072730,45635,101.7995834350586,56.96041488647461,746323.968,0,368,3854,2,0.06008558428451706,on perennial
4579542,4579541,45635,74.4629135131836,55.81791687011719,382454.431744,0,506,540,2,0.4515216983318768,on perennial
5072730,5074531,45635,101.87958526611328,56.90041732788086,746528.899072,0,375,3864,2,0.24462042163457723,on perennial
4579541,4581341,45635,74.49958038330078,55.8345832824707,382968.397824,0,504,545,2,0.36937059530358,on perennial
5074531,5076331,45635,101.99958038330078,56.89041519165039,746620.583936,0,376,3878,2,0.40262804762278526,on perennial
4581341,4583140,45635,74.60708618164062,55.89374923706055,383031.21408,0,497,558,2,0.21126379009862983,on perennial
5076331,5078131,45635,102.10791778564453,56.89624786376953,746871.1936,0,376,3891,2,0.32212744287388967,on perennial
4583140,4584939,45635,74.71375274658203,56.01374816894531,383169.49504,0,483,571,2,0.29990920179150043,on perennial
5078131,5078130,45635,102.14458465576172,56.89958190917969,746973.495296,0,375,3896,2,0.2978465782283408,on perennial
4584939,4583138,45635,74.78624725341797,56.10874938964844,383384.485888,0,471,580,2,0.23501978026389803,on perennial
5078130,5079931,45635,102.26958465576172,56.88458251953125,747129.339904,0,377,3911,2,0.1172528833829603,on perennial
4583138,4584938,45635,74.72792053222656,56.14291763305664,383680.643072,0,467,573,2,0.2152401469461017,on perennial
5079931,5081730,45635,102.30458068847656,56.95375061035156,747626.299392,0,369,3915,2,0.2579971999588864,on perennial
4584938,4583137,45635,74.67124938964844,56.21208190917969,384054.263808,0,459,566,2,0.36012134217165276,on perennial
5081730,5081729,45635,102.36458587646484,57.00458526611328,747840.012288,0,363,3922,2,0.4534039362257344,on perennial
4583137,4584937,45635,74.70541381835938,56.25208282470703,385394.376704,0,454,570,2,0.2041096424865066,on perennial
5081729,5081728,45635,102.34791564941406,57.116249084472656,748143.837184,0,349,3920,2,0.2326334959494695,on perennial
4584937,4583136,45635,74.7995834350586,56.282081604003906,385594.294272,0,450,581,2,0.19815461317972538,on perennial
5081728,5081727,45635,102.36125183105469,57.1995849609375,749121.765376,0,339,3922,2,0.06357293822911698,on perennial
4583136,4584936,45635,74.6995849609375,56.352081298828125,385690.599424,0,442,569,2,0.31002406064822285,on perennial
5081727,5081726,45635,102.34124755859375,57.299583435058594,749194.510336,0,327,3920,2,0.23702253928325523,on perennial
4584936,4583135,45635,74.71458435058594,56.40208435058594,385829.896192,0,436,571,2,0.35731187312431406,on perennial
5081726,5083525,45635,102.39291381835938,57.4162483215332,751354.380288,0,313,3926,2,0.29479304249558874,on perennial
4583135,4584934,45635,74.70874786376953,56.493751525878906,386045.935616,0,424,570,2,0.4766650807667134,on perennial
5083525,5081725,45635,102.38958740234375,57.46291732788086,751509.438464,0,307,3926,2,0.24257254707330958,on perennial
4584934,4583134,45635,74.66708374023438,56.539581298828125,386098.528256,0,419,565,2,0.1164012648635058,on perennial
5081725,5081724,45635,102.37541961669922,57.501251220703125,751659.188224,0,302,3924,2,0.3619818592470637,on perennial
4583134,4583133,45635,74.58708190917969,56.61958312988281,387370.156032,0,409,556,2,0.3357524526165287,on perennial
5081724,5083524,45635,102.39958190917969,57.56624984741211,751742.025728,0,295,3927,2,0.4786175636571544,on perennial
4583133,4581333,45635,74.60041809082031,56.696250915527344,406019.375104,0,400,557,2,0.07617830743690647,on perennial
5083524,5083523,45635,102.4504165649414,57.59958267211914,751833.57952,0,290,3933,2,0.4255368780841688,on perennial
4581333,4583132,45635,74.61708068847656,56.73374938964844,406066.364416,0,395,559,2,0.3824868120645571,on perennial
5083523,5085323,45635,102.51374816894531,57.64374923706055,751908.683776,0,285,3941,2,0.23678043925166947,on perennial
4583132,4581332,45635,74.56541442871094,56.76625061035156,406114.271232,0,391,553,2,0.4347715245620552,on perennial
5085323,5087122,45635,102.58625030517578,57.71291732788086,782237.564928,0,277,3949,2,0.30682263092330325,on perennial
4581332,4581331,45635,74.54374694824219,56.84958267211914,406321.528832,0,381,550,2,0.36206070429014114,on perennial
5087122,5088922,45635,102.66291809082031,57.799583435058594,784377.11872,0,266,3959,2,0.2652967508031619,on perennial
4581331,4579530,45635,74.50208282470703,56.89958190917969,407222.648832,0,375,545,2,0.3011950339105255,on perennial
5088922,5087121,45635,102.69708251953125,57.841251373291016,784613.834752,0,261,3963,2,0.18596792950997607,on perennial
4579530,4577730,45635,74.4004135131836,56.95874786376953,407464.935424,0,368,533,2,0.13822488713463263,on perennial
5087121,5087120,45635,102.67041778564453,57.903751373291016,785517.11744,0,254,3960,2,0.4346630378528557,on perennial
4577730,4575930,45635,74.23041534423828,56.969581604003906,407541.121024,0,367,512,2,0.21331885220052624,on perennial
5087120,5087119,45635,102.6995849609375,57.9595832824707,785703.305216,0,247,3963,2,0.16747530245333414,on perennial
4575930,4572329,45635,74.20541381835938,56.99958419799805,407749.689344,0,363,509,2,0.21118519124689825,on perennial
5087119,5088919,45635,102.73374938964844,58.026248931884766,785818.91072,0,239,3967,2,0.26068771534442364,on perennial
4572329,4574129,45635,74.0995864868164,57.05791473388672,408006.787072,0,356,496,2,0.2349657168787427,on perennial
5088919,5088918,45635,102.77958679199219,58.09958267211914,786282.446848,0,230,3973,2,0.1705120654552518,on perennial
4574129,4574128,45635,74.132080078125,57.12458419799805,415036.571648,0,348,500,2,0.18127009148996756,on perennial
5088918,5090718,45635,102.80374908447266,58.145416259765625,786502.909952,0,224,3976,2,0.3068989111416301,on perennial
4574128,4572328,45635,74.08708190917969,57.13624954223633,415128.977408,0,347,495,2,0.35071418532695,on perennial
5090718,5090717,45635,102.83875274658203,58.216251373291016,787144.900608,0,216,3980,2,0.26513898697324545,on perennial
4572328,4570528,45635,74.00041961669922,57.161251068115234,415207.424,0,344,484,2,0.4247309051942994,on perennial
5090717,5090716,45635,102.8879165649414,58.299583435058594,787316.146176,0,206,3986,2,0.3591558188426683,on perennial
4570528,4568728,45635,73.82958221435547,57.152915954589844,415261.720576,0,345,464,2,0.39677724379866836,on perennial
5090716,5090715,45635,102.84625244140625,58.41041564941406,791134.928896,0,192,3981,2,0.17495019716824173,on perennial
4568728,4566927,45635,73.74791717529297,57.22541809082031,415428.706304,0,336,454,2,0.20002371974669825,on perennial
5090715,5088914,45635,102.8004150390625,58.4879150390625,792095.031296,0,183,3975,2,0.24781574125865352,on perennial
4566927,4565127,45635,73.70375061035156,57.251251220703125,440277.860352,0,333,448,2,0.3644755507389414,on perennial
5088914,5087113,45635,102.72041320800781,58.59958267211914,792319.557632,0,169,3966,2,0.2935884717602038,on perennial
4565127,4563327,45635,73.52958679199219,57.2620849609375,440405.065728,0,331,427,2,0.37531210376120167,on perennial
5087113,5087112,45635,102.64458465576172,58.70458221435547,792526.52032,0,157,3956,2,0.4832773542662842,on perennial
4563327,4561527,45635,73.42958068847656,57.25458526611328,440508.25216,0,332,415,2,0.2744977166027548,on perennial
5087112,5085312,45635,102.58374786376953,58.7620849609375,792841.289728,0,150,3949,2,0.4130894085558649,on perennial
4561527,4559727,45635,73.44791412353516,57.299583435058594,440623.43168,0,327,417,2,0.26739856419750047,on perennial
5085312,5081711,45635,102.50041961669922,58.78874969482422,795239.317504,0,146,3939,2,0.29309783683053775,on perennial
4559727,4559726,45635,73.31291961669922,57.3537483215332,445726.916608,0,320,401,2,0.2387219083112624,on perennial
5081711,5079911,45635,102.27375030517578,58.842918395996094,795509.456896,0,140,3911,2,0.31833359697944874,on perennial
4559726,4557926,45635,73.23625183105469,57.35541534423828,445793.23904,0,320,392,2,0.12343416575317658,on perennial
5079911,5078111,45635,102.1987533569336,58.881248474121094,795625.259008,0,135,3902,2,0.20449618494584337,on perennial
4557926,4556126,45635,73.2004165649414,57.33791732788086,445945.839616,0,322,387,2,0.2672806958078263,on perennial
5078111,5076310,45635,102.10041809082031,58.897918701171875,796042.19904,0,133,3890,2,0.2315938379085644,on perennial
4556126,4556125,45635,73.12041473388672,57.39958190917969,446057.611264,0,315,378,2,0.303597160750509,on perennial
5076310,5074510,45635,102.00041961669922,58.94291687011719,796100.52608,0,128,3878,2,0.3743116630783145,on perennial
4556125,4554325,45635,73.0562515258789,57.40791702270508,446218.534912,0,314,370,2,0.2835442496687323,on perennial
5074510,5070910,45635,101.84124755859375,58.938751220703125,804879.72864,0,128,3859,2,0.12677353175330075,on perennial
4554325,4552525,45635,72.98542022705078,57.44541549682617,446269.161472,0,309,361,2,0.22646612829185445,on perennial
5070910,5069110,45635,101.6370849609375,58.943748474121094,805445.435392,0,128,3834,2,0.4532403807735058,on perennial
4552525,4550725,45635,72.87124633789062,57.42208480834961,446505.648128,0,312,348,2,0.2333949681730422,on perennial
5069110,5067310,45635,101.60041809082031,58.95375061035156,805779.275776,0,126,3830,2,0.2999140115120495,on perennial
4550725,4548925,45635,72.8004150390625,57.46291732788086,446580.785152,0,307,339,2,0.03591585783343999,on perennial
5067310,5063710,45635,101.48041534423828,58.950416564941406,805849.399296,0,127,3815,2,0.2935246785448708,on perennial
4548925,4547125,45635,72.68291473388672,57.48208236694336,446674.239488,0,305,325,2,0.31031009657596087,on perennial
5063710,5060110,45635,101.28291320800781,58.94541549682617,805919.981568,0,127,3791,2,0.3480523162714216,on perennial
4547125,4545325,45635,72.62791442871094,57.49958419799805,446831.099904,0,303,318,2,0.38503433218370514,on perennial
5060110,5058310,45635,101.04624938964844,58.93708419799805,805990.105088,0,128,3763,2,0.3449521871338557,on perennial
4545325,4545324,45635,72.53458404541016,57.52291488647461,446888.902656,0,300,307,2,0.26488025647474767,on perennial
5058310,5056511,45635,100.97208404541016,58.8970832824707,807876.03456,0,133,3754,2,0.22514548787226704,on perennial
4545324,4543524,45635,72.50041961669922,57.555416107177734,455266.336768,0,296,303,2,0.2680601879272639,on perennial
5056511,5054712,45635,100.9245834350586,58.8004150390625,808971.206656,0,145,3748,2,0.09322281964832012,on perennial
4543524,4541724,45635,72.38291931152344,57.55458450317383,457042.919424,0,296,288,2,0.18442464706816597,on perennial
5054712,5052912,45635,100.79624938964844,58.73374938964844,810255.056896,0,153,3732,2,0.18084479093661168,on perennial
4541724,4539924,45635,72.26625061035156,57.55791473388672,457106.620416,0,296,274,2,0.4595467011294738,on perennial
5052912,5051113,45635,100.7195816040039,58.700416564941406,810317.709312,0,157,3723,2,0.04693951959401485,on perennial
4539924,4538124,45635,72.12958526611328,57.549583435058594,457794.584576,0,297,258,2,0.47606237749246305,on perennial
5051113,5049313,45635,100.59375,58.618751525878906,810340.319232,0,167,3708,2,0.10579355796029362,on perennial
4538124,4536324,45635,72.10041809082031,57.58374786376953,457909.141504,0,292,254,2,0.35092077449706705,on perennial
5049313,5049314,45635,100.52291870117188,58.60041809082031,810794.090496,0,169,3699,2,0.1789631881214555,on perennial
4536324,4534524,45635,72.00041961669922,57.590415954589844,458080.976896,0,292,242,2,0.39392696042162456,on perennial
5049314,5047514,45635,100.42958068847656,58.54875183105469,810879.614976,0,175,3688,2,0.37640677702523856,on perennial
4534524,4534523,45635,71.9004135131836,57.582916259765625,458146.217984,0,292,230,2,0.44607616784562565,on perennial
5047514,5047515,45635,100.43458557128906,58.50041580200195,812144.459776,0,181,3689,2,0.3298673167016192,on perennial
4534523,4532724,45635,71.84874725341797,57.571250915527344,458255.23712,0,294,224,2,0.22372548189866714,on perennial
5047515,5047516,45635,100.42208099365234,58.39291763305664,812320.227328,0,194,3687,2,0.2735106670198842,on perennial
4532724,4532723,45635,71.8004150390625,57.592918395996094,458931.863552,0,291,218,2,0.2784718328279142,on perennial
5047516,5045716,45635,100.39041900634766,58.325416564941406,812472.664064,0,202,3683,2,0.44929483670718506,on perennial
4532723,4530923,45635,71.78291320800781,57.63291549682617,458954.67008,0,286,216,1,0.4295677322947333,on intermittent
5045716,5043916,45635,100.27375030517578,58.31791687011719,824246.403072,0,203,3669,2,0.3574008997807914,on perennial
4530923,4529123,45635,71.70208740234375,57.64624786376953,459406.278656,0,285,206,2,0.20232552796469663,on perennial
5043916,5042116,45635,100.17791748046875,58.338748931884766,824322.752512,0,201,3657,2,0.24159875691200652,on perennial
4529123,4527323,45635,71.58208465576172,57.64041519165039,459629.297664,0,286,191,2,0.4681039220162561,on perennial
5042116,5040316,45635,100.0495834350586,58.342918395996094,824753.389568,0,200,3642,2,0.3343314006034869,on perennial
4527323,4525523,45635,71.48625183105469,57.63874816894531,459784.880128,0,286,180,2,0.3144513552600061,on perennial
5040316,5038516,45635,99.99541473388672,58.354583740234375,824927.911936,0,199,3635,2,0.1567029960747586,on perennial
4525523,4523723,45635,71.45458221435547,57.6995849609375,459886.362624,0,278,176,2,0.3234974666464563,on perennial
5038516,5038515,45635,99.95874786376953,58.44208526611328,825283.444736,0,188,3631,2,0.31706331851465425,on perennial
4523723,4523722,45635,71.38458251953125,57.6995849609375,459982.012416,0,278,167,2,0.34946663356340146,on perennial
5038515,5036715,45635,99.9004135131836,58.45708465576172,825364.578304,0,187,3624,2,0.4514109641068447,on perennial
4523722,4521922,45635,71.242919921875,57.723751068115234,460033.163264,0,275,150,2,0.38296223693435,on perennial
5036715,5034914,45635,99.74041748046875,58.52375030517578,825420.414976,0,178,3604,2,0.44607930145184066,on perennial
4521922,4520122,45635,71.20625305175781,57.70375061035156,460093.063168,0,278,146,2,0.2079816861304704,on perennial
5034914,5033114,45635,99.7004165649414,58.54375076293945,825611.38688,0,176,3600,2,0.21563142269107105,on perennial
4520122,4518322,45635,71.09708404541016,57.727081298828125,604063.924224,0,275,132,2,0.23511017178686844,on perennial
5033114,5031314,45635,99.55458068847656,58.534584045410156,826656.751616,0,177,3582,2,0.1306590262352804,on perennial
4518322,4516522,45635,71.00041961669922,57.7379150390625,604111.17568,0,274,121,2,0.30535817336515536,on perennial
5031314,5029514,45635,99.45124816894531,58.57041549682617,827261.190144,0,173,3569,2,0.2596027985076383,on perennial
4516522,4514722,45635,70.86708068847656,57.7904167175293,604157.444096,0,267,105,2,0.35890080931799884,on perennial
5029514,5027713,45635,99.40458679199219,58.60124969482422,827315.32288,0,169,3564,2,0.1528490947101158,on perennial
4514722,4512922,45635,70.84541320800781,57.74541473388672,604241.788928,0,273,102,2,0.19940610084998847,on perennial
5027713,5025913,45635,99.3004150390625,58.6754150390625,831491.735552,0,160,3551,2,0.05992046996368524,on perennial
4512922,4511121,45635,70.7004165649414,57.7720832824707,604531.130368,0,270,84,2,0.4562108258397859,on perennial
5025913,5024113,45635,99.19041442871094,58.6995849609375,831538.397184,0,157,3538,2,0.17228327715215855,on perennial
4511121,4509321,45635,70.5929183959961,57.80208206176758,604627.337216,0,266,71,2,0.1967169145546748,on perennial
5024113,5024112,45635,99.14041900634766,58.70541763305664,831595.937792,0,156,3532,2,0.41499595532001954,on perennial
4509321,4507521,45635,70.50041961669922,57.87541580200195,607318.17984,0,257,60,2,0.08000593251980108,on perennial
5024112,5022312,45635,99.0370864868164,58.721248626708984,831728.123904,0,155,3519,2,0.46383136677475123,on perennial
4507521,4505721,45635,70.39458465576172,57.87874984741211,607364.120576,0,257,47,2,0.38262478520058035,on perennial
5022312,5020513,45635,99.00041961669922,58.710418701171875,832026.836992,0,156,3515,2,0.22264895179232982,on perennial
4505721,4507520,45635,70.37041473388672,57.91291809082031,607502.66368,0,252,44,2,0.4809834471266046,on perennial
5020513,5018713,45635,98.89041900634766,58.657081604003906,832409.239552,0,162,3501,2,0.3098844009376312,on perennial
4507520,4505720,45635,70.38957977294922,57.952083587646484,607574.884352,0,248,47,2,0.28045112986231596,on perennial
5018713,5016913,45635,98.73958587646484,58.62958526611328,852157.267968,0,166,3483,2,0.3593298842006568,on perennial
4505720,4503920,45635,70.29792022705078,57.93541717529297,607648.350208,0,250,36,2,0.2955610334892951,on perennial
5016913,5015114,45635,98.65291595458984,58.569583892822266,852243.054592,0,173,3473,2,0.22715186630096643,on perennial
4503920,4502120,45635,70.1995849609375,57.97041702270508,607707.922432,0,246,24,2,0.4737602737229285,on perennial
5015114,5015115,45635,98.66291809082031,58.50041580200195,852818.264064,0,181,3474,2,0.26491272550821543,on perennial
4502120,4500319,45635,70.10041809082031,57.991249084472656,607862.849536,0,243,12,2,0.1601378126745711,on perennial
5015115,5013315,45635,98.55791473388672,58.45874786376953,852880.326656,0,186,3461,2,0.2938066830723102,on perennial
4500319,4498519,45635,70.0112533569336,57.99041748046875,607988.28544,0,243,1,2,0.10276097647907256,on perennial
5013315,5011515,45635,98.48208618164062,58.44791793823242,863747.899392,0,188,3452,2,0.3437166447608667,on perennial
5011515,5009715,45635,98.4004135131836,58.43708419799805,863831.785472,0,189,3442,2,0.05252332787217964,on perennial
5009715,5007915,45635,98.29708099365234,58.42375183105469,863903.809536,0,191,3429,2,0.4573909455027509,on perennial
5007915,5006115,45635,98.2004165649414,58.42041778564453,864878.067712,0,191,3418,2,0.132656687049815,on perennial
5006115,5004315,45635,98.08041381835938,58.414581298828125,865072.513024,0,192,3403,2,0.3139900986778133,on perennial
5004315,5002515,45635,97.93708038330078,58.41208267211914,865129.070592,0,192,3386,2,0.09288230259246312,on perennial
5002515,5000715,45635,97.9004135131836,58.411251068115234,865220.165632,0,192,3381,2,0.19009259092877448,on perennial
5000715,4998916,45635,97.7370834350586,58.38291549682617,865575.436288,0,196,3362,2,0.49445043302712977,on perennial
4998916,4997116,45635,97.67708587646484,58.37458419799805,866040.807424,0,197,3354,2,0.4630384359752993,on perennial
4997116,4993516,45635,97.52958679199219,58.39374923706055,866131.181568,0,194,3336,2,0.27087959642746906,on perennial
4993516,4991715,45635,97.4004135131836,58.39458465576172,866286.698496,0,194,3321,2,0.144181056166524,on perennial
4991715,4989915,45635,97.28874969482422,58.42208480834961,866322.546688,0,191,3307,2,0.2437337723383093,on perennial
4989915,4988115,45635,97.19708251953125,58.4254150390625,866369.339392,0,190,3296,2,0.3338207876711294,on perennial
4988115,4986316,45635,97.09791564941406,58.411251068115234,866415.476736,0,192,3284,2,0.08327122570700221,on perennial
4986316,4984516,45635,96.93708038330078,58.381248474121094,871594.3936,0,196,3265,2,0.3264096711623897,on perennial
4984516,4982715,45635,96.87291717529297,58.424583435058594,872412.348416,0,190,3257,2,0.4300619808842511,on perennial
4982715,4980915,45635,96.8012466430664,58.487083435058594,872926.74048,0,183,3248,2,0.12493115169820199,on perennial
4980915,4979114,45635,96.68708038330078,58.4970817565918,886909.698048,0,182,3234,2,0.33308174076373637,on perennial
4979114,4977314,45635,96.57624816894531,58.506248474121094,887006.625792,0,181,3221,2,0.4081953735984462,on perennial
4977314,4975514,45635,96.50041961669922,58.520416259765625,887066.853376,0,179,3212,2,0.21282316108377558,on perennial
4975514,4973714,45635,96.35292053222656,58.530418395996094,887122.231296,0,178,3194,2,0.35257942239253975,on perennial
4973714,4971915,45635,96.24124908447266,58.49625015258789,887178.592256,0,182,3180,2,0.24229944213744414,on perennial
4971915,4970115,45635,96.2004165649414,58.4879150390625,888691.0976,0,183,3175,2,0.2478685831164621,on perennial
4970115,4968314,45635,96.08541870117188,58.514583587646484,888962.74432,0,180,3161,2,0.44866817447031937,on perennial
4968314,4966514,45635,95.98291778564453,58.530418395996094,889018.712064,0,178,3149,2,0.33944992484831454,on perennial
4966514,4964714,45635,95.8620834350586,58.54541778564453,889074.417664,0,176,3134,2,0.22311195634186085,on perennial
4964714,4962914,45635,95.8004150390625,58.51041793823242,900363.321344,0,180,3127,2,0.09886101782383495,on perennial
4962914,4961114,45635,95.67708587646484,58.53541564941406,900411.162624,0,177,3112,2,0.06464785376592949,on perennial
4961114,4959315,45635,95.54208374023438,58.45708465576172,900703.584256,0,187,3096,2,0.499127630384,on perennial
4959315,4957515,45635,95.43708038330078,58.446250915527344,901104.336896,0,188,3083,2,0.18523657977323763,on perennial
4957515,4955715,45635,95.4004135131836,58.43708419799805,902019.678208,0,189,3078,2,0.17014426587348017,on perennial
4955715,4955716,45635,95.38375091552734,58.37791442871094,902078.201856,0,196,3076,2,0.1866699108974191,on perennial
4955716,4953916,45635,95.2995834350586,58.347084045410156,902737.297408,0,200,3066,2,0.14560902973928272,on perennial
4953916,4952117,45635,95.16708374023438,58.29875183105469,902806.56896,0,206,3050,2,0.2656478480003884,on perennial
4952117,4950317,45635,95.0995864868164,58.27291488647461,903213.809664,0,209,3042,2,0.15575539601549274,on perennial
4950317,4948518,45635,94.98958587646484,58.20874786376953,903280.459776,0,217,3029,2,0.41213460878900116,on perennial
4948518,4946718,45635,94.89624786376953,58.14875030517578,903748.255744,0,224,3017,2,0.14680272102683137,on perennial
4946718,4944918,45635,94.8004150390625,58.14208221435547,904055.291904,0,225,3006,2,0.3318876485927375,on perennial
4944918,4943118,45635,94.7004165649414,58.137916564941406,904125.218816,0,225,2993,2,0.30391320038879965,on perennial
4943118,4941318,45635,94.5370864868164,58.14125061035156,905242.738688,0,225,2974,2,0.23425010080799638,on perennial
4941318,4939518,45635,94.50041961669922,58.12125015258789,905474.015232,0,227,2969,2,0.24057694994644604,on perennial
4939518,4937718,45635,94.38541412353516,58.10041809082031,905528.344576,0,230,2955,2,0.27179472233107727,on perennial
4937718,4935918,45635,94.3004150390625,58.116249084472656,906035.331072,0,228,2945,2,0.15280952964896238,on perennial
4935918,4934118,45635,94.14707946777344,58.12708282470703,906158.538752,0,227,2926,2,0.48458655791633565,on perennial
4934118,4932318,45635,94.09041595458984,58.14208221435547,906583.539712,0,225,2920,2,0.3493492320600799,on perennial
4932318,4930518,45635,94.00041961669922,58.13041687011719,907613.503488,0,226,2909,2,0.20360584660739342,on perennial
4930518,4928718,45635,93.88541412353516,58.131248474121094,907643.977728,0,226,2895,2,0.14515690805680231,on perennial
4928718,4926919,45635,93.79458618164062,58.10708236694336,1034828.120064,0,229,2884,2,0.1575837643336941,on perennial
4926919,4926918,45635,93.7370834350586,58.110416412353516,1035063.918592,0,229,2877,2,0.4425579381096367,on perennial
4926918,4925118,45635,93.7004165649414,58.117916107177734,1035168.251904,0,228,2872,2,0.36395606349357223,on perennial
4925118,4923318,45635,93.59625244140625,58.13624954223633,1035221.204992,0,225,2860,2,0.4114675883899324,on perennial
4923318,4921518,45635,93.50041961669922,58.14374923706055,1035812.20864,0,225,2848,2,0.4589207412468244,on perennial
4921518,4919718,45635,93.37208557128906,58.178749084472656,1035959.533568,0,220,2832,2,0.33135815293481824,on perennial
4919718,4917918,45635,93.25291442871094,58.15791702270508,1037900.1856,0,223,2818,2,0.19998622520944834,on perennial
4917918,4916118,45635,93.194580078125,58.14041519165039,1038113.308672,0,225,2811,2,0.08955429468976933,on perennial
4916118,4916119,45635,93.15875244140625,58.09958267211914,1038173.667328,0,230,2807,2,0.22737669547284442,on perennial
4916119,4914319,45635,93.10041809082031,58.07291793823242,1038296.088576,0,233,2800,2,0.2317256496277961,on perennial
4914319,4912518,45635,92.99208068847656,58.10625076293945,1038340.58752,0,229,2786,2,0.20723963235896425,on perennial
4912518,4910718,45635,92.89541625976562,58.14125061035156,1399544.2176,0,225,2775,2,0.231300287979242,on perennial
4910718,4908918,45635,92.73542022705078,58.12541580200195,1399614.603264,0,227,2755,2,0.29533390552526606,on perennial
4908918,4907118,45635,92.6987533569336,58.12708282470703,1400177.819648,0,227,2751,2,0.4449915132282601,on perennial
4907118,4905317,45635,92.60041809082031,58.16208267211914,1400372.199424,0,222,2739,2,0.256300627117184,on perennial
4905317,4903517,45635,92.49041748046875,58.25541687011719,1401179.99616,0,211,2726,2,0.1904376009332446,on perennial
4903517,4905316,45635,92.4312515258789,58.319583892822266,1401460.49024,0,203,2718,2,0.27242306902841584,on perennial
4905316,4903516,45635,92.44791412353516,58.354583740234375,1401602.572288,0,199,2720,2,0.22686677691557156,on perennial
4903516,4901716,45635,92.4004135131836,58.376251220703125,1401700.876288,0,196,2715,2,0.32513638850579435,on perennial
4901716,4901715,45635,92.27625274658203,58.405418395996094,1401847.283712,0,193,2700,2,0.260319396287193,on perennial
4901715,4899915,45635,92.3004150390625,58.45541763305664,1402709.082112,0,187,2703,2,0.3248136157466121,on perennial
4899915,4898115,45635,92.18541717529297,58.465415954589844,1402768.326656,0,186,2689,2,0.48113868028059587,on perennial
4898115,4896314,45635,92.12041473388672,58.49958419799805,1402878.68928,0,181,2681,2,0.35678671519843774,on perennial
4896314,4896313,45635,92.0495834350586,58.612083435058594,1412113.235968,0,168,2672,2,0.25968772881512797,on perennial
4896313,4896312,45635,92.069580078125,58.6995849609375,1412549.705728,0,157,2675,2,0.22271896729247537,on perennial
4896312,4894512,45635,91.96875,58.72291564941406,1412582.080512,0,154,2662,2,0.3276105162251301,on perennial
4894512,4898112,45635,92.069580078125,58.75958251953125,1412743.430144,0,150,2675,2,0.2326704985018086,on perennial
4898112,4896311,45635,92.10041809082031,58.797916412353516,1413807.603712,0,145,2678,2,0.2489610297611709,on perennial
4896311,4892711,45635,91.96458435058594,58.897918701171875,1413883.363328,0,133,2662,2,0.09869623856457116,on perennial
4892711,4890911,45635,91.74874877929688,58.86708450317383,1413955.059712,0,137,2636,2,0.21213466476745274,on perennial
4890911,4890910,45635,91.7129135131836,58.90791702270508,1415022.51008,0,132,2631,2,0.2094505216432825,on perennial
4890910,4889109,45635,91.68624877929688,59.01874923706055,1416155.889664,0,118,2628,2,0.40826547824081094,on perennial
4889109,4887309,45635,91.60041809082031,59.090415954589844,1437900.996608,0,110,2618,2,0.2596053234619135,on perennial
4887309,4885508,45635,91.53375244140625,59.09958267211914,1437978.198016,0,109,2610,2,0.3675197279259828,on perennial
4885508,4883708,45635,91.39375305175781,59.16374969482422,1441440.595968,0,101,2593,2,0.1948696673454636,on perennial
4883708,4883707,45635,91.32791900634766,59.1995849609375,1441901.051904,0,97,2585,2,0.4620019076694315,on perennial
4883707,4881906,45635,91.3004150390625,59.29875183105469,1442045.886464,0,84,2581,2,0.48988127459473496,on perennial
4881906,4880106,45635,91.2004165649414,59.34791564941406,1442844.901376,0,79,2569,2,0.4371039975604054,on perennial
4880106,4878305,45635,91.11541748046875,59.39958190917969,1443716.399104,0,72,2559,2,0.2562920906412301,on perennial
4878305,4876504,45635,90.9629135131836,59.50791549682617,1445404.34432,0,59,2540,2,0.2525438772396397,on perennial
4876504,4874704,45635,90.9004135131836,59.54375076293945,1448242.315264,0,55,2533,2,0.1887251142828238,on perennial
4874704,4874703,45635,90.85292053222656,59.64875030517578,1448370.765824,0,42,2527,2,0.0909727209052562,on perennial
4874703,4874702,45635,90.8629150390625,59.70624923706055,1449145.925632,0,35,2528,2,0.18431746903197932,on perennial
4874702,4872902,45635,90.77458190917969,59.76625061035156,1449318.023168,0,28,2518,2,0.22897267096712412,on perennial
4872902,4872901,45635,90.78958129882812,59.799583435058594,1449679.781888,0,24,2519,2,0.28118919112265006,on perennial
4872901,4871100,45635,90.65208435058594,59.93375015258789,1450783.014912,0,8,2503,2,0.44229540948962504,on perennial
4871100,4871099,45635,90.64291381835938,59.99958419799805,1451150.409728,0,0,2502,2,0.4391294691113744,on perennial
5373310,5373309,55556,118.54374694824219,58.998748779296875,50127.466496,0,121,5884,2,0.23031587456905298,on perennial
5373309,5375109,55556,118.60208129882812,59.0120849609375,50327.61344,0,119,5891,2,0.2775538923935396,on perennial
5375109,5375110,55556,118.71125030517578,58.98458480834961,50522.263552,0,123,5904,2,0.3879645153343313,on perennial
5375110,5376910,55556,118.76958465576172,58.95458221435547,50583.068672,0,126,5911,2,0.20004300711137107,on perennial
5376910,5378710,55556,118.82624816894531,58.9495849609375,50994.962432,0,127,5918,2,0.18052796100639543,on perennial
5378710,5376909,55556,118.8429183959961,59.032081604003906,51056.35328,0,117,5920,2,0.17606744208690342,on perennial
5376909,5378709,55556,118.82958221435547,59.061248779296875,51238.518784,0,113,5918,2,0.28693686628981546,on perennial
5378709,5380509,55556,118.89958190917969,59.07041549682617,51303.99744,0,112,5927,2,0.2085972879163899,on perennial
5380509,5382309,55556,119.00041961669922,59.04875183105469,51349.8112,0,115,5939,2,0.18276071017498347,on perennial
5686524,5684724,55556,135.89707946777344,57.54458236694336,51157.491712,0,297,7987,1,0.11657589510973428,on intermittent
5382309,5380508,55556,119.07791900634766,59.09958267211914,52383.973376,0,109,5948,2,0.36553952708663673,on perennial
5684724,5682923,55556,135.8004150390625,57.582916259765625,51442.40128,0,292,7975,1,0.46550172595975087,on intermittent
5380508,5382308,55556,119.0370864868164,59.14875030517578,52528.832512,0,103,5943,2,0.34460910438128123,on perennial
5682923,5681123,55556,135.69708251953125,57.63541793823242,51686.252544,0,286,7963,1,0.15069407306300786,on intermittent
5382308,5384108,55556,119.0995864868164,59.15791702270508,52741.373952,0,102,5951,2,0.3941987984294003,on perennial
5681123,5679323,55556,135.6004180908203,57.639583587646484,51787.55072,0,286,7951,2,0.3582404596709833,on perennial
5384108,5385908,55556,119.20625305175781,59.155418395996094,52763.049984,0,102,5964,2,0.12622192935146667,on perennial
5679323,5677523,55556,135.47708129882812,57.65041732788086,51891.560448,0,284,7936,2,0.2791410970593957,on perennial
5385908,5387708,55556,119.2995834350586,59.158748626708984,52957.483008,0,101,5975,2,0.4418978837538599,on perennial
5677523,5677522,55556,135.4429168701172,57.6995849609375,70711.599104,0,278,7932,0,0.569696351843473,near water
5387708,5389507,55556,119.39791870117188,59.17791748046875,52995.579904,0,99,5987,2,0.146847708696473,on perennial
5677522,5677521,55556,135.4512481689453,57.799583435058594,71528.538112,0,266,7933,2,0.19935490452767274,on perennial
5389507,5387707,55556,119.4004135131836,59.2379150390625,53239.201792,0,92,5987,2,0.23211209735654492,on perennial
5677521,5675721,55556,135.38458251953125,57.85958480834961,71949.590528,0,259,7925,2,0.06936733222230616,on perennial
5144739,5142938,55556,105.81041717529297,56.10958480834961,51466.043392,0,471,4340,2,0.10013461412299643,on perennial
5387707,5389506,55556,119.39958190917969,59.276248931884766,53316.112384,0,87,5987,2,0.259160862224738,on perennial
5675721,5675720,55556,135.34957885742188,57.91291809082031,72030.117888,0,252,7921,0,0.545304687015772,near water
5142938,5141138,55556,105.7004165649414,56.14458465576172,52116.21376,0,467,4327,2,0.18575784906643383,on perennial
5389506,5387706,55556,119.39707946777344,59.32374954223633,53349.7856,0,81,5987,2,0.4310879043020313,on perennial
5511910,5513710,55556,126.2995834350586,58.92375183105469,50107.080704,0,130,6824,2,0.15177635338907952,on perennial
5675720,5673919,55556,135.3645782470703,57.99958419799805,72266.653696,0,242,7922,2,0.23410472648866162,on perennial
5141138,5141137,55556,105.66708374023438,56.21125030517578,53162.381312,0,459,4323,2,0.26099707307958936,on perennial
5387706,5385906,55556,119.3004150390625,59.3537483215332,53576.97024,0,78,5975,2,0.20987482277532554,on perennial
5513710,5515510,55556,126.42874908447266,58.90791702270508,50323.247104,0,132,6839,2,0.20165244831425874,on perennial
5673919,5675719,55556,135.34791564941406,58.04291534423828,73199.271936,0,237,7920,2,0.33857566818055856,on perennial
5141137,5142937,55556,105.6995849609375,56.26708221435547,53236.133888,0,452,4327,2,0.14327313866631664,on perennial
5427334,5425534,55556,121.50041961669922,56.55125045776367,78817.271808,0,418,6242,2,0.4311156679471391,on perennial
5385906,5384106,55556,119.18791961669922,59.37874984741211,53637.521408,0,75,5962,2,0.2369041751365362,on perennial
5515510,5515511,55556,126.47541809082031,58.89374923706055,50353.975296,0,134,6845,2,0.3752067272684209,on perennial
5675719,5673918,55556,135.28457641601562,58.08374786376953,73335.906304,0,232,7913,1,0.23355803744131085,on intermittent
5142937,5142936,55556,105.7612533569336,56.299583435058594,54054.432768,0,448,4334,2,0.10556545004546851,on perennial
5425534,5423733,55556,121.39041900634766,56.60625076293945,79012.052992,0,411,6229,0,0.3473423476347636,near water
5384106,5384105,55556,119.1754150390625,59.43291473388672,53924.982784,0,68,5960,2,0.22985434522607817,on perennial
5515511,5517311,55556,126.53541564941406,58.860416412353516,50477.50656,0,138,6852,2,0.36293697333320873,on perennial
5673918,5672118,55556,135.20042419433594,58.188751220703125,75973.541888,0,219,7903,2,0.20648867033359394,on perennial
5142936,5144736,55556,105.84791564941406,56.33541488647461,54099.677184,0,444,4345,2,0.3205372910181558,on perennial
5423733,5421932,55556,121.27625274658203,56.696250915527344,80276.914176,0,400,6215,2,0.1075057621346473,on perennial
5384105,5385905,55556,119.25958251953125,59.4587516784668,54000.0256,0,65,5970,2,0.1932782530171086,on perennial
5517311,5517312,55556,126.5995864868164,58.84375,50544.746496,0,140,6860,2,0.3207864674216855,on perennial
5672118,5670317,55556,135.13125610351562,58.1995849609375,76141.871104,0,218,7894,1,0.2636698730289837,on intermittent
5144736,5146536,55556,105.89958190917969,56.33708190917969,54211.424256,0,443,4351,2,0.44993457222458494,on perennial
5421932,5420131,55556,121.2004165649414,56.77958297729492,82208.64512,0,390,6206,2,0.2371635117851438,on perennial
5385905,5387705,55556,119.3187484741211,59.469581604003906,54117.609472,0,64,5978,2,0.2897623571125642,on perennial
5517312,5519111,55556,126.64875030517578,58.84208297729492,50604.929024,0,140,6866,2,0.13451445725244615,on perennial
5670317,5668517,55556,134.9879150390625,58.21458435058594,76202.344448,0,216,7877,2,0.11633473041853243,on perennial
5146536,5148336,55556,106.01374816894531,56.33625030517578,54293.897216,0,444,4365,1,0.38848268820684534,on intermittent
5420131,5420130,55556,121.117919921875,56.909584045410156,82682.986496,0,374,6196,2,0.21352699459094188,on perennial
5387705,5387704,55556,119.36458587646484,59.51874923706055,54191.415296,0,58,5983,2,0.15798166867753613,on perennial
5519111,5520911,55556,126.6995849609375,58.83041763305664,51577.708544,0,141,6872,2,0.2594307380116854,on perennial
5600126,5601926,55556,131.2695770263672,57.32374954223633,55426.695168,0,324,7426,2,0.11279682114629663,on perennial
5668517,5666717,55556,134.90042114257812,58.26708221435547,76614.950912,0,210,7866,2,0.4253991481079876,on perennial
5148336,5150136,55556,106.12124633789062,56.3529167175293,55608.569856,0,442,4378,2,0.4028782823438255,on perennial
5420130,5418330,55556,121.10041809082031,56.979583740234375,82968.682496,0,366,6193,2,0.43281417249254395,on perennial
5387704,5389504,55556,119.42041778564453,59.532081604003906,54258.192384,0,56,5990,2,0.21071237024486272,on perennial
5520911,5522711,55556,126.82208251953125,58.80875015258789,51668.897792,0,144,6887,2,0.09804373088922154,on perennial
5601926,5598326,55556,131.15957641601562,57.360416412353516,88055.775232,0,319,7413,2,0.4262495581352246,on perennial
5666717,5666716,55556,134.8420867919922,58.31291580200195,76952.281088,0,204,7859,2,0.07092429790501487,on perennial
5150136,5151935,55556,106.21375274658203,56.39125061035156,55691.603968,0,437,4389,2,0.07334726031333366,on perennial
5418330,5418329,55556,121.0304183959961,57.02375030517578,83503.570944,0,360,6185,2,0.23627020910100704,on perennial
5389504,5389503,55556,119.39541625976562,59.612083435058594,54334.132224,0,47,5987,2,0.4477418468122742,on perennial
5522711,5524512,55556,126.92958068847656,58.78791809082031,51915.001856,0,146,6900,2,0.38528699224966745,on perennial
5598326,5596526,55556,131.0004119873047,57.38458251953125,88210.849792,0,317,7393,2,0.5021923067562979,on perennial
5666716,5664916,55556,134.8262481689453,58.402915954589844,77175.013376,0,193,7857,2,0.1346304099243341,on perennial
5151935,5151934,55556,106.2804183959961,56.501251220703125,56095.838208,0,424,4397,2,0.3808414751097108,on perennial
5418329,5416529,55556,121.00041961669922,57.05875015258789,88919.113728,0,356,6181,2,0.1846167313762906,on perennial
5389503,5387703,55556,119.4004135131836,59.65208435058594,54481.010688,0,42,5987,2,0.36095063721410114,on perennial
5524512,5526312,55556,126.99958038330078,58.76708221435547,52092.358656,0,149,6909,2,0.22461573119965209,on perennial
5596526,5596525,55556,130.9287567138672,57.41041564941406,88255.414272,0,313,7385,0,0.5339413287360208,near water
5664916,5666715,55556,134.7879180908203,58.39958190917969,77268.426752,0,193,7853,0,0.5292430530129068,near water
5151934,5151933,55556,106.27041625976562,56.60041809082031,56193.871872,0,412,4396,2,0.3963557768982097,on perennial
5416529,5418328,55556,120.99958038330078,57.08791732788086,88983.052288,0,352,6181,2,0.4598011925927798,on perennial
5387703,5389502,55556,119.39875030517578,59.70375061035156,54511.464448,0,35,5987,2,0.38968127959708565,on perennial
5526312,5528112,55556,127.0995864868164,58.71875,52171.718656,0,155,6921,2,0.24201615989900677,on perennial
5596525,5594725,55556,130.87875366210938,57.430416107177734,88318.11584,0,311,7379,2,0.13104235778813417,on perennial
5666715,5664915,55556,134.7412567138672,58.44041442871094,80003.416064,0,189,7847,0,0.61224092358199,near water
5151933,5150133,55556,106.19708251953125,56.64125061035156,56297.897984,0,407,4387,2,0.3477840546787444,on perennial
5418328,5416528,55556,120.96708679199219,57.14208221435547,89036.644352,0,346,6177,2,0.18152157602990418,on perennial
5389502,5387702,55556,119.37208557128906,59.758750915527344,54745.894912,0,29,5984,2,0.23640166091435783,on perennial
5528112,5529912,55556,127.21041870117188,58.757083892822266,96590.815232,0,150,6934,2,0.1506855897418999,on perennial
5594725,5592925,55556,130.7695770263672,57.43791580200195,88599.134208,0,310,7366,0,0.256607060583701,near water
5664915,5664914,55556,134.7504119873047,58.49958419799805,80082.04288,0,181,7848,2,0.33853306181826465,on perennial
5150133,5148333,55556,106.08708190917969,56.688751220703125,56462.66368,0,401,4374,2,0.1995018491767402,on perennial
5416528,5416527,55556,120.99124908447266,57.20458221435547,89158.729728,0,338,6180,2,0.3358603458990527,on perennial
5387702,5389501,55556,119.43708038330078,59.81458282470703,61611.859968,0,22,5992,2,0.06280925502741977,on perennial
5529912,5529911,55556,127.24874877929688,58.799583435058594,96665.100288,0,145,6939,2,0.12256325308909645,on perennial
5592925,5591125,55556,130.6879119873047,57.47624969482422,88927.748096,0,305,7356,0,0.48118039643853217,near water
5664914,5663115,55556,134.70042419433594,58.50791549682617,80127.311872,0,180,7842,2,0.32928882130427345,on perennial
5148333,5146533,55556,106.00041961669922,56.68208312988281,56525.090816,0,402,4363,2,0.3155640872821406,on perennial
5319357,5319356,55556,115.49041748046875,54.368751525878906,50007.154688,0,682,5513,2,0.2708855079579011,on perennial
5416527,5418327,55556,121.02375030517578,57.25374984741211,89567.731712,0,332,6184,2,0.3609892055841676,on perennial
5389501,5391301,55556,119.49958038330078,59.88624954223633,61731.115008,0,13,5999,2,0.3354085302910567,on perennial
5529911,5531711,55556,127.31791687011719,58.8095817565918,96690.683904,0,144,6947,2,0.19904123797981566,on perennial
5591125,5591124,55556,130.6445770263672,57.51625061035156,89002.000384,0,301,7350,2,0.4400129320214308,on perennial
5663115,5663114,55556,134.6112518310547,58.52541732788086,80169.3696,0,178,7831,2,0.2318951303889351,on perennial
5146533,5144733,55556,105.9004135131836,56.68375015258789,56706.289664,0,401,4351,2,0.4321173220165992,on perennial
5319356,5321155,55556,115.5945816040039,54.39958190917969,50267.144192,0,678,5526,2,0.31669006751719375,on perennial
5418327,5420127,55556,121.0995864868164,57.26374816894531,89729.056768,0,331,6193,2,0.24643256096819005,on perennial
5391301,5391300,55556,119.58041381835938,59.90791702270508,61776.6912,0,11,6009,2,0.3306154298167819,on perennial
5531711,5531712,55556,127.38375091552734,58.78874969482422,97208.44288,0,146,6955,2,0.29625158224873493,on perennial
5591124,5589324,55556,130.56875610351562,57.568748474121094,89333.809152,0,294,7341,2,0.1987299463017661,on perennial
5663114,5661314,55556,134.58624267578125,58.55458450317383,80433.651712,0,175,7828,1,0.2810653822012933,on intermittent
5144733,5142933,55556,105.8004150390625,56.6754150390625,56780.865536,0,402,4339,2,0.4412236779737124,on perennial
5321155,5322955,55556,115.70625305175781,54.424583435058594,50378.514432,0,675,5540,2,0.3382055576875159,on perennial
5420127,5421927,55556,121.1995849609375,57.28791809082031,89808.592896,0,328,6206,2,0.32601361367739623,on perennial
5391300,5393101,55556,119.61458587646484,59.93708419799805,61858.009088,0,7,6013,2,0.21303160792008877,on perennial
5531712,5533512,55556,127.4629135131836,58.778751373291016,97289.17504,0,148,6965,2,0.45378446260805644,on perennial
5589324,5591123,55556,130.6062469482422,57.64291763305664,89459.253248,0,285,7346,0,0.3976802648711627,near water
5661314,5659514,55556,134.4379119873047,58.55291748046875,80541.089792,0,175,7810,2,0.11549635440588052,on perennial
5142933,5141133,55556,105.67708587646484,56.688751220703125,58475.155456,0,401,4324,2,0.1252529902770149,on perennial
5322955,5324755,55556,115.7995834350586,54.43791580200195,50594.779136,0,674,5551,2,0.2831532117638709,on perennial
5421927,5423727,55556,121.3379135131836,57.26625061035156,90837.065728,0,331,6222,2,0.18601196541333273,on perennial
5393101,5393100,55556,119.6620864868164,59.94708251953125,61934.235648,0,6,6019,2,0.10363783427941245,on perennial
5533512,5535312,55556,127.49958038330078,58.77958297729492,97467.899904,0,147,6969,2,0.3999352642852144,on perennial
5591123,5591122,55556,130.66542053222656,57.713748931884766,104606.06464,0,277,7353,0,0.5553760550130682,near water
5659514,5657714,55556,134.34957885742188,58.55125045776367,80982.867968,0,175,7799,2,0.23585507361036143,on perennial
5141133,5141132,55556,105.62458038330078,56.721248626708984,58557.353984,0,397,4318,2,0.19828700039043845,on perennial
5324755,5326555,55556,115.91874694824219,54.46708297729492,50758.508544,0,670,5565,2,0.2610015438632239,on perennial
5423727,5425527,55556,121.44208526611328,57.26625061035156,91033.96864,0,331,6235,2,0.1338672965811908,on perennial
5393100,5394900,55556,119.73542022705078,59.965415954589844,62245.679104,0,4,6028,2,0.2830190523224781,on perennial
5535312,5535311,55556,127.56124877929688,58.80875015258789,97508.048896,0,144,6977,2,0.20465055529807252,on perennial
5591122,5592922,55556,130.6995849609375,57.778751373291016,104730.673152,0,269,7357,2,0.2367697266649283,on perennial
5657714,5655913,55556,134.31541442871094,58.6029167175293,81227.85792,0,169,7795,2,0.2056000539519354,on perennial
5141132,5142932,55556,105.72624969482422,56.776248931884766,71084.130304,0,390,4330,1,0.23751145139325439,on intermittent
5326555,5328355,55556,116.01374816894531,54.48125076293945,50856.505344,0,668,5577,2,0.40502648897870414,on perennial
5425527,5425526,55556,121.47708129882812,57.299583435058594,91957.878784,0,327,6239,2,0.17762559756273513,on perennial
5394900,5398499,55556,119.7995834350586,59.97624969482422,62313.312256,0,2,6036,2,0.3579451535364993,on perennial
5535311,5537111,55556,127.62291717529297,58.84791564941406,97606.066176,0,139,6984,2,0.14198441204694076,on perennial
5592922,5592921,55556,130.75457763671875,57.81041717529297,104757.182464,0,265,7364,2,0.1747261121326373,on perennial
5655913,5654113,55556,134.1962432861328,58.65791702270508,81313.046528,0,162,7781,2,0.17483461218346222,on perennial
5142932,5144732,55556,105.7995834350586,56.79458236694336,71179.108352,0,388,4339,2,0.0851151404421897,on perennial
5328355,5330155,55556,116.0995864868164,54.4787483215332,51544.952832,0,669,5587,2,0.2939941484038829,on perennial
5425526,5427326,55556,121.51625061035156,57.33208465576172,95770.140672,0,323,6244,2,0.11891632544829954,on perennial
5398499,5398500,55556,119.95291900634766,59.98875045776367,62425.260032,0,1,6054,2,0.2218672661189154,on perennial
5537111,5538911,55556,127.70791625976562,58.847084045410156,99208.470528,0,139,6994,2,0.29554332414277007,on perennial
5592921,5594721,55556,130.80624389648438,57.80708312988281,104871.026688,0,265,7370,2,0.2835436717039494,on perennial
5654113,5655912,55556,134.23374938964844,58.751251220703125,81516.9536,0,151,7785,2,0.2314528455943978,on perennial
5144732,5146532,55556,105.87541961669922,56.80208206176758,71224.721408,0,387,4348,2,0.11734854110324748,on perennial
5330155,5331955,55556,116.18458557128906,54.50041580200195,51643.940864,0,666,5598,2,0.22336564202740639,on perennial
5427326,5425525,55556,121.5120849609375,57.40208435058594,95833.088,0,314,6243,2,0.41335122271605923,on perennial
5398500,5400300,55556,119.99958038330078,59.97041702270508,62657.929216,0,3,6060,2,0.08270155914493316,on perennial
5538911,5540712,55556,127.7804183959961,58.79875183105469,99406.938112,0,145,7003,2,0.13164705953331485,on perennial
5594721,5596521,55556,130.9012451171875,57.818748474121094,104915.902464,0,264,7381,2,0.2489303910524566,on perennial
5655912,5655911,55556,134.30874633789062,58.7912483215332,106894.344192,0,146,7794,2,0.2378743966904209,on perennial
5146532,5146531,55556,105.98625183105469,56.819583892822266,72460.53376,0,385,4361,2,0.23596687893245338,on perennial
5331955,5331954,55556,116.25208282470703,54.49791717529297,51695.198208,0,666,5606,2,0.397179235202135,on perennial
5425525,5427325,55556,121.55458068847656,57.42124938964844,95903.227904,0,312,6249,0,0.27569793586630986,near water
5400300,5400301,55556,120.0512466430664,59.8870849609375,62705.246208,0,13,6066,2,0.2251978149475052,on perennial
5540712,5538912,55556,127.8004150390625,58.74791717529297,99505.004544,0,151,7006,0,0.3805277620517552,near water
5596521,5598321,55556,131.02041625976562,57.82208251953125,105362.112512,0,263,7396,2,0.4514587779350251,on perennial
5655911,5657711,55556,134.33375549316406,58.84958267211914,106961.649664,0,139,7798,2,0.22831833833445678,on perennial
5146531,5148331,55556,106.04792022705078,56.81458282470703,72519.262208,0,386,4369,2,0.35776670797390586,on perennial
5331954,5333755,55556,116.2995834350586,54.501251220703125,52007.759872,0,666,5612,2,0.22908997771223968,on perennial
5427325,5427324,55556,121.56458282470703,57.49958419799805,95987.843072,0,303,6250,0,0.53434603328607,near water
5400301,5402101,55556,120.0995864868164,59.83541488647461,63112.64256,0,19,6072,2,0.42054959255644075,on perennial
5538912,5540713,55556,127.80958557128906,58.70708465576172,99764.502528,0,156,7007,2,0.23898824862734094,on perennial
5598321,5600121,55556,131.09957885742188,57.85708236694336,107599.896576,0,259,7406,2,0.32997265982114105,on perennial
5657711,5659511,55556,134.3995819091797,58.86958312988281,107670.347776,0,137,7806,2,0.4977311899448462,on perennial
5148331,5150131,55556,106.0995864868164,56.854583740234375,72579.2768,0,381,4375,2,0.2413829301014307,on perennial
5333755,5333754,55556,116.33457946777344,54.49958419799805,52068.0448,0,666,5616,2,0.22273599783338058,on perennial
5427324,5429124,55556,121.61125183105469,57.53708267211914,96759.64416,0,298,6255,2,0.20414765822776929,on perennial
5402101,5403901,55556,120.2387466430664,59.81708526611328,63256.416256,0,22,6089,2,0.30208364503424384,on perennial
5540713,5542513,55556,127.89958190917969,58.69208526611328,99957.858304,0,158,7018,2,0.1787595069661416,on perennial
5600121,5600120,55556,131.16041564941406,57.94541549682617,107779.866624,0,249,7413,2,0.42527038611487145,on perennial
5659511,5661310,55556,134.5104217529297,58.905418395996094,107946.057728,0,132,7819,2,0.1640452167026825,on perennial
5150131,5150130,55556,106.1362533569336,56.914581298828125,72806.514688,0,373,4380,2,0.4822408376971186,on perennial
5333754,5335555,55556,116.4054183959961,54.501251220703125,52110.311424,0,666,5624,2,0.21309701906914488,on perennial
5429124,5430923,55556,121.69041442871094,57.61375045776367,96858.415104,0,289,6265,2,0.23635211367224326,on perennial
5403901,5405701,55556,120.33291625976562,59.84958267211914,63546.986496,0,18,6100,2,0.32419035909212895,on perennial
5542513,5544313,55556,127.99958038330078,58.693748474121094,100121.059328,0,158,7030,2,0.193082389978037,on perennial
5600120,5601919,55556,131.1962432861328,57.998748779296875,107874.46784,0,242,7417,2,0.1302637217339176,on perennial
5661310,5663110,55556,134.65292358398438,58.92375183105469,108135.91552,0,130,7836,2,0.11141276255800445,on perennial
5150130,5151929,55556,106.2129135131836,57.006248474121094,73378.07872,0,362,4389,1,0.34877540434752435,on intermittent
5335555,5337355,55556,116.51708221435547,54.46041488647461,52282.687488,0,671,5638,2,0.04764247512068136,on perennial
5430923,5430922,55556,121.73208618164062,57.71875,97304.969216,0,276,6270,2,0.03071307810224666,on perennial
5405701,5407501,55556,120.39958190917969,59.85708236694336,86470.852608,0,17,6109,2,0.26668480586518356,on perennial
5544313,5544312,55556,128.02792358398438,58.72458267211914,100197.122048,0,154,7033,2,0.12551290974104629,on perennial
5601919,5600118,55556,131.2062530517578,58.09958267211914,108809.183232,0,230,7418,2,0.2519579558916072,on perennial
5663110,5664910,55556,134.6995849609375,58.9162483215332,108495.896576,0,131,7842,2,0.13844520384175865,on perennial
5151929,5153729,55556,106.35541534423828,57.042083740234375,73570.009088,0,358,4406,2,0.11304104650938122,on perennial
5337355,5337354,55556,116.54374694824219,54.512916564941406,62238.216192,0,665,5641,2,0.3765685323253564,on perennial
5430922,5429121,55556,121.73208618164062,57.799583435058594,97436.286976,0,266,6270,2,0.20107864039763826,on perennial
5407501,5409300,55556,120.49874877929688,59.89958190917969,86635.454464,0,12,6121,2,0.3626217108904982,on perennial
5544312,5546111,55556,128.09957885742188,58.7904167175293,100534.796288,0,146,7042,2,0.12242308988268816,on perennial
5600118,5600117,55556,131.1754150390625,58.20624923706055,108932.17792,0,217,7415,2,0.15996175716103805,on perennial
5664910,5666710,55556,134.81875610351562,58.93208312988281,108555.558912,0,129,7856,2,0.15934311624202266,on perennial
5153729,5155529,55556,106.39958190917969,57.007083892822266,73674.039296,0,362,4412,2,0.33305272093600446,on perennial
5337354,5339154,55556,116.62374877929688,54.51874923706055,62358.003712,0,664,5651,2,0.12138219066799638,on perennial
5429121,5430921,55556,121.7129135131836,57.84791564941406,97637.367808,0,260,6268,0,0.4857523533510096,near water
5409300,5411100,55556,120.5995864868164,59.938751220703125,86816.186368,0,7,6133,2,0.12154520310395703,on perennial
5546111,5547911,55556,128.1995849609375,58.813751220703125,100566.990848,0,143,7054,2,0.26396264649996043,on perennial
5600117,5600116,55556,131.18124389648438,58.3095817565918,110233.993216,0,204,7415,2,0.4157161971592424,on perennial
5666710,5668510,55556,134.93292236328125,58.93208312988281,109032.505344,0,129,7870,2,0.09020734954912513,on perennial
5155529,5157329,55556,106.49958038330078,57.00374984741211,73700.43392,0,363,4424,2,0.3300506076727744,on perennial
5339154,5340954,55556,116.7245864868164,54.532081604003906,62474.248192,0,662,5663,2,0.25911295261581185,on perennial
5430921,5429120,55556,121.69541931152344,57.91791534423828,97792.540672,0,252,6266,2,0.22187289252618483,on perennial
5411100,5412900,55556,120.70291900634766,59.9587516784668,86874.415104,0,4,6145,2,0.47986323427273003,on perennial
5547911,5547912,55556,128.2395782470703,58.79624938964844,100597.071872,0,145,7059,0,0.5489307525755804,near water
5600116,5600115,55556,131.1579132080078,58.39958190917969,110421.557248,0,193,7413,0,0.5290930010491245,near water
5668510,5670310,55556,134.9995880126953,58.930416107177734,109120.59392,0,129,7878,2,0.17538163735561457,on perennial
5157329,5159129,55556,106.60041809082031,57.001251220703125,79883.739136,0,363,4436,2,0.04505187153311954,on perennial
5340954,5340953,55556,116.7804183959961,54.60625076293945,62592.954368,0,653,5670,0,0.5248383122829927,near water
5429120,5430919,55556,121.70957946777344,58.0120849609375,97951.940608,0,240,6267,2,0.45053510409171355,on perennial
5547912,5549712,55556,128.32041931152344,58.722084045410156,100683.849728,0,154,7069,0,0.4767832686095714,near water
5600115,5601914,55556,131.1995849609375,58.4787483215332,110612.324352,0,184,7418,2,0.20165508106445404,on perennial
5670310,5672110,55556,135.1304168701172,58.96875,109945.602048,0,125,7894,2,0.4609204827406633,on perennial
5159129,5160929,55556,106.6995849609375,57.03541564941406,80217.45664,0,359,4448,2,0.14718652905366225,on perennial
5340953,5342753,55556,116.7995834350586,54.6754150390625,63236.808704,0,645,5672,2,0.12849139532956538,on perennial
5430919,5429119,55556,121.69541931152344,58.049583435058594,98027.184128,0,236,6266,2,0.2044211924518718,on perennial
5549712,5549711,55556,128.32708740234375,58.81291580200195,100849.926144,0,143,7069,2,0.4159686747276001,on perennial
5601914,5600114,55556,131.20040893554688,58.56291580200195,111135.309824,0,174,7418,2,0.3103852857430206,on perennial
5672110,5673910,55556,135.2170867919922,58.965415954589844,111022.481408,0,125,7905,2,0.208013836362661,on perennial
5160929,5162729,55556,106.81791687011719,57.02958297729492,80280.592384,0,360,4462,2,0.4350113227908319,on perennial
5342753,5344553,55556,116.87124633789062,54.722084045410156,63437.574144,0,639,5681,0,0.5105345880855585,near water
5429119,5429118,55556,121.64958190917969,58.12291717529297,99467.780096,0,227,6260,2,0.03541055386194175,on perennial
5549711,5551511,55556,128.3995819091797,58.847084045410156,101575.860224,0,139,7078,2,0.25332718278197147,on perennial
5600114,5598314,55556,131.06124877929688,58.58124923706055,111202.295808,0,171,7401,2,0.4358814613364223,on perennial
5673910,5675709,55556,135.3212432861328,59.030418395996094,111147.384832,0,117,7917,2,0.10934196460762068,on perennial
5162729,5162728,55556,106.85791778564453,57.12125015258789,80583.049216,0,348,4467,2,0.407950260962153,on perennial
5344553,5342752,55556,116.8495864868164,54.76708221435547,63508.332544,0,634,5678,2,0.22774966515184739,on perennial
5429118,5427317,55556,121.60791778564453,58.1995849609375,100559.290368,0,218,6255,2,0.24574957289846727,on perennial
5551511,5553312,55556,128.52291870117188,58.803749084472656,101770.174464,0,145,7093,2,0.46711856671862073,on perennial
5598314,5596514,55556,131.0004119873047,58.57374954223633,111269.2736,0,172,7393,2,0.41899514881071337,on perennial
5675709,5675708,55556,135.34124755859375,59.10124969482422,112028.647424,0,108,7920,0,0.5065631847695498,near water
5162728,5164528,55556,106.92791748046875,57.15041732788086,80639.803392,0,345,4476,2,0.21258346174592394,on perennial
5342752,5344551,55556,116.90958404541016,54.79375076293945,63626.162176,0,631,5686,0,0.4851355641524561,near water
5427317,5427316,55556,121.5562515258789,58.299583435058594,100712.964096,0,206,6249,2,0.37772404373375534,on perennial
5553312,5553313,55556,128.52041625976562,58.69874954223633,102125.395968,0,157,7093,2,0.2157710039435819,on perennial
5596514,5594714,55556,130.867919921875,58.54458236694336,111402.205184,0,176,7377,2,0.22022337866585417,on perennial
5675708,5673908,55556,135.3004150390625,59.14291763305664,112587.726848,0,103,7915,0,0.4860319532984047,near water
5164528,5162727,55556,106.89125061035156,57.202083587646484,80707.436544,0,339,4471,2,0.33925462365344494,on perennial
5344551,5342751,55556,116.9004135131836,54.87041473388672,65132.638208,0,621,5684,2,0.3235353504595895,on perennial
5427316,5429115,55556,121.60124969482422,58.39291763305664,100948.099072,0,194,6254,2,0.28918490590815854,on perennial
5553313,5555113,55556,128.59957885742188,58.681251525878906,103646.953472,0,159,7102,2,0.39282552840923535,on perennial
5594714,5594713,55556,130.8004150390625,58.588748931884766,111614.369792,0,171,7369,2,0.4199501258089117,on perennial
5162727,5164527,55556,106.90791320800781,57.237083435058594,80792.231936,0,334,4473,2,0.37752761607606106,on perennial
5342751,5342750,55556,116.87708282470703,54.901248931884766,65299.603456,0,618,5682,0,0.525513845505703,near water
5429115,5427314,55556,121.60958099365234,58.49958419799805,101158.912,0,181,6255,2,0.3523495367742814,on perennial
5555113,5556913,55556,128.70042419433594,58.64875030517578,103867.22816,0,163,7115,0,0.4269397773333182,near water
5594713,5592913,55556,130.78041076660156,58.66374969482422,112058.097664,0,161,7367,0,0.582798757872781,near water
5164527,5166326,55556,106.97041320800781,57.299583435058594,81003.9296,0,327,4481,2,0.200470938945536,on perennial
5342750,5342749,55556,116.81791687011719,54.99958419799805,66052.9152,0,606,5674,2,0.41403380604163387,on perennial
5427314,5425513,55556,121.50375366210938,58.59958267211914,101356.068864,0,169,6242,2,0.2905601513341652,on perennial
5556913,5555114,55556,128.70291137695312,58.60041809082031,103947.55072,0,169,7115,2,0.1342189083062813,on perennial
5592913,5592912,55556,130.76292419433594,58.6995849609375,112181.198848,0,157,7365,2,0.18280730070836076,on perennial
5673908,5672108,55556,135.20042419433594,59.152915954589844,156054.994944,0,102,7903,2,0.25500891523190844,on perennial
5166326,5168126,55556,107.0995864868164,57.325416564941406,81131.995136,0,324,4496,2,0.3507846515040349,on perennial
5342749,5340948,55556,116.78291320800781,55.08958435058594,66264.2688,0,595,5670,2,0.28549115650693374,on perennial
5425513,5425512,55556,121.4879150390625,58.70375061035156,105864.077312,0,157,6240,2,0.41075867740340133,on perennial
5555114,5556914,55556,128.72874450683594,58.54624938964844,104039.407616,0,176,7118,2,0.2718942304809149,on perennial
5592912,5591112,55556,130.69874572753906,58.772918701171875,112229.924864,0,148,7357,2,0.22053458110840413,on perennial
5672108,5670308,55556,135.08624267578125,59.18208312988281,156117.97504,0,99,7889,2,0.35064384758373773,on perennial
5168126,5169927,55556,107.1995849609375,57.30208206176758,81188.274176,0,327,4509,2,0.4954199582304102,on perennial
5340948,5339148,55556,116.6812515258789,55.132083892822266,77033.8816,0,590,5658,2,0.42155222310943957,on perennial
5425512,5427311,55556,121.51374816894531,58.799583435058594,106164.928512,0,145,6244,2,0.19456952749295892,on perennial
5556914,5558714,55556,128.80291748046875,58.536251068115234,104439.996416,0,177,7127,2,0.09223471159578922,on perennial
5591112,5589311,55556,130.5954132080078,58.7912483215332,112370.540544,0,146,7344,2,0.18997788909351754,on perennial
5670308,5670307,55556,135.0295867919922,59.21458435058594,156184.576,0,95,7882,2,0.27977862922613383,on perennial
5169927,5171727,55556,107.31625366210938,57.24541473388672,86338.945024,0,333,4523,2,0.3902468257965702,on perennial
5339148,5337348,55556,116.60041809082031,55.16875076293945,77146.177536,0,585,5648,2,0.0989769452928933,on perennial
5427311,5429110,55556,121.5995864868164,58.89458465576172,106586.955776,0,133,6254,2,0.44927184847201246,on perennial
5558714,5560514,55556,128.8995819091797,58.533748626708984,107462.295552,0,177,7139,2,0.22173207662237812,on perennial
5670307,5668506,55556,135.02125549316406,59.30791473388672,156438.822912,0,83,7881,2,0.3625761477519532,on perennial
5171727,5173527,55556,107.41041564941406,57.26541519165039,87988.174848,0,331,4534,2,0.05745730625348253,on perennial
5337348,5337347,55556,116.53541564941406,55.1995849609375,77180.665856,0,581,5640,2,0.3478180311949409,on perennial
5429110,5430910,55556,121.7004165649414,58.96291732788086,109000.384512,0,125,6266,2,0.21588336584917314,on perennial
5560514,5562314,55556,129.00958251953125,58.536251068115234,107494.342656,0,177,7152,2,0.1095559738729171,on perennial
5668506,5670306,55556,135.05624389648438,59.32291793823242,157436.755968,0,82,7885,2,0.3970295917605981,on perennial
5173527,5173526,55556,107.43458557128906,57.31458282470703,88319.991808,0,325,4537,2,0.013486094688971443,on perennial
5337347,5335547,55556,116.50041961669922,55.217918395996094,77282.893824,0,579,5636,2,0.14143238586869167,on perennial
5430910,5430909,55556,121.70458221435547,58.99958419799805,109067.476992,0,121,6267,0,0.40480237752017695,near water
5562314,5564115,55556,129.10458374023438,58.50041580200195,107526.455296,0,181,7164,2,0.28660449652262276,on perennial
5670306,5670305,55556,135.09957885742188,59.389583587646484,157530.243072,0,73,7890,2,0.47949524388804754,on perennial
5173526,5175326,55556,107.55208587646484,57.342918395996094,88381.923328,0,322,4551,2,0.4157427311276426,on perennial
5335547,5335546,55556,116.47208404541016,55.31291580200195,77923.385344,0,568,5632,2,0.42082878265960283,on perennial
5430909,5432709,55556,121.7995834350586,59.0412483215332,109496.64768,0,116,6278,2,0.2866957761920149,on perennial
5564115,5565915,55556,129.23374938964844,58.4879150390625,107968.241664,0,183,7179,2,0.2598613711518492,on perennial
5670305,5670304,55556,135.07374572753906,59.5220832824707,157918.609408,0,57,7887,2,0.40770817127669656,on perennial
5175326,5175325,55556,107.53624725341797,57.39958190917969,88624.324608,0,315,4549,2,0.3228744331093196,on perennial
5335546,5333746,55556,116.4004135131836,55.341251373291016,78272.331776,0,564,5624,2,0.21049201836734543,on perennial
5432709,5432708,55556,121.82125091552734,59.10708236694336,110327.02976,0,108,6281,2,0.253699953739639,on perennial
5565915,5565914,55556,129.25457763671875,58.52124786376953,108930.514944,0,179,7182,1,0.24376042001899917,on intermittent
5670304,5670303,55556,135.02374267578125,59.61125183105469,157978.984448,0,47,7881,2,0.35609840520770103,on perennial
5175325,5177125,55556,107.64458465576172,57.42708206176758,88678.309888,0,311,4562,2,0.4131243376229624,on perennial
5333746,5331946,55556,116.26625061035156,55.36541748046875,78325.121024,0,561,5608,2,0.3466996735126185,on perennial
5432708,5430908,55556,121.77958679199219,59.16291809082031,110592.876544,0,101,6276,2,0.09353704858914365,on perennial
5565914,5567714,55556,129.32708740234375,58.55291748046875,109470.932992,0,175,7191,2,0.1841653618615472,on perennial
5670303,5668502,55556,134.9754180908203,59.717918395996094,158760.419328,0,34,7875,2,0.3167297399850284,on perennial
5177125,5178925,55556,107.6995849609375,57.45124816894531,88754.3808,0,308,4569,2,0.40972989453569375,on perennial
5331946,5330146,55556,116.2004165649414,55.35874938964844,95915.58144,0,562,5600,1,0.24450327252411588,on intermittent
5430908,5429106,55556,121.70208740234375,59.2095832824707,111028.215808,0,95,6266,2,0.34455225681479834,on perennial
5567714,5569514,55556,129.42459106445312,58.54708480834961,109562.830848,0,176,7202,2,0.4246723845406877,on perennial
5668502,5666702,55556,134.90042114257812,59.76541519165039,158874.075136,0,28,7866,2,0.11714169450209448,on perennial
5178925,5180725,55556,107.85208129882812,57.49958419799805,88815.640576,0,303,4588,2,0.4254695049954346,on perennial
5330146,5328346,55556,116.08291625976562,55.362083435058594,96078.839808,0,562,5585,2,0.34131853612847185,on perennial
5429106,5429107,55556,121.67041778564453,59.25041580200195,111253.495808,0,90,6263,0,0.4272152642572075,near water
5569514,5571314,55556,129.4995880126953,58.530418395996094,109654.974464,0,178,7212,2,0.39582956741559056,on perennial
5666702,5664901,55556,134.7862548828125,59.82791519165039,163626.483712,0,20,7852,2,0.3727077902340095,on perennial
5180725,5180724,55556,107.8879165649414,57.5120849609375,89621.25824,0,301,4592,2,0.06132647333817694,on perennial
5328346,5326546,55556,116.00041961669922,55.360416412353516,96304.463872,0,562,5575,2,0.19818453551679005,on perennial
5429107,5427307,55556,121.58208465576172,59.283748626708984,111318.540288,0,86,6252,2,0.29795705880463275,on perennial
5571314,5573115,55556,129.6145782470703,58.50041580200195,110096.637952,0,181,7226,2,0.3400270559557314,on perennial
5664901,5664900,55556,134.77207946777344,59.89791488647461,163774.464,0,12,7851,1,0.19410618397895912,on intermittent
5180724,5178924,55556,107.85958099365234,57.59958267211914,89694.871552,0,290,4589,0,0.49829933079451966,near water
5326546,5326545,55556,115.91542053222656,55.39958190917969,138492.64128,0,557,5565,2,0.11602219287205075,on perennial
5427307,5425507,55556,121.50041961669922,59.28708267211914,111583.281152,0,86,6242,2,0.07954944502243626,on perennial
5573115,5574915,55556,129.6995849609375,58.466251373291016,110203.895808,0,185,7236,2,0.385672741287957,on perennial
5664900,5666700,55556,134.81707763671875,59.957916259765625,163935.158272,0,5,7856,2,0.36979461802893293,on perennial
5178924,5177124,55556,107.69708251953125,57.55458450317383,89764.143104,0,296,4569,2,0.11031438413293077,on perennial
5326545,5324744,55556,115.9004135131836,55.47624969482422,138657.775616,0,548,5563,2,0.1810161437817529,on perennial
5425507,5423706,55556,121.37374877929688,59.303749084472656,111655.288832,0,84,6227,2,0.20233125346738653,on perennial
5574915,5576715,55556,129.79959106445312,58.4779167175293,110305.370112,0,184,7248,2,0.03138549223002467,on perennial
5666700,5666699,55556,134.81707763671875,59.99958419799805,167960.936448,0,0,7856,1,0.41583184125914374,on intermittent
5177124,5178923,55556,107.68541717529297,57.59958267211914,90212.155392,0,290,4567,2,0.4715488641790196,on perennial
5324744,5326544,55556,115.90374755859375,55.568748474121094,138795.008,0,537,5564,2,0.4070893069279593,on perennial
5423706,5421907,55556,121.25875091552734,59.28125,111745.425408,0,87,6213,2,0.3781055498271114,on perennial
5576715,5578514,55556,129.9495849609375,58.53791809082031,110860.115968,0,177,7266,2,0.2609964192791295,on perennial
5178923,5180723,55556,107.7995834350586,57.657081604003906,90472.89856,0,283,4581,2,0.46840446261499896,on perennial
5326544,5326543,55556,115.9004135131836,55.58791732788086,138859.855872,0,534,5563,1,0.28987802309502464,on intermittent
5421907,5420107,55556,121.2004165649414,59.251251220703125,111908.282368,0,90,6206,2,0.2983915712014097,on perennial
5578514,5580314,55556,129.9995880126953,58.56208419799805,111287.123968,0,174,7272,2,0.20813574298891763,on perennial
5180723,5182523,55556,107.91374969482422,57.66291809082031,90562.420736,0,283,4595,2,0.20605895281463626,on perennial
5326543,5324743,55556,115.90791320800781,55.65041732788086,138945.642496,0,527,5564,2,0.25964876311891133,on perennial
5420107,5418307,55556,121.10041809082031,59.22041702270508,111977.971712,0,94,6193,2,0.2301100042825952,on perennial
5580314,5580313,55556,130.04124450683594,58.59958267211914,111358.93504,0,169,7277,2,0.25160100099416455,on perennial
5182523,5184323,55556,107.99958038330078,57.65625,90611.826688,0,284,4606,2,0.4457987024112529,on perennial
5324743,5324742,55556,115.8379135131836,55.6995849609375,139648.401408,0,521,5556,0,0.3836445669772559,near water
5418307,5416507,55556,121.00041961669922,59.25541687011719,113432.436736,0,90,6181,2,0.2854899180226129,on perennial
5580313,5582113,55556,130.09957885742188,58.64041519165039,113818.877952,0,164,7284,2,0.3081786363817984,on perennial
5184323,5182522,55556,108.04541778564453,57.70708465576172,90646.593536,0,277,4611,2,0.39498706781607146,on perennial
5324742,5324741,55556,115.83125305175781,55.799583435058594,144005.251072,0,509,5555,0,0.5290031794059117,near water
5416507,5418306,55556,121.03791809082031,59.30791473388672,113477.820416,0,83,6186,2,0.35921329004883096,on perennial
5582113,5583913,55556,130.2445831298828,58.62041473388672,113871.003648,0,167,7302,2,0.2616563401968442,on perennial
5182522,5184322,55556,108.00958251953125,57.76958465576172,90805.420032,0,270,4607,2,0.1912478109671756,on perennial
5324741,5326540,55556,115.89624786376953,55.89958190917969,144253.042688,0,497,5563,0,0.5625631870772249,near water
5418306,5420106,55556,121.0995864868164,59.3154182434082,114137.94816,0,82,6193,2,0.47621450402496585,on perennial
5583913,5585713,55556,130.33541870117188,58.604583740234375,114175.42656,0,169,7313,2,0.3336286725264305,on perennial
5184322,5186122,55556,108.10458374023438,57.76791763305664,90889.4208,0,270,4618,2,0.12680903239666222,on perennial
5326540,5324740,55556,115.89291381835938,55.936248779296875,144609.820672,0,492,5562,2,0.1586490646318077,on perennial
5420106,5421906,55556,121.22041320800781,59.376251220703125,114235.63776,0,75,6208,2,0.09852183120248052,on perennial
5585713,5587514,55556,130.45375061035156,58.59375,114239.193088,0,170,7327,2,0.11640579652521583,on perennial
5186122,5187922,55556,108.1995849609375,57.76041793823242,137815.228416,0,271,4630,2,0.12531924080155124,on perennial
5324740,5324739,55556,115.8004150390625,55.979583740234375,144674.439168,0,487,5551,2,0.16564777169894535,on perennial
5421906,5421905,55556,121.26791381835938,59.40458297729492,114323.480576,0,72,6214,2,0.3163054634481356,on perennial
5587514,5589314,55556,130.4995880126953,58.59208297729492,114303.172608,0,170,7333,2,0.17709415015584448,on perennial
5187922,5189722,55556,108.2995834350586,57.764583587646484,138790.535168,0,270,4642,2,0.4260880738507599,on perennial
5324739,5322939,55556,115.76625061035156,56.0412483215332,144825.270272,0,479,5547,0,0.5715298952875554,near water
5421905,5423705,55556,121.2995834350586,59.431251525878906,114635.718656,0,68,6218,2,0.43808698073627295,on perennial
5589314,5589313,55556,130.56875610351562,58.60041809082031,114349.072384,0,169,7341,2,0.15624305431581864,on perennial
5189722,5187921,55556,108.3004150390625,57.79291534423828,138846.53568,0,267,4642,2,0.026425676995498443,on perennial
5322939,5322938,55556,115.76625061035156,56.09958267211914,146725.814272,0,472,5547,1,0.25782014570198536,on intermittent
5423705,5423704,55556,121.37208557128906,59.49958419799805,114818.90816,0,60,6226,2,0.24236887490541298,on perennial
5589313,5591113,55556,130.62791442871094,58.681251525878906,114394.15296,0,159,7348,2,0.357885994566308,on perennial
5187921,5189721,55556,108.33625030517578,57.84375,138887.90528,0,261,4646,2,0.19947165824671656,on perennial
5322938,5324738,55556,115.82875061035156,56.139583587646484,146784.731136,0,467,5555,2,0.469420864953236,on perennial
5423704,5425504,55556,121.41791534423828,59.530418395996094,114854.592512,0,56,6232,2,0.3845390896144684,on perennial
5591113,5589312,55556,130.6254119873047,58.71458435058594,114448.87552,0,155,7348,2,0.2829933065725652,on perennial
5189721,5191521,55556,108.39958190917969,57.85958480834961,138928.734208,0,259,4654,2,0.05119193029817592,on perennial
5324738,5322937,55556,115.78958129882812,56.172916412353516,149056.372736,0,463,5550,2,0.3785420632037947,on perennial
5425504,5427303,55556,121.50208282470703,59.58958435058594,115773.865984,0,49,6242,2,0.2412899455940979,on perennial
5589312,5589311,55556,130.5954132080078,58.7904167175293,114486.583296,0,146,7344,2,0.21736670972304917,on perennial
5191521,5191520,55556,108.43291473388672,57.90458297729492,138952.441856,0,253,4658,2,0.44977886008176965,on perennial
5322937,5321136,55556,115.6762466430664,56.31624984741211,149117.550592,0,446,5536,2,0.015809494020069162,on perennial
5427303,5425503,55556,121.50041961669922,59.63041687011719,115847.74144,0,44,6242,2,0.27357569031506057,on perennial
5589311,5591111,55556,130.59957885742188,58.82875061035156,239115.30496,0,141,7345,2,0.43324273746196995,on perennial
5191520,5193320,55556,108.51625061035156,57.95124816894531,139279.450112,0,248,4668,2,0.1665094801660833,on perennial
5321136,5321135,55556,115.67375183105469,56.39958190917969,149178.564608,0,436,5536,2,0.16584571695549033,on perennial
5425503,5425502,55556,121.50125122070312,59.68958282470703,115969.785856,0,37,6242,2,0.12109598637034627,on perennial
5591111,5592911,55556,130.72792053222656,58.87958526611328,240724.033536,0,135,7360,2,0.3568329884881344,on perennial
5193320,5193319,55556,108.5687484741211,57.9970817565918,139957.256192,0,242,4674,2,0.35222937659184317,on perennial
5321135,5324735,55556,115.72041320800781,56.42708206176758,161626.652672,0,433,5541,2,0.4274050713474892,on perennial
5425502,5427302,55556,121.50375366210938,59.75374984741211,116096.352256,0,29,6242,2,0.36457649915258766,on perennial
5592911,5594711,55556,130.79959106445312,58.87291717529297,240810.47552,0,136,7369,2,0.1273944732903555,on perennial
5193319,5195119,55556,108.60958099365234,58.027915954589844,140326.125568,0,239,4679,2,0.47466816403694206,on perennial
5324735,5322935,55556,115.76457977294922,56.46041488647461,161666.2528,0,429,5547,2,0.44438520761391276,on perennial
5427302,5425501,55556,121.48041534423828,59.79541778564453,116736.49152,0,24,6240,0,0.3730437738448939,near water
5594711,5596510,55556,130.88958740234375,58.90458297729492,240831.086592,0,132,7380,2,0.25624125612366005,on perennial
5195119,5196919,55556,108.6995849609375,58.06708526611328,140529.631232,0,234,4690,2,0.25782471817543123,on perennial
5322935,5321134,55556,115.67958068847656,56.50291442871094,168734.88384,0,423,5536,2,0.41523255262284015,on perennial
5425501,5423701,55556,121.38375091552734,59.85041809082031,116877.058048,0,18,6228,2,0.34697048179877915,on perennial
5596510,5598310,55556,130.9995880126953,58.92375183105469,241103.978496,0,130,7393,2,0.18911705554966465,on perennial
5196919,5196918,55556,108.757080078125,58.10541534423828,140585.893888,0,229,4697,2,0.20820378589733501,on perennial
5321134,5319334,55556,115.60041809082031,56.57624816894531,169343.664128,0,415,5527,2,0.46708030479268714,on perennial
5423701,5420100,55556,121.31124877929688,59.91791534423828,117063.974912,0,9,6219,2,0.4130211471494692,on perennial
5598310,5601911,55556,131.16958618164062,58.94791793823242,241197.30176,0,127,7414,2,0.023131650534868164,on perennial
5196918,5198718,55556,108.7995834350586,58.11541748046875,141099.532288,0,228,4702,2,0.24019551536222777,on perennial
5319334,5317534,55556,115.50041961669922,56.57791519165039,169460.563968,0,414,5515,1,0.31213170861559025,on intermittent
5601911,5601910,55556,131.28541564941406,58.89958190917969,241861.066752,0,133,7428,2,0.10770524439282629,on perennial
5198718,5200518,55556,108.91625213623047,58.139583587646484,141175.488512,0,225,4717,2,0.18335268737168564,on perennial
5317534,5317533,55556,115.40958404541016,56.61375045776367,169533.947904,0,410,5504,2,0.16098558885583306,on perennial
5601910,5603710,55556,131.29959106445312,58.97458267211914,244028.407808,0,124,7430,2,0.22281200115692004,on perennial
5200518,5202317,55556,108.96541595458984,58.19791793823242,141217.677312,0,218,4723,2,0.2114955814349194,on perennial
5317533,5319333,55556,115.49958038330078,56.678749084472656,170685.15328,0,402,5515,2,0.2129390164857402,on perennial
5603710,5607310,55556,131.4562530517578,58.92625045776367,244083.703808,0,130,7449,2,0.3421462642155501,on perennial
5202317,5204117,55556,109.11958312988281,58.27291488647461,141578.371072,0,209,4741,2,0.19298790043482839,on perennial
5319333,5319332,55556,115.56291961669922,56.69874954223633,170731.225088,0,400,5522,2,0.3489879877112066,on perennial
5607310,5610909,55556,131.65042114257812,58.97458267211914,244266.057728,0,124,7472,2,0.2310296580142074,on perennial
5204117,5205917,55556,109.23124694824219,58.23875045776367,143443.427328,0,213,4755,2,0.09630732436976192,on perennial
5319332,5321132,55556,115.5995864868164,56.764583587646484,170948.28032,0,392,5527,2,0.3319094302437099,on perennial
5610909,5612709,55556,131.8629150390625,59.061248779296875,249140.494336,0,113,7498,2,0.2647437560574232,on perennial
5205917,5207718,55556,109.2995834350586,58.20291519165039,143574.351872,0,217,4763,2,0.30416257414174525,on perennial
5321132,5319331,55556,115.5945816040039,56.81624984741211,170975.838208,0,385,5526,2,0.3797887485992798,on perennial
5612709,5614508,55556,131.9112548828125,59.09208297729492,250271.809536,0,110,7504,2,0.415293548927129,on perennial
5207718,5209518,55556,109.42708587646484,58.19041442871094,150316.89216,0,219,4779,2,0.26434829326693776,on perennial
5319331,5321130,55556,115.5995864868164,56.88541793823242,173154.95936,0,377,5527,2,0.14091490287400513,on perennial
5614508,5616308,55556,132.03208923339844,59.17375183105469,255197.462528,0,100,7519,2,0.385831466704885,on perennial
5209518,5209517,55556,109.50375366210938,58.21875,150400.12288,0,215,4788,2,0.3837797123021231,on perennial
5321130,5322930,55556,115.72958374023438,56.957916259765625,173689.6512,0,368,5542,2,0.3241033831446697,on perennial
5616308,5616309,55556,132.09957885742188,59.132083892822266,255282.397184,0,105,7527,2,0.30317905072918966,on perennial
5209517,5211317,55556,109.54042053222656,58.2287483215332,150476.734464,0,214,4792,2,0.22534189465353605,on perennial
5322930,5322929,55556,115.7995834350586,56.99208450317383,173831.323648,0,364,5551,2,0.08965607114711241,on perennial
5616309,5618108,55556,132.13790893554688,59.1279182434082,255460.196352,0,105,7531,2,0.2568695078978774,on perennial
5211317,5213117,55556,109.5995864868164,58.26708221435547,161723.252736,0,210,4799,2,0.46588631257286983,on perennial
5322929,5324729,55556,115.8629150390625,57.01041793823242,173942.53824,0,362,5559,2,0.21346088295625837,on perennial
5618108,5619907,55556,132.1995849609375,59.17791748046875,255523.864576,0,99,7539,2,0.15306945335392166,on perennial
5213117,5213116,55556,109.65458679199219,58.30458450317383,161769.63584,0,205,4806,2,0.056370208184122576,on perennial
5324729,5326529,55556,115.89958190917969,57.014583587646484,174059.732992,0,361,5563,2,0.340886718199077,on perennial
5619907,5621707,55556,132.31040954589844,59.21708297729492,255918.4896,0,94,7552,2,0.3884563321146443,on perennial
5213116,5214916,55556,109.6995849609375,58.37041473388672,161932.82048,0,197,4812,2,0.20775145952032323,on perennial
5326529,5328329,55556,116.04458618164062,57.04708480834961,174615.085056,0,357,5581,2,0.4282664628184513,on perennial
5621707,5623507,55556,132.4079132080078,59.25208282470703,255960.416256,0,90,7564,2,0.15050837429386835,on perennial
5214916,5214915,55556,109.7370834350586,58.4595832824707,163378.249728,0,186,4816,2,0.20688256358260879,on perennial
5328329,5330128,55556,116.0995864868164,57.09541702270508,174937.522176,0,352,5587,2,0.4265579938720315,on perennial
5623507,5625307,55556,132.52291870117188,59.27458190917969,256994.951168,0,87,7578,2,0.39432741707024643,on perennial
5214915,5214914,55556,109.78375244140625,58.54375076293945,163436.396544,0,176,4822,2,0.10953314917505455,on perennial
5330128,5331928,55556,116.1995849609375,57.10541534423828,175094.775808,0,350,5599,2,0.39811729041260957,on perennial
5625307,5627106,55556,132.59957885742188,59.2904167175293,257940.226048,0,86,7587,2,0.47492643987535893,on perennial
5214914,5216714,55556,109.7995834350586,58.57791519165039,168137.506816,0,172,4824,2,0.18731397845447076,on perennial
5331928,5333728,55556,116.30458068847656,57.13041687011719,175170.43712,0,347,5612,2,0.3136823078616128,on perennial
5627106,5628906,55556,132.6995849609375,59.3629150390625,258700.361728,0,77,7599,2,0.3302110416783347,on perennial
5216714,5218514,55556,109.9629135131836,58.58208465576172,168250.310656,0,171,4843,2,0.41119783327292375,on perennial
5333728,5333727,55556,116.38541412353516,57.21458435058594,175377.907712,0,337,5622,2,0.11640960976657361,on perennial
5628906,5630706,55556,132.79959106445312,59.36125183105469,262190.006272,0,77,7612,2,0.21204445781456893,on perennial
5218514,5220313,55556,110.00958251953125,58.61125183105469,168317.534208,0,168,4849,2,0.1683138138526626,on perennial
5333727,5335527,55556,116.44625091552734,57.25958251953125,179224.035328,0,332,5629,2,0.34720804222969665,on perennial
5630706,5632506,55556,132.8995819091797,59.35874938964844,262244.548608,0,77,7624,2,0.25350852470647445,on perennial
5220313,5222114,55556,110.08875274658203,58.60041809082031,168566.325248,0,169,4859,2,0.18200575809973135,on perennial
5335527,5335526,55556,116.50791931152344,57.30791473388672,179333.988352,0,326,5637,2,0.1922420848126441,on perennial
5632506,5634306,55556,132.9995880126953,59.368751525878906,262283.526144,0,76,7636,2,0.0881537458792086,on perennial
5222114,5223913,55556,110.19125366210938,58.59958267211914,168662.810624,0,169,4871,2,0.24073246536366427,on perennial
5335526,5335525,55556,116.47041320800781,57.39958190917969,179516.45696,0,315,5632,2,0.3056627872912106,on perennial
5634306,5634305,55556,133.0379180908203,59.409584045410156,262781.812736,0,71,7640,2,0.22290683804466707,on perennial
5223913,5225713,55556,110.3012466430664,58.62791442871094,169437.036544,0,166,4884,2,0.29364931377918985,on perennial
5335525,5337325,55556,116.50291442871094,57.47291564941406,179601.440768,0,306,5636,2,0.20197801566606183,on perennial
5634305,5636104,55556,133.1004180908203,59.49208450317383,262886.899712,0,61,7648,2,0.06233620852912744,on perennial
5225713,5227513,55556,110.40208435058594,58.64374923706055,169494.904832,0,164,4897,2,0.16436904163358962,on perennial
5337325,5337324,55556,116.56041717529297,57.547916412353516,181280.899072,0,297,5643,2,0.2709011249631676,on perennial
5636104,5636103,55556,133.1004180908203,59.57791519165039,263298.187264,0,51,7648,2,0.31069420046391166,on perennial
5227513,5229313,55556,110.49791717529297,58.65458297729492,169955.590144,0,163,4908,2,0.41705584720609573,on perennial
5337324,5335524,55556,116.50041961669922,57.577083587646484,181666.267136,0,293,5636,2,0.17648107177941053,on perennial
5636103,5637903,55556,133.1995849609375,59.64791488647461,268471.074816,0,42,7660,2,0.1644014666908743,on perennial
5229313,5231113,55556,110.62875366210938,58.661251068115234,171457.57696,0,162,4924,2,0.2288886450532741,on perennial
5335524,5335523,55556,116.42708587646484,57.62708282470703,181780.791296,0,287,5627,2,0.11656286159014664,on perennial
5637903,5639703,55556,133.3370819091797,59.66958236694336,268574.736384,0,40,7677,0,0.5308859843138096,near water
5231113,5232913,55556,110.72041320800781,58.67124938964844,171605.426176,0,161,4935,2,0.4289029862935448,on perennial
5335523,5333723,55556,116.37291717529297,57.68375015258789,182121.037824,0,280,5620,2,0.32655301571715484,on perennial
5639703,5641502,55556,133.38458251953125,59.71041488647461,270554.087424,0,35,7682,2,0.42789143186373385,on perennial
5232913,5234713,55556,110.7995834350586,58.652915954589844,171680.612352,0,163,4945,2,0.20434186055864842,on perennial
5333723,5331922,55556,116.26041412353516,57.719581604003906,182529.409024,0,276,5607,2,0.11704644966289615,on perennial
5641502,5643302,55556,133.4995880126953,59.762916564941406,270660.23936,0,28,7696,2,0.2915873635546941,on perennial
5234713,5236513,55556,110.91374969482422,58.652915954589844,171828.363264,0,163,4959,2,0.23403845615347058,on perennial
5331922,5330122,55556,116.2004165649414,57.74458312988281,182618.128384,0,273,5600,2,0.2445087438874796,on perennial
5643302,5643301,55556,133.5620880126953,59.799583435058594,270825.046016,0,24,7704,2,0.18998083898258822,on perennial
5236513,5234712,55556,110.89208221435547,58.70541763305664,171907.284992,0,156,4956,2,0.3883970013609409,on perennial
5330122,5328322,55556,116.09208679199219,57.77375030517578,182707.470336,0,269,5586,2,0.37988208598788714,on perennial
5643301,5645101,55556,133.60458374023438,59.848751068115234,271134.88384,0,18,7709,2,0.1672437278839378,on perennial
5234712,5236512,55556,110.89958190917969,58.751251220703125,172096.323584,0,151,4957,2,0.12579767637390357,on perennial
5328322,5328323,55556,116.01541900634766,57.700416564941406,183180.951552,0,278,5577,2,0.22643042069948846,on perennial
5645101,5646900,55556,133.68540954589844,59.89791488647461,271241.740288,0,12,7719,2,0.11850819323593045,on perennial
5236512,5238312,55556,111.0320816040039,58.74541473388672,172164.759552,0,152,4973,2,0.39570666651210507,on perennial
5328323,5326523,55556,116.00041961669922,57.6370849609375,183285.645312,0,286,5575,2,0.17079762123594838,on perennial
5646900,5648700,55556,133.805419921875,59.97624969482422,273050.845184,0,2,7733,2,0.41401870574886795,on perennial
5238312,5240112,55556,111.0995864868164,58.73958206176758,172233.35936,0,152,4981,2,0.28511237752567437,on perennial
5326523,5326524,55556,115.95291900634766,57.59375,183322.771456,0,291,5570,2,0.2686026851804267,on perennial
5648700,5648699,55556,133.8420867919922,59.99958419799805,273242.226688,0,0,7738,2,0.413528758132709,on perennial
5240112,5241912,55556,111.1995849609375,58.729583740234375,172788.842496,0,153,4993,2,0.48606046911679696,on perennial
5326524,5324724,55556,115.87875366210938,57.56624984741211,183855.169536,0,295,5561,2,0.5069687920993574,on perennial
5241912,5240111,55556,111.22708129882812,58.803749084472656,172834.799616,0,145,4997,2,0.4772297068534944,on perennial
5324724,5322924,55556,115.8004150390625,57.5595817565918,183920.115712,0,295,5551,2,0.28462467392705215,on perennial
5240111,5241911,55556,111.21541595458984,58.860416412353516,173946.55232,0,138,4995,2,0.36840512521900837,on perennial
5322924,5321124,55556,115.67708587646484,57.542083740234375,183982.81728,0,297,5536,2,0.39792342974423983,on perennial
5241911,5241910,55556,111.26708221435547,58.89958190917969,174011.580416,0,133,5002,2,0.22962868064224978,on perennial
5321124,5319324,55556,115.57875061035156,57.52958297729492,184216.354816,0,299,5524,2,0.10959422110813093,on perennial
5241910,5243710,55556,111.3379135131836,58.9495849609375,174203.912192,0,127,5010,2,0.17837036879014645,on perennial
5319324,5317524,55556,115.50041961669922,57.51124954223633,185034.129408,0,301,5515,2,0.21189115233446898,on perennial
5243710,5245510,55556,111.42708587646484,58.9495849609375,174278.459392,0,127,5021,2,0.16318520867899636,on perennial
5317524,5317525,55556,115.43875122070312,57.49208450317383,185073.041408,0,303,5507,2,0.4630603423012244,on perennial
5245510,5247310,55556,111.4887466430664,58.99958419799805,174566.621184,0,121,5028,2,0.30080321444131536,on perennial
5317525,5315725,55556,115.3445816040039,57.473751068115234,185294.962688,0,306,5496,2,0.27985873144510937,on perennial
5247310,5247309,55556,111.52207946777344,59.032081604003906,177151.361024,0,117,5032,2,0.27826098714695197,on perennial
5315725,5313924,55556,115.3004150390625,57.4879150390625,187666.137088,0,304,5490,2,0.22655499859893738,on perennial
5247309,5249109,55556,111.60124969482422,59.04624938964844,177215.619072,0,115,5042,2,0.1037117242029643,on perennial
5313924,5313923,55556,115.25541687011719,57.598751068115234,188633.25184,0,291,5485,2,0.4032086537344098,on perennial
5249109,5250908,55556,111.72374725341797,59.13624954223633,177323.016192,0,104,5057,2,0.18425575781537912,on perennial
5313923,5313922,55556,115.25958251953125,57.6995849609375,189048.209408,0,278,5486,0,0.398427475165086,near water
5250908,5252708,55556,111.7995834350586,59.167083740234375,177388.99456,0,100,5066,2,0.4250930390420304,on perennial
5313922,5312122,55556,115.19541931152344,57.742916107177734,189664.182272,0,273,5478,2,0.15280098100157263,on perennial
5252708,5252707,55556,111.8879165649414,59.22624969482422,178259.853312,0,93,5077,2,0.2768480875895605,on perennial
5312122,5310322,55556,115.08208465576172,57.758750915527344,189803.429888,0,271,5464,2,0.15281017479997344,on perennial
5252707,5254507,55556,111.94625091552734,59.24541473388672,178385.862656,0,91,5084,2,0.05922980016037161,on perennial
5310322,5308521,55556,115.02625274658203,57.80208206176758,189871.341568,0,266,5457,2,0.13623344212905297,on perennial
5254507,5254508,55556,111.95957946777344,59.200416564941406,178448.252928,0,96,5086,0,0.45297537698340723,near water
5308521,5306721,55556,114.86458587646484,57.85958480834961,191559.630848,0,259,5438,2,0.18691043934136808,on perennial
5254508,5256308,55556,112.02458190917969,59.178749084472656,178488.016896,0,99,5093,2,0.18742388449198663,on perennial
5306721,5304922,55556,114.81124877929688,57.8004150390625,191645.45024,0,266,5431,2,0.13423793447889373,on perennial
5256308,5258108,55556,112.12958526611328,59.186248779296875,178546.688,0,98,5106,2,0.1366535576223725,on perennial
5304922,5303122,55556,114.69125366210938,57.7912483215332,191808.3072,0,267,5417,2,0.2788679432042663,on perennial
5258108,5259907,55556,112.18624877929688,59.1995849609375,178640.879616,0,97,5113,2,0.4403868245006727,on perennial
5303122,5303121,55556,114.65458679199219,57.799583435058594,191976.636416,0,266,5412,2,0.2172280227865923,on perennial
5259907,5261707,55556,112.36458587646484,59.24958419799805,178690.490368,0,90,5135,2,0.4611321751971571,on perennial
5303121,5301321,55556,114.59708404541016,57.8245849609375,192003.981312,0,263,5405,2,0.19891016399693703,on perennial
5261707,5263507,55556,112.44291687011719,59.27708435058594,179158.515712,0,87,5144,2,0.1241512733301998,on perennial
5301321,5299520,55556,114.48958587646484,57.90041732788086,192264.404992,0,254,5392,2,0.0864488634862589,on perennial
5263507,5265306,55556,112.47875213623047,59.299583435058594,197507.596288,0,84,5148,2,0.4199487602768152,on perennial
5299520,5297720,55556,114.45291900634766,57.90041732788086,192480.673792,0,254,5388,2,0.13043326534736205,on perennial
5265306,5265305,55556,112.55874633789062,59.39791488647461,197610.881024,0,72,5158,2,0.44489598036277656,on perennial
5297720,5295921,55556,114.29875183105469,57.88874816894531,192628.736,0,255,5369,2,0.37614697882700143,on perennial
5295921,5294121,55556,114.17375183105469,57.83625030517578,192707.166208,0,262,5354,2,0.21483515646232149,on perennial
5294121,5292321,55556,114.10041809082031,57.81708526611328,195005.874176,0,264,5345,2,0.08785159817966469,on perennial
5292321,5290521,55556,113.97958374023438,57.821250915527344,204440.420352,0,264,5330,2,0.4142656547637351,on perennial
5290521,5288722,55556,113.92124938964844,57.79624938964844,204618.285056,0,267,5323,2,0.37483059431225096,on perennial
5288722,5288721,55556,113.83708190917969,57.80875015258789,204684.935168,0,265,5313,2,0.10590915241707959,on perennial
5288721,5286921,55556,113.8004150390625,57.81708526611328,204788.61312,0,264,5309,2,0.19606699284250828,on perennial
5286921,5285121,55556,113.6554183959961,57.85958480834961,205623.836672,0,259,5291,2,0.060393837541251556,on perennial
5285121,5285120,55556,113.64875030517578,57.901248931884766,205691.879424,0,254,5290,2,0.15878750392699897,on perennial
5285120,5283320,55556,113.55291748046875,57.93291473388672,205777.55136,0,250,5279,2,0.18194197175844753,on perennial
5283320,5281520,55556,113.49041748046875,57.94708251953125,205862.404096,0,248,5271,2,0.31215579629350326,on perennial
5281520,5279719,55556,113.41374969482422,57.99958419799805,206052.327424,0,242,5262,2,0.11292472872928369,on perennial
5279719,5277919,55556,113.27958679199219,58.05875015258789,206339.702784,0,235,5246,2,0.2984833665803535,on perennial
5277919,5279718,55556,113.29875183105469,58.11375045776367,206402.715648,0,228,5248,2,0.14879875243142587,on perennial
5279718,5279717,55556,113.35124969482422,58.1995849609375,208326.279168,0,218,5254,2,0.26353397756460945,on perennial
5279717,5277917,55556,113.27124786376953,58.21875,208427.515904,0,215,5244,2,0.446240725757064,on perennial
5277917,5276117,55556,113.2004165649414,58.222084045410156,208609.394688,0,215,5236,2,0.04173404723405978,on perennial
5276117,5274317,55556,113.10041809082031,58.243751525878906,208845.914112,0,212,5224,2,0.36139369310834313,on perennial
5274317,5272517,55556,113.00041961669922,58.26874923706055,208904.552448,0,209,5212,2,0.35676766971608725,on perennial
5272517,5272516,55556,112.9254150390625,58.30791473388672,208982.982656,0,205,5203,2,0.41793239678813177,on perennial
5272516,5270716,55556,112.84208679199219,58.348751068115234,227819.634688,0,200,5192,2,0.39461117232869475,on perennial
5270716,5270715,55556,112.80958557128906,58.403751373291016,227918.06976,0,193,5189,2,0.2212134183386505,on perennial
5270715,5272514,55556,112.87958526611328,58.49958419799805,228028.792832,0,181,5197,2,0.33834282345771194,on perennial
5272514,5272513,55556,112.92958068847656,58.59958267211914,228830.937088,0,169,5203,2,0.2307473434709013,on perennial
5272513,5272512,55556,112.96208190917969,58.707916259765625,229079.515136,0,156,5207,2,0.10727484908445746,on perennial
5272512,5270711,55556,112.9070816040039,58.80708312988281,230164.8896,0,144,5200,2,0.19168973804337164,on perennial
5270711,5272511,55556,112.89958190917969,58.860416412353516,230257.803264,0,138,5199,2,0.39976371206077604,on perennial
5272511,5272510,55556,112.91874694824219,58.90625,230286.04928,0,132,5202,2,0.12829983763716446,on perennial
5272510,5270710,55556,112.9004135131836,58.94124984741211,231201.603584,0,128,5200,2,0.2621205566407672,on perennial
5270710,5268910,55556,112.79042053222656,58.97041702270508,231882.276864,0,124,5186,2,0.2920486717438892,on perennial
5268910,5267110,55556,112.694580078125,58.97291564941406,231983.955968,0,124,5175,2,0.1889018167054436,on perennial
5267110,5265309,55556,112.58125305175781,59.00208282470703,232100.57728,0,120,5161,2,0.4265374627215705,on perennial
5265309,5267108,55556,112.58708190917969,59.09958267211914,232297.59488,0,109,5162,2,0.38613451086500167,on perennial
5267108,5268908,55556,112.6995849609375,59.15041732788086,232419.196928,0,102,5175,2,0.4507439731731332,on perennial
5268908,5268907,55556,112.73208618164062,59.20375061035156,232554.512384,0,96,5179,2,0.07032649960938397,on perennial
5268907,5270706,55556,112.81541442871094,59.286251068115234,232911.945728,0,86,5189,2,0.11664157681673877,on perennial
5270706,5268905,55556,112.8004150390625,59.389583587646484,234000.760832,0,73,5187,2,0.4920545334528036,on perennial
5268905,5267105,55556,112.7004165649414,59.4404182434082,234136.240128,0,67,5175,2,0.3335152860951797,on perennial
5267105,5265305,55556,112.58958435058594,59.45291519165039,234179.54304,0,66,5162,2,0.18107888563602864,on perennial
5265305,5265304,55556,112.55874633789062,59.49958419799805,432151.59296,0,60,5158,2,0.15686253548468382,on perennial
5265304,5267104,55556,112.5995864868164,59.5504150390625,432257.4336,0,54,5163,2,0.04033976935972471,on perennial
5267104,5268903,55556,112.71875,59.59791564941406,432330.637312,0,48,5178,2,0.3082403254331154,on perennial
5268903,5270703,55556,112.85375213623047,59.68291473388672,446625.349632,0,38,5194,2,0.0774744670687207,on perennial
5270703,5272503,55556,112.89958190917969,59.69291687011719,446879.268864,0,37,5199,2,0.3289604289801793,on perennial
5272503,5274303,55556,113.03125,59.6904182434082,446945.558528,0,37,5215,2,0.19078471701608032,on perennial
5274303,5276102,55556,113.06791687011719,59.6995849609375,447109.890048,0,36,5220,2,0.1040487971774531,on perennial
5276102,5277902,55556,113.1995849609375,59.743751525878906,447488.622592,0,31,5236,2,0.41238079003111955,on perennial
5277902,5279702,55556,113.31291961669922,59.780418395996094,447514.312704,0,26,5250,2,0.23306253620067902,on perennial
5279702,5281501,55556,113.39624786376953,59.81291580200195,447553.568768,0,22,5260,2,0.22848079357583903,on perennial
5281501,5283300,55556,113.49958038330078,59.883750915527344,447704.694784,0,14,5272,2,0.38406788915205886,on perennial
5283300,5285100,55556,113.5995864868164,59.93708419799805,448217.612288,0,7,5284,2,0.1794247595788638,on perennial
5353500,5355300,55556,117.51791381835938,59.950416564941406,542935.12192,0,6,5759,2,0.46352061263005645,on perennial
5355300,5357100,55556,117.59791564941406,59.91875076293945,543000.363008,0,9,5769,2,0.3206246879955253,on perennial
5357100,5357101,55556,117.63458251953125,59.90041732788086,543663.849472,0,12,5773,2,0.4326033037820614,on perennial
5357101,5358901,55556,117.70957946777344,59.868751525878906,544437.927936,0,15,5782,2,0.435232448534744,on perennial
5358901,5360701,55556,117.81041717529297,59.844581604003906,544791.887872,0,18,5795,2,0.33959807568544664,on perennial
5360701,5362501,55556,117.89958190917969,59.82291793823242,544890.38848,0,21,5806,2,0.22832457640263218,on perennial
5362501,5362502,55556,117.95708465576172,59.797916412353516,544946.061312,0,24,5812,2,0.2215386236835666,on perennial
5362502,5364302,55556,117.99874877929688,59.77708435058594,545411.923968,0,27,5818,2,0.4908216673070925,on perennial
5364302,5366103,55556,118.0995864868164,59.707916259765625,545604.89472,0,35,5830,2,0.1442710951816385,on perennial
5366103,5367903,55556,118.1995849609375,59.68708419799805,545766.473728,0,37,5842,2,0.39802250752636537,on perennial
5367903,5369703,55556,118.35958099365234,59.696250915527344,545819.164672,0,36,5861,2,0.3169495695176742,on perennial
5369703,5371502,55556,118.4695816040039,59.73875045776367,545982.414848,0,31,5875,2,0.23961984794603328,on perennial
5371502,5373301,55556,118.52291870117188,59.84541702270508,546135.73632,0,18,5881,2,0.21982525527151153,on perennial
5373301,5375101,55556,118.5995864868164,59.89291763305664,546712.748032,0,12,5890,2,0.47001861723791116,on perennial
5375101,5375100,55556,118.66542053222656,59.901248931884766,547219.570688,0,11,5898,2,0.4583220734282704,on perennial
5375100,5376900,55556,118.73291778564453,59.91041564941406,547333.40672,0,10,5907,2,0.3961653750794007,on perennial
5376900,5378700,55556,118.81708526611328,59.9254150390625,547567.468544,0,9,5917,2,0.44032664644356956,on perennial
5378700,5380500,55556,118.89958190917969,59.931251525878906,547651.354624,0,8,5927,2,0.1993747468291402,on perennial
5380500,5382300,55556,118.99958038330078,59.96208190917969,547723.378688,0,4,5939,2,0.1138841777304357,on perennial
4914558,4916357,53208,93.11708068847656,34.2095832824707,50666.160128,0,3126,2802,0,0.5608217854446319,near water
4916357,4918158,53208,93.1995849609375,34.223751068115234,53357.236224,0,3124,2812,1,0.33974305380176095,on intermittent
5368158,5368159,53208,118.20874786376953,34.09958267211914,51286.847488,0,3139,5843,2,0.0522199223463992,on perennial
5335809,5334009,53208,116.35041809082031,29.040416717529297,59010.924544,0,3752,5618,1,0.26892930709049784,on intermittent
4918158,4918157,53208,93.26875305175781,34.207916259765625,53410.36544,0,3126,2820,1,0.17476041410127996,on intermittent
5368159,5369958,53208,118.2870864868164,34.10874938964844,51654.303744,0,3138,5852,2,0.3954481219549114,on perennial
5334009,5332209,53208,116.3004150390625,29.082916259765625,59804.008448,0,3747,5612,1,0.2643619052416622,on intermittent
4918157,4919957,53208,93.31124877929688,34.21291732788086,53465.284608,0,3125,2825,1,0.20618363501579948,on intermittent
5369958,5371758,53208,118.39958190917969,34.11458206176758,51748.544512,0,3137,5866,2,0.14563413531543398,on perennial
4919957,4921758,53208,93.39791870117188,34.200416564941406,54706.438144,0,3127,2836,1,0.38971920760726303,on intermittent
5371758,5373558,53208,118.50958251953125,34.118751525878906,51792.789504,0,3137,5879,2,0.4871885397406039,on perennial
4921758,4921757,53208,93.4695816040039,34.216251373291016,54841.245696,0,3125,2844,1,0.28936001692853575,on intermittent
5267430,5267429,53208,112.64875030517578,27.015417098999023,53317.984256,0,3998,5169,2,0.34030348455450604,on perennial
5373558,5377158,53208,118.66958618164062,34.15041732788086,57480.728576,0,3133,5899,1,0.23191740521945126,on intermittent
4921757,4923558,53208,93.51458740234375,34.213748931884766,54918.283264,0,3125,2850,1,0.21117207704172306,on intermittent
5267429,5269230,53208,112.71125030517578,26.991249084472656,53644.398592,0,4001,5177,2,0.508184483108622,on perennial
5377158,5378958,53208,118.7995834350586,34.14958190917969,59670.89664,0,3133,5915,2,0.32104437721394746,on perennial
4923558,4923557,53208,93.569580078125,34.20541763305664,55136.681984,0,3126,2856,2,0.3350912582814478,on perennial
5269230,5269229,53208,112.77124786376953,27.00208282470703,54034.915328,0,3999,5184,2,0.24313972695953662,on perennial
5337574,5339374,53208,116.60292053222656,32.547916412353516,52960.07168,0,3327,5648,1,0.26305220210531866,on intermittent
5378958,5380758,53208,118.89958190917969,34.155418395996094,59745.939456,0,3132,5927,1,0.26599613658476934,on intermittent
4923557,4925357,53208,93.62041473388672,34.19541549682617,55246.15168,0,3127,2863,1,0.43823580417458174,on intermittent
5269229,5269228,53208,112.7995834350586,27.083749771118164,54322.675712,0,3989,5187,2,0.41726763879490303,on perennial
5339374,5341173,53208,116.6995849609375,32.59958267211914,53519.683584,0,3321,5660,1,0.22190697473080181,on intermittent
5380758,5384358,53208,119.04374694824219,34.174583435058594,59808.329728,0,3130,5944,2,0.20079872155550746,on perennial
5308829,5310628,53208,114.98625183105469,27.09958267211914,56052.137984,0,3987,5452,2,0.5009461459949834,on perennial
4925357,4927157,53208,93.69625091552734,34.19874954223633,55372.423168,0,3127,2872,1,0.1858222683736969,on intermittent
5269228,5271028,53208,112.85791778564453,27.16374969482422,54582.878208,0,3980,5194,2,0.4563972380076787,on perennial
5341173,5342972,53208,116.69791412353516,32.67708206176758,58143.399936,0,3311,5660,2,0.3568350739954065,on perennial
5384358,5386157,53208,119.1762466430664,34.20458221435547,59870.756864,0,3126,5960,1,0.2789400582721448,on intermittent
5310628,5312427,53208,115.10958099365234,27.19208335876465,56263.069696,0,3976,5467,2,0.33364412692958917,on perennial
4927157,4928957,53208,93.7995834350586,34.243751525878906,64306.29888,0,3121,2884,2,0.4863907869114194,on perennial
5271028,5271027,53208,112.8445816040039,27.199583053588867,65037.9264,0,3975,5193,2,0.3336912162089624,on perennial
5342972,5342973,53208,116.84208679199219,32.693748474121094,59113.156608,0,3309,5677,1,0.4082918738129933,on intermittent
5386157,5389757,53208,119.2995834350586,34.23208236694336,60074.160128,0,3123,5975,1,0.18973873296050053,on intermittent
5312427,5312426,53208,115.10791778564453,27.320415496826172,60655.259648,0,3961,5467,2,0.3269444514996565,on perennial
4928957,4928956,53208,93.79708099365234,34.30125045776367,64382.787584,0,3114,2884,2,0.4586466176555045,on perennial
5271027,5272827,53208,112.92958068847656,27.28041648864746,65126.109184,0,3966,5203,0,0.9926357464531793,near water
5342973,5344773,53208,116.91124725341797,32.66875076293945,59341.529088,0,3312,5686,1,0.4125789789541663,on intermittent
5389757,5393356,53208,119.50875091552734,34.28708267211914,60167.999488,0,3116,6001,1,0.38803964469279656,on intermittent
5312426,5310625,53208,115.10041809082031,27.380416870117188,60893.945856,0,3953,5466,2,0.3982456761757634,on perennial
4928956,4930756,53208,93.89958190917969,34.382083892822266,64674.783232,0,3105,2896,2,0.4188046296974084,on perennial
5272827,5272826,53208,112.9262466430664,27.335416793823242,65321.53344,0,3959,5203,2,0.2967128796457871,on perennial
5344773,5346573,53208,116.99958038330078,32.67124938964844,59525.7344,0,3312,5696,2,0.33082621116887895,on perennial
5393356,5395155,53208,119.72792053222656,34.430416107177734,60263.821312,0,3099,6027,1,0.17264444875243157,on intermittent
5310625,5312425,53208,115.1187515258789,27.465415954589844,61911.08096,0,3943,5468,2,0.36638354610041174,on perennial
4930756,4930755,53208,93.90208435058594,34.4162483215332,67756.87168,0,3101,2897,1,0.45439892509565644,on intermittent
5272826,5272825,53208,112.91874694824219,27.421249389648438,65637.588992,0,3948,5202,2,0.44372257356765593,on perennial
5346573,5346572,53208,117.08708190917969,32.70708465576172,59614.294016,0,3308,5707,1,0.24646436591250687,on intermittent
5395155,5395155,53208,119.77958679199219,34.46708297729492,60777.443328,1,3094,6033,2,0.46977604034524806,on perennial
5312425,5312424,53208,115.13375091552734,27.511249542236328,62537.715712,0,3938,5470,2,0.47913827626973776,on perennial
4930755,4932554,53208,93.99958038330078,34.4779167175293,68390.555648,0,3093,2909,0,0.41591705116360994,near water
5272825,5274626,53208,112.99958038330078,27.408750534057617,65893.351424,0,3950,5212,2,0.35238283249798363,on perennial
5346572,5348371,53208,117.16791534423828,32.85625076293945,62110.47424,0,3290,5717,1,0.34762527307919733,on intermittent
5312424,5314223,53208,115.1995849609375,27.59958267211914,62682.259456,0,3927,5478,2,0.2521402685724976,on perennial
4932554,4934354,53208,94.12541961669922,34.571250915527344,76498.550784,0,3082,2924,2,0.2605625585647566,on perennial
5143176,5141377,53208,105.73374938964844,32.29375076293945,60372.529152,0,3358,4331,2,0.18600154124911378,on perennial
5274626,5274625,53208,113.05874633789062,27.40541648864746,65995.69408,0,3950,5219,0,0.6880107537772185,near water
5348371,5348370,53208,117.1762466430664,32.90791702270508,62237.876224,0,3283,5718,1,0.37920887494924116,on intermittent
5314223,5316022,53208,115.34041595458984,27.700416564941406,63160.532992,0,3915,5495,2,0.44333056421252287,on perennial
4934354,4936154,53208,94.2612533569336,34.568748474121094,76995.887104,0,3082,2940,1,0.20695649508750097,on intermittent
5141377,5143177,53208,105.6995849609375,32.27375030517578,60605.575168,0,3360,4327,2,0.31964045383871076,on perennial
5274625,5276425,53208,113.0995864868164,27.4829158782959,66478.657536,0,3941,5224,2,0.25249607220608755,on perennial
5348370,5350170,53208,117.1995849609375,32.94291687011719,106453.753856,0,3279,5721,0,0.5269127233843267,near water
5316022,5317821,53208,115.39875030517578,27.800416946411133,64377.48736,0,3902,5502,2,0.5368406366504908,on perennial
4936154,4937954,53208,94.28958129882812,34.59958267211914,77162.840064,0,3078,2944,1,0.38808587300453884,on intermittent
5074791,5074792,53208,101.944580078125,30.79458236694336,52698.97216,0,3540,3872,0,0.6081040932166963,near water
5143177,5141378,53208,105.72792053222656,32.19541549682617,60701.691904,0,3370,4330,1,0.25756929423707947,on intermittent
5276425,5276424,53208,113.1504135131836,27.548749923706055,66644.668416,0,3933,5230,2,0.12024260850428022,on perennial
5350170,5351970,53208,117.30958557128906,32.95291519165039,123010.33472,0,3278,5734,2,0.060179211482743994,on perennial
5317821,5319619,53208,115.44125366210938,27.89958381652832,64724.529152,0,3890,5508,0,0.6023790292608331,near water
4937954,4937953,53208,94.3012466430664,34.63874816894531,77255.163904,0,3074,2945,1,0.38346326489922805,on intermittent
5074792,5076592,53208,102.0062484741211,30.74041748046875,53006.635008,0,3546,3879,2,0.11229504861992715,on perennial
5141378,5143178,53208,105.6995849609375,32.178749084472656,60802.584576,0,3372,4327,2,0.2997971202968248,on perennial
5276424,5276423,53208,113.10958099365234,27.602083206176758,66948.194304,0,3927,5225,2,0.44703354585852845,on perennial
5351970,5353770,53208,117.40374755859375,32.965415954589844,123076.468736,0,3276,5745,2,0.496920969614295,on perennial
5319619,5321418,53208,115.59124755859375,28.141250610351562,71230.251008,0,3861,5526,2,0.2787378301710607,on perennial
4937953,4939753,53208,94.40208435058594,34.67791748046875,77517.070336,0,3069,2957,2,0.28641923951877946,on perennial
5076592,5076593,53208,102.05291748046875,30.68375015258789,53668.511744,0,3553,3885,0,0.5540952179063579,near water
5143178,5141379,53208,105.70874786376953,32.1029167175293,60885.266432,0,3381,4328,2,0.13371075209546668,on perennial
5215170,5216971,53208,109.77291870117188,32.90041732788086,50510.229504,0,3284,4820,2,0.4473539915535996,on perennial
5276423,5276422,53208,113.12208557128906,27.699583053588867,72765.980672,0,3915,5226,2,0.4367887837701879,on perennial
5353770,5355570,53208,117.52958679199219,32.98208236694336,123284.258816,0,3274,5761,1,0.4490892117134138,on intermittent
5321418,5325017,53208,115.6995849609375,28.18541717529297,72649.179136,0,3856,5539,2,0.21305551154046024,on perennial
4939753,4941552,53208,94.48958587646484,34.70375061035156,81179.246592,0,3066,2968,1,0.26871439968058475,on intermittent
5076593,5076594,53208,102.05958557128906,30.590415954589844,53968.490496,0,3564,3886,0,0.4870307537514767,near water
5141379,5143179,53208,105.6995849609375,32.07374954223633,61055.623168,0,3385,4327,2,0.5068539287958759,on perennial
5216971,5216970,53208,109.8637466430664,32.9154167175293,50692.440064,0,3282,4831,2,0.5694985372250623,on perennial
5276422,5276421,53208,113.1379165649414,27.802082061767578,72869.052416,0,3902,5228,2,0.37469554666900434,on perennial
5355570,5357370,53208,117.5995864868164,32.9254150390625,124017.434624,0,3281,5769,2,0.2705031408267245,on perennial
5325017,5325016,53208,115.85708618164062,28.31541633605957,72802.131968,0,3840,5558,2,0.07337007040081854,on perennial
4941552,4943352,53208,94.6137466430664,34.75958251953125,82429.648896,0,3059,2983,1,0.052207750898545895,on intermittent
5076594,5078395,53208,102.09541320800781,30.49625015258789,54234.431488,0,3576,3890,1,0.28850007209909734,on intermittent
5143179,5143180,53208,105.75208282470703,31.99541664123535,61666.4064,0,3394,4333,2,0.06691075822726833,on perennial
5216970,5218771,53208,109.89958190917969,32.90625,51200.229376,0,3284,4836,1,0.4019830038724356,on intermittent
5276421,5274621,53208,113.07208251953125,27.856250762939453,73318.27712,0,3896,5220,2,0.39284501142656814,on perennial
5357370,5359169,53208,117.6987533569336,32.99958419799805,124711.337984,0,3272,5781,2,0.2853201312084839,on perennial
5325016,5325015,53208,115.81625366210938,28.407917022705078,72920.932352,0,3829,5553,2,0.1441558941816786,on perennial
4943352,4945152,53208,94.6995849609375,34.722084045410156,82620.760064,0,3063,2993,1,0.5366224563505688,on intermittent
5078395,5078396,53208,102.12541961669922,30.393749237060547,54966.583296,0,3588,3893,2,0.4076274458115594,on perennial
5143180,5143181,53208,105.7995834350586,31.956249237060547,62226.415616,0,3399,4339,2,0.26578316738444835,on perennial
5218771,5220571,53208,110.01458740234375,32.873748779296875,51468.488704,0,3288,4850,0,0.7226031377329624,near water
5274621,5272822,53208,112.97708129882812,27.80875015258789,73424.789504,0,3901,5209,2,0.4492583756911189,on perennial
5359169,5360969,53208,117.85375213623047,33.03791809082031,124780.437504,0,3268,5800,1,0.34015715509637734,on intermittent
5325015,5325014,53208,115.82291412353516,28.501249313354492,80806.232064,0,3818,5554,2,0.46210872761232774,on perennial
4945152,4946953,53208,94.7995834350586,34.707916259765625,82952.142848,0,3065,3006,1,0.4154309859262313,on intermittent
5078396,5078397,53208,102.17375183105469,30.29458236694336,55288.365056,0,3600,3899,2,0.31136563029225417,on perennial
5143181,5144980,53208,105.84625244140625,31.909584045410156,62282.227712,0,3404,4345,2,0.5341641034670338,on perennial
5220571,5222371,53208,110.0995864868164,32.83541488647461,57223.10656,0,3292,4860,2,0.16798495122062532,on perennial
5224219,5222419,53208,110.12958526611328,28.063749313354492,54465.37216,0,3871,4864,2,0.47383266403310853,on perennial
5272822,5271021,53208,112.89875030517578,27.798749923706055,75494.449152,0,3903,5199,2,0.4064270366659232,on perennial
5360969,5362768,53208,117.89041900634766,33.10791778564453,125648.003072,0,3259,5804,2,0.3348884669417343,on perennial
5325014,5325013,53208,115.82125091552734,28.59958267211914,81256.701952,0,3806,5554,0,0.5948321190800377,near water
4946953,4950553,53208,94.9262466430664,34.67625045776367,83535.781888,0,3069,3021,1,0.11126995192529446,on intermittent
5078397,5078398,53208,102.1995849609375,30.217082977294922,56618.180608,0,3610,3902,0,0.632335751854257,near water
5144980,5144981,53208,105.8620834350586,31.854583740234375,62389.90336,0,3411,4346,2,0.33213985592567397,on perennial
5188218,5188217,53208,108.2370834350586,28.207082748413086,50661.269504,0,3853,4634,1,0.29570624549206864,on intermittent
5222371,5224171,53208,110.1995849609375,32.811248779296875,58127.70816,0,3295,4872,2,0.16765669775572334,on perennial
5222419,5220618,53208,110.1554183959961,28.09958267211914,54707.712,0,3866,4867,1,0.24522024733351122,on intermittent
5271021,5272821,53208,112.89958190917969,27.852083206176758,82694.742016,0,3896,5199,2,0.41534418216199487,on perennial
5362768,5364568,53208,118.06208038330078,33.14208221435547,125825.622016,0,3255,5825,2,0.15885191308867805,on perennial
5325013,5326812,53208,115.88375091552734,28.699583053588867,81470.906368,0,3793,5561,2,0.46905141583749727,on perennial
4950553,4948753,53208,94.95541381835938,34.66374969482422,104946.900992,0,3071,3024,1,0.5029179915855082,on intermittent
5078398,5078399,53208,102.16958618164062,30.076250076293945,56924.44672,0,3627,3899,2,0.3689602031394958,on perennial
5144981,5146781,53208,105.87374877929688,31.797916412353516,62507.76576,0,3418,4348,2,0.1433189668415066,on perennial
5200755,5202555,53208,109.06291961669922,34.46708297729492,51499.565056,0,3094,4734,1,0.47457175653279005,on intermittent
5188217,5190016,53208,108.2870864868164,28.31708335876465,50875.854848,0,3840,4640,2,0.3195228110579678,on perennial
5224171,5224172,53208,110.26457977294922,32.786251068115234,58194.702336,0,3298,4880,2,0.13200847687477438,on perennial
5220618,5224218,53208,110.16374969482422,28.133750915527344,54810.648576,0,3862,4868,2,0.15166558278246892,on perennial
5272821,5272820,53208,112.9695816040039,27.923749923706055,82825.740288,0,3888,5208,1,0.43416753935448565,on intermittent
5364568,5366367,53208,118.15458679199219,33.20375061035156,126054.121472,0,3248,5836,1,0.538015326716576,on intermittent
5326812,5328612,53208,115.99958038330078,28.78208351135254,81873.42848,0,3783,5575,2,0.47914189596439294,on perennial
4948753,4950554,53208,95.01458740234375,34.6029167175293,105117.466624,0,3078,3032,0,0.4354923823210451,near water
5078399,5080200,53208,102.1995849609375,30.005416870117188,58663.71072,0,3635,3902,2,0.42599746928804183,on perennial
5146781,5146782,53208,105.93791961669922,31.776248931884766,62674.702336,0,3421,4356,2,0.5041740732202017,on perennial
5202555,5204355,53208,109.14291381835938,34.450416564941406,96935.19872,0,3096,4744,1,0.3913035245675659,on intermittent
5190016,5188216,53208,108.3004150390625,28.359582901000977,51035.201536,0,3835,4642,1,0.2740776074247141,on intermittent
5224172,5225971,53208,110.31124877929688,32.818748474121094,58675.396608,0,3294,4886,1,0.28638561199174895,on intermittent
5224218,5222418,53208,110.16708374023438,28.158750534057617,54929.997824,0,3859,4868,2,0.1964862706495091,on perennial
5272820,5274620,53208,113.00458526611328,27.948749542236328,82922.25024,0,3885,5212,2,0.48053627983097663,on perennial
5366367,5368167,53208,118.22208404541016,33.223751068115234,134934.667264,0,3245,5845,1,0.3211733559294985,on intermittent
5328612,5330411,53208,116.10624694824219,28.83708381652832,81924.849664,0,3777,5588,1,0.1955926118748845,on intermittent
4950554,4952354,53208,95.10874938964844,34.528751373291016,105429.499904,0,3087,3043,1,0.07059375574606334,on intermittent
5080200,5080201,53208,102.22208404541016,29.890417098999023,58787.872768,0,3649,3905,2,0.21256759385810778,on perennial
5146782,5146783,53208,105.94708251953125,31.68958282470703,62779.47392,0,3431,4357,2,0.22512846474738127,on perennial
5204355,5206155,53208,109.21541595458984,34.4345817565918,97200.758784,0,3098,4753,1,0.32280794670210056,on intermittent
5188216,5190015,53208,108.2995834350586,28.397916793823242,51956.75648,0,3830,4642,1,0.11390985325108006,on intermittent
5225971,5227771,53208,110.39958190917969,32.86125183105469,60589.125632,0,3289,4896,2,0.3255383834760858,on perennial
5222418,5222417,53208,110.16958618164062,28.270416259765625,55044.104192,0,3846,4869,0,0.6267486384870887,near water
5274620,5272819,53208,112.96041870117188,27.99708366394043,83048.718336,0,3879,5207,2,0.3587174700429023,on perennial
5368167,5369968,53208,118.27291870117188,33.19708251953125,148276.903936,0,3248,5851,2,0.3599301057051279,on perennial
5330411,5332210,53208,116.18208312988281,28.937915802001953,81975.959552,0,3765,5597,1,0.45094341902249674,on intermittent
4952354,4954155,53208,95.15458679199219,34.50041580200195,105885.2864,0,3090,3049,1,0.47830758265481405,on intermittent
5080201,5080202,53208,102.2195816040039,29.790416717529297,59139.940352,0,3661,3905,0,0.7603016509804793,near water
5146783,5146784,53208,105.95625305175781,31.60041618347168,62880.93184,0,3442,4358,2,0.1740306875829214,on perennial
5206155,5206154,53208,109.28624725341797,34.49958419799805,97476.632576,0,3090,4761,1,0.550990845034303,on intermittent
5190015,5191816,53208,108.41458129882812,28.43541717529297,52072.28416,0,3826,4656,0,0.4916333543915608,near water
5227771,5229571,53208,110.49958038330078,32.8095817565918,60745.248768,0,3295,4909,2,0.4535795763497804,on perennial
5222417,5224217,53208,110.20291900634766,28.27541732788086,58787.733504,0,3845,4873,2,0.3497172195703549,on perennial
5272819,5272818,53208,112.93208312988281,28.09958267211914,83175.088128,0,3866,5203,2,0.37248095944613674,on perennial
5369968,5371768,53208,118.40208435058594,33.18541717529297,148615.610368,0,3250,5866,2,0.3939591491537195,on perennial
5332210,5332209,53208,116.22041320800781,29.070417404174805,82228.92032,0,3749,5602,1,0.42219875558452274,on intermittent
4954155,4955955,53208,95.3062515258789,34.47458267211914,106097.901568,0,3093,3067,2,0.4531056292649643,on perennial
5080202,5080203,53208,102.194580078125,29.679582595825195,59352.838144,0,3675,3902,0,0.7477916861186259,near water
5146784,5148583,53208,106.01708221435547,31.606250762939453,63716.29056,0,3441,4365,2,0.2224613810930556,on perennial
5206154,5207954,53208,109.2995834350586,34.54458236694336,97722.056704,0,3085,4763,1,0.06505831396222178,on intermittent
5191816,5191815,53208,108.40291595458984,28.463748931884766,52213.49376,0,3822,4654,2,0.3291481759128033,on perennial
5229571,5231372,53208,110.5995864868164,32.81041717529297,61278.826496,0,3295,4921,2,0.3224520224419561,on perennial
5224217,5226016,53208,110.26457977294922,28.299583435058594,59097.100288,0,3842,4880,2,0.050195772653832765,on perennial
5272818,5272817,53208,112.96125030517578,28.199583053588867,84064.034816,0,3854,5207,2,0.10724878241904465,on perennial
5351907,5355508,53208,117.4695816040039,39.235416412353516,70925.63968,0,2516,5753,1,0.4734642241519379,on intermittent
5371768,5371767,53208,118.4487533569336,33.200416564941406,148999.7824,0,3248,5872,2,0.0839315370336782,on perennial
5332209,5332208,53208,116.21708679199219,29.143749237060547,142119.256064,0,3740,5602,1,0.46928135674250326,on intermittent
4955955,4957755,53208,95.39958190917969,34.43791580200195,112989.192192,0,3098,3078,1,0.18926979114059625,on intermittent
5080203,5078403,53208,102.16708374023438,29.63458251953125,59480.825856,0,3680,3899,0,0.45426945114715195,near water
5148583,5148584,53208,106.03791809082031,31.56458282470703,68911.702016,0,3446,4368,2,0.28884455462490427,on perennial
5207954,5209754,53208,109.44625091552734,34.555416107177734,102746.267648,0,3084,4781,1,0.300726764843088,on intermittent
5191815,5191814,53208,108.48041534423828,28.50208282470703,52415.279104,0,3817,4664,2,0.4278377380729968,on perennial
5231372,5231371,53208,110.67041778564453,32.81458282470703,73797.05856,0,3295,4929,2,0.3333709345313314,on perennial
5226016,5226015,53208,110.38458251953125,28.415416717529297,59701.088256,0,3828,4895,1,0.32758574883096625,on intermittent
5272817,5272816,53208,112.944580078125,28.299583435058594,91101.847552,0,3842,5205,2,0.08120476817962548,on perennial
5355508,5357308,53208,117.5995864868164,39.167083740234375,71591.149568,0,2525,5769,2,0.2926706785502806,on perennial
5371767,5373567,53208,118.51875305175781,33.26625061035156,149127.184384,0,3240,5881,2,0.339326525354598,on perennial
5355513,5357314,53208,117.56625366210938,38.61541748046875,65734.22592,0,2592,5765,2,0.40123608838616365,on perennial
5332208,5332207,53208,116.22958374023438,29.199583053588867,142792.78592,0,3733,5603,2,0.12681271783530437,on perennial
4957755,4957756,53208,95.45375061035156,34.381248474121094,113086.201856,0,3105,3085,1,0.23411589523556064,on intermittent
5078403,5078404,53208,102.17708587646484,29.582082748413086,60407.504896,0,3687,3900,2,0.4822402350033759,on perennial
5148584,5148585,53208,106.01541900634766,31.48041534423828,69878.751232,0,3456,4365,2,0.38471933278663367,on perennial
5209754,5211554,53208,109.49958038330078,34.556251525878906,102880.468992,0,3084,4787,1,0.4498309276418347,on intermittent
5191814,5193613,53208,108.49958038330078,28.581249237060547,53157.666816,0,3808,4666,2,0.17903410729544136,on perennial
5231371,5233171,53208,110.7562484741211,32.852081298828125,73882.17344,0,3290,4940,2,0.3047845107916237,on perennial
5226015,5227815,53208,110.39958190917969,28.450416564941406,79536.627712,0,3824,4896,2,0.44056034859262605,on perennial
5272816,5271016,53208,112.87708282470703,28.352083206176758,91360.108544,0,3836,5197,2,0.4213968661093549,on perennial
5357308,5359109,53208,117.70708465576172,39.12541580200195,75522.310144,0,2530,5782,2,0.25951920127109657,on perennial
5373567,5375367,53208,118.5995864868164,33.28291702270508,149765.98016,0,3238,5890,2,0.2818088343370997,on perennial
5357314,5357314,53208,117.617919921875,38.55125045776367,65754.464256,1,2599,5771,2,0.41506132638838594,on perennial
5332207,5330407,53208,116.2004165649414,29.227916717529297,142892.843008,0,3729,5600,1,0.5472851007835997,on intermittent
4957756,4959556,53208,95.51374816894531,34.346248626708984,113190.838272,0,3109,3092,1,0.07088470761566014,on intermittent
5078404,5078405,53208,102.17708587646484,29.493749618530273,60646.473728,0,3697,3900,2,0.2871152802652522,on perennial
5148585,5148586,53208,106.03874969482422,31.40041732788086,70012.715008,0,3466,4368,2,0.16845720513631718,on perennial
5211554,5213354,53208,109.62875366210938,34.52958297729492,103249.38752,0,3087,4803,1,0.1625005075971898,on intermittent
5193613,5191813,53208,108.47125244140625,28.631250381469727,55054.139392,0,3802,4663,0,0.7536211272244092,near water
5233171,5233172,53208,110.805419921875,32.81291580200195,74095.640576,0,3295,4946,2,0.31216717519843995,on perennial
5227815,5227814,53208,110.45625305175781,28.522083282470703,79658.06592,0,3815,4903,2,0.232381159433007,on perennial
5271016,5271015,53208,112.81458282470703,28.40708351135254,91521.056768,0,3829,5189,2,0.1286652773468533,on perennial
5359109,5359109,53208,117.72708129882812,39.091251373291016,83399.72096,1,2534,5785,2,0.3004984214768076,on perennial
5375367,5377167,53208,118.71624755859375,33.286251068115234,149866.856448,0,3238,5904,2,0.5767239796002239,on perennial
5330407,5328607,53208,116.09874725341797,29.237916946411133,142950.170624,0,3728,5587,2,0.2835580319919622,on perennial
4959556,4959557,53208,95.56625366210938,34.28291702270508,114159.968256,0,3117,3098,2,0.41965004239243064,on perennial
5078405,5080205,53208,102.23041534423828,29.437915802001953,62191.951872,0,3704,3906,2,0.17343372060744686,on perennial
5148586,5150386,53208,106.0995864868164,31.35041618347168,70259.490816,0,3472,4375,2,0.22962315441195538,on perennial
5213354,5215154,53208,109.6995849609375,34.575416564941406,105902.40768,0,3081,4812,1,0.40663057167551087,on intermittent
5191813,5190013,53208,108.36624908447266,28.668750762939453,55208.300544,0,3797,4650,1,0.21160839448680432,on intermittent
5233172,5234971,53208,110.83875274658203,32.813751220703125,74182.926336,0,3295,4950,1,0.32364912286492814,on intermittent
5227814,5229613,53208,110.5304183959961,28.611249923706055,80284.672,0,3804,4912,2,0.28770051662974466,on perennial
5271015,5269215,53208,112.7995834350586,28.45458221435547,94189.543424,0,3823,5187,2,0.31549675254779336,on perennial
5377167,5377168,53208,118.7195816040039,33.194583892822266,160395.50976,0,3249,5905,2,0.33719548367653435,on perennial
5328607,5328606,53208,116.08041381835938,29.307083129882812,143224.766464,0,3720,5585,2,0.1343908195597756,on perennial
4959557,4961357,53208,95.64875030517578,34.21125030517578,114270.896128,0,3125,3108,1,0.5019361811566223,on intermittent
5080205,5080206,53208,102.24124908447266,29.37708282470703,62364.811264,0,3711,3908,0,0.5422724664389867,near water
5150386,5152186,53208,106.18708038330078,31.33041763305664,70367.043584,0,3475,4386,2,0.39442558907710423,on perennial
5215154,5216954,53208,109.80291748046875,34.6037483215332,106277.527552,0,3078,4824,1,0.1690568028645552,on intermittent
5190013,5190012,53208,108.35041809082031,28.742916107177734,55778.639872,0,3788,4648,2,0.2196855042962884,on perennial
5234971,5236771,53208,110.9254150390625,32.81458282470703,74656.366592,0,3295,4960,2,0.2987071952603785,on perennial
5229613,5231413,53208,110.60375213623047,28.65625,81004.658688,0,3799,4921,2,0.2718262980796824,on perennial
5269215,5269214,53208,112.76041412353516,28.499584197998047,94443.511808,0,3818,5183,2,0.41800192578749146,on perennial
5377168,5377169,53208,118.70625305175781,33.10041809082031,161120.370688,0,3260,5903,2,0.22726607719155703,on perennial
5328606,5328605,53208,116.04125213623047,29.39958381652832,160805.43744,0,3709,5580,2,0.3882131937966933,on perennial
4961357,4961358,53208,95.69291687011719,34.18375015258789,115153.502208,0,3129,3114,2,0.2837760077584064,on perennial
5080206,5080207,53208,102.28291320800781,29.300416946411133,62577.565696,0,3721,3913,2,0.4572407699576267,on perennial
5152186,5152187,53208,106.27041625976562,31.300416946411133,70632.882176,0,3478,4396,2,0.22790113133517495,on perennial
5216954,5216953,53208,109.83875274658203,34.61125183105469,106479.8208,0,3077,4828,1,0.3392368824475911,on intermittent
5190012,5190011,53208,108.38375091552734,28.802082061767578,55895.330816,0,3781,4652,2,0.08581594829140128,on perennial
5236771,5236772,53208,110.98542022705078,32.80125045776367,74786.070528,0,3296,4967,2,0.4415453834965744,on perennial
5231413,5233213,53208,110.6995849609375,28.686248779296875,81222.885376,0,3795,4933,2,0.19995600042072517,on perennial
5269214,5269213,53208,112.8012466430664,28.568750381469727,94737.743872,0,3809,5188,2,0.49559745521462906,on perennial
5377169,5378969,53208,118.83374786376953,33.090415954589844,161170.096128,0,3261,5919,2,0.31560233377692515,on perennial
5328605,5330405,53208,116.10958099365234,29.467082977294922,161028.01408,0,3700,5589,2,0.5591930834768323,on perennial
4961358,4963158,53208,95.6995849609375,34.1370849609375,115270.189056,0,3134,3115,1,0.47489086110589435,on intermittent
5080207,5082007,53208,102.31708526611328,29.256250381469727,64058.847232,0,3726,3917,2,0.22256180240095616,on perennial
5152187,5152188,53208,106.22208404541016,31.199583053588867,70838.616064,0,3490,4390,2,0.42390020025512304,on perennial
5216953,5220553,53208,109.89958190917969,34.61458206176758,106612.719616,0,3077,4836,1,0.46211143010111605,on intermittent
5190011,5190010,53208,108.35208129882812,28.89958381652832,61006.741504,0,3769,4648,2,0.29628085336189797,on perennial
5236772,5238572,53208,111.00208282470703,32.73875045776367,75723.81696,0,3304,4969,2,0.36020262178804385,on perennial
5233213,5233212,53208,110.76791381835938,28.720417022705078,82149.9904,0,3791,4941,2,0.06176710996226195,on perennial
5269213,5271013,53208,112.85958099365234,28.652915954589844,94941.544448,0,3799,5195,2,0.3484045740793597,on perennial
5378969,5380769,53208,118.93791961669922,33.053749084472656,161235.795968,0,3266,5931,2,0.3875672924322991,on perennial
5330405,5330404,53208,116.12208557128906,29.51708221435547,161129.332736,0,3694,5590,2,0.368843773634279,on perennial
4963158,4963159,53208,95.7370834350586,34.10041809082031,115338.027008,0,3139,3119,2,0.18181004241450163,on perennial
5044162,5045962,53208,100.31124877929688,33.74541473388672,52045.520896,0,3182,3674,1,0.33288948302201016,on intermittent
5082007,5083807,53208,102.43791961669922,29.256250381469727,65519.665152,0,3726,3931,1,0.29568702553817067,on intermittent
5152188,5153988,53208,106.31625366210938,31.119583129882812,74610.163712,0,3500,4401,2,0.39617925238098856,on perennial
5220553,5222352,53208,110.11624908447266,34.66791534423828,107150.876672,0,3070,4862,1,0.07661532109359459,on intermittent
5190010,5188209,53208,108.3062515258789,29.021249771118164,64794.177536,0,3755,4643,0,0.7139181231182957,near water
5238572,5240372,53208,111.10208129882812,32.73041534423828,75835.154432,0,3305,4982,2,0.3429310773196744,on perennial
5233212,5235013,53208,110.7995834350586,28.74708366394043,82401.058816,0,3788,4945,1,0.2574316271077723,on intermittent
5271013,5271012,53208,112.84541320800781,28.768749237060547,95393.456128,0,3785,5193,2,0.13517106341690022,on perennial
5380769,5382569,53208,119.03375244140625,33.036251068115234,161541.505024,0,3268,5943,2,0.1534379279846334,on perennial
5330404,5330403,53208,116.16458129882812,29.61541748046875,161360.052224,0,3682,5595,2,0.46995314196013416,on perennial
4963159,4964959,53208,95.81458282470703,34.06208419799805,115628.367872,0,3143,3129,0,0.6086921281331891,near water
5045962,5047762,53208,100.39958190917969,33.78708267211914,52314.783744,0,3177,3684,2,0.27897526183211085,on perennial
5083807,5085607,53208,102.49958038330078,29.28125,65722.90048,0,3723,3939,1,0.12632883451729454,on intermittent
5153988,5153989,53208,106.367919921875,31.10041618347168,74745.946112,0,3502,4408,0,0.7245838048817059,near water
5222352,5222353,53208,110.1754150390625,34.64125061035156,134071.836672,0,3073,4869,1,0.3233207689522054,on intermittent
5188209,5190008,53208,108.2995834350586,29.070417404174805,64925.380608,0,3749,4642,0,0.8177040658511742,near water
5240372,5240373,53208,111.12791442871094,32.68958282470703,75984.666624,0,3310,4985,2,0.26657318579818856,on perennial
5235013,5235012,53208,110.85458374023438,28.75958251953125,82493.423616,0,3786,4952,2,0.3986048253440815,on perennial
5271012,5272810,53208,112.88291931152344,28.799583435058594,96674.922496,0,3781,5197,2,0.4833796283566827,on perennial
5382569,5384370,53208,119.0995864868164,33.02958297729492,161887.125504,0,3269,5951,2,0.3300104504797302,on perennial
5330403,5332202,53208,116.16124725341797,29.699583053588867,161990.557696,0,3672,5595,2,0.29944602674296344,on perennial
4964959,4964960,53208,95.8495864868164,33.99458312988281,121517.867008,0,3152,3133,2,0.3433182913270228,on perennial
5047762,5047761,53208,100.46708679199219,33.825416564941406,52435.800064,0,3172,3692,2,0.4002854369591997,on perennial
5085607,5085606,53208,102.55208587646484,29.305416107177734,65761.001472,0,3720,3945,2,0.17356439916100647,on perennial
5153989,5155790,53208,106.367919921875,31.000415802001953,74960.953344,0,3515,4408,2,0.4219853562834348,on perennial
5222353,5224153,53208,110.1995849609375,34.6279182434082,134412.468224,0,3075,4872,1,0.16007741738549044,on intermittent
5190008,5188208,53208,108.29042053222656,29.12791633605957,64976.044032,0,3742,4641,2,0.4371539823413532,on perennial
5240373,5242173,53208,111.20458221435547,32.658748626708984,77186.49856,0,3314,4994,2,0.3751520761059894,on perennial
5235012,5236812,53208,110.92208099365234,28.776248931884766,83302.6048,0,3784,4960,1,0.2690328683006503,on intermittent
5272810,5272809,53208,112.94291687011719,29.00458335876465,96768.835584,0,3757,5205,2,0.5008787937633519,on perennial
5384370,5384371,53208,119.17124938964844,32.83041763305664,162473.558016,0,3293,5960,2,0.3345517540994914,on perennial
4964960,4966760,53208,95.89958190917969,33.91208267211914,121643.368448,0,3162,3139,2,0.32386473494991486,on perennial
5047761,5049561,53208,100.51875305175781,33.83958435058594,52495.937536,0,3170,3699,2,0.46483342733790506,on perennial
5085606,5087406,53208,102.5995864868164,29.321250915527344,66308.58752,0,3718,3951,2,0.12808414314182523,on perennial
5155790,5153990,53208,106.34708404541016,30.966249465942383,75477.221376,0,3519,4405,2,0.286981660543931,on perennial
5188208,5186407,53208,108.2004165649414,29.199583053588867,66114.076672,0,3733,4630,2,0.15845342200440618,on perennial
5242173,5243974,53208,111.2995834350586,32.60541534423828,77339.025408,0,3320,5006,2,0.38201074253703554,on perennial
5236812,5238612,53208,110.99958038330078,28.799583435058594,83458.998272,0,3781,4969,2,0.35802109370751106,on perennial
5384371,5386172,53208,119.19708251953125,32.8004150390625,162822.995968,0,3296,5963,2,0.4196249918838697,on perennial
4966760,4966761,53208,95.95375061035156,33.882083892822266,121905.872896,0,3165,3145,2,0.4206403141755977,on perennial
5049561,5051360,53208,100.61958312988281,33.88541793823242,52754.7392,0,3165,3711,2,0.09219537569982353,on perennial
5087406,5089206,53208,102.6995849609375,29.320417404174805,67569.58208,0,3718,3963,2,0.22829812335562047,on perennial
5153990,5152190,53208,106.26791381835938,30.959583282470703,75692.474368,0,3520,4396,1,0.513601386870046,on intermittent
5186407,5186406,53208,108.15625,29.303749084472656,67002.314752,0,3720,4625,2,0.46461399947412374,on perennial
5243974,5243973,53208,111.36624908447266,32.5845832824707,78084.743168,0,3323,5014,2,0.4979183954860623,on perennial
5238612,5240411,53208,111.05874633789062,28.799583435058594,83611.77088,0,3781,4976,2,0.42382183985242833,on perennial
5386172,5387971,53208,119.26875305175781,32.799583435058594,164812.668928,0,3297,5971,2,0.570202269739564,on perennial
4966761,4968561,53208,95.99874877929688,33.83374786376953,122150.0928,0,3171,3151,2,0.1851207893259255,on perennial
5051360,5053160,53208,100.7129135131836,33.92708206176758,53456.011264,0,3160,3722,2,0.250197194161417,on perennial
5089206,5091007,53208,102.81291961669922,29.255416870117188,67992.43264,0,3726,3977,2,0.17687568986187718,on perennial
5152190,5150390,53208,106.2004165649414,30.958749771118164,75912.347648,0,3520,4387,2,0.4650043992377449,on perennial
5186406,5184606,53208,108.10041809082031,29.37791633605957,71356.243968,0,3711,4618,2,0.32564134475474676,on perennial
5243973,5245774,53208,111.46041870117188,32.58041763305664,78218.289152,0,3323,5025,2,0.0787622315083278,on perennial
5240411,5242212,53208,111.21875,28.806249618530273,85343.31392,0,3781,4996,2,0.46475023874789123,on perennial
5387971,5387972,53208,119.37374877929688,32.8004150390625,167012.974592,0,3296,5984,2,0.4135825813811211,on perennial
4968561,4970361,53208,96.08708190917969,33.797916412353516,124681.453568,0,3176,3162,0,0.5711232418404653,near water
5053160,5054961,53208,100.79792022705078,33.90041732788086,57002.94656,0,3163,3733,0,0.4495044894948993,near water
5091007,5092807,53208,102.90374755859375,29.22541618347168,72254.42304,0,3730,3988,0,0.7044872647078757,near water
5150390,5150391,53208,106.17208099365234,30.87874984741211,76338.888704,0,3529,4384,2,0.31973040474584064,on perennial
5184606,5182805,53208,107.99708557128906,29.382917404174805,71613.095936,0,3711,4605,2,0.3519678712810394,on perennial
5245774,5247574,53208,111.49874877929688,32.530418395996094,94401.224704,0,3329,5030,2,0.3011773932600236,on perennial
5242212,5244012,53208,111.31291961669922,28.74708366394043,85580.06272,0,3788,5007,2,0.26587090457656976,on perennial
5387972,5387973,53208,119.38458251953125,32.693748474121094,167102.365696,0,3309,5986,1,0.4953841363399607,on intermittent
4970361,4970362,53208,96.1379165649414,33.77124786376953,124928.6144,0,3179,3168,2,0.3120753775206951,on perennial
5054961,5054962,53208,100.87958526611328,33.8004150390625,57444.319232,0,3175,3742,2,0.41237931985323834,on perennial
5092807,5092806,53208,102.930419921875,29.299583435058594,72393.711616,0,3721,3991,0,0.8802171833055764,near water
5150391,5148592,53208,106.10041809082031,30.80291748046875,77075.980288,0,3539,4375,2,0.48665434826301374,on perennial
5182805,5182806,53208,107.9437484741211,29.362083435058594,72284.749824,0,3713,4599,0,0.6176873032178621,near water
5247574,5247575,53208,111.55958557128906,32.477081298828125,94608.62976,0,3336,5037,2,0.3570714347826585,on perennial
5244012,5245811,53208,111.39958190917969,28.786251068115234,86028.98432,0,3783,5018,2,0.2968922027445966,on perennial
5387973,5389773,53208,119.39958190917969,32.6654167175293,167267.057664,0,3313,5987,2,0.32233483562133586,on perennial
4970362,4972161,53208,96.1995849609375,33.782081604003906,125088.309248,0,3177,3175,2,0.4245194382989247,on perennial
5054962,5056762,53208,100.92791748046875,33.77458190917969,57551.74912,0,3178,3748,1,0.40382549617087543,on intermittent
5092806,5094607,53208,103.00041961669922,29.290416717529297,72531.402752,0,3722,4000,1,0.37755389534443357,on intermittent
5148592,5148593,53208,106.1129150390625,30.717082977294922,78030.15168,0,3549,4377,2,0.14856503637519933,on perennial
5182806,5181007,53208,107.91958618164062,29.297916412353516,72410.43968,0,3721,4596,0,0.6516024362821091,near water
5247575,5249375,53208,111.61624908447266,32.4495849609375,94709.915648,0,3339,5044,2,0.09680454467785872,on perennial
5245811,5247610,53208,111.49124908447266,28.909584045410156,86512.779264,0,3768,5029,2,0.20944664521382797,on perennial
5389773,5389774,53208,119.45541381835938,32.592918395996094,167376.437248,0,3322,5994,2,0.40087882815944226,on perennial
4972161,4972162,53208,96.21375274658203,33.735416412353516,125293.600768,0,3183,3177,2,0.09756519710191536,on perennial
5056762,5058562,53208,101.02791595458984,33.723751068115234,58700.84096,0,3184,3760,2,0.5772291026621106,on perennial
5094607,5096406,53208,103.0995864868164,29.28125,72833.982464,0,3723,4012,0,0.45716749308754756,near water
5148593,5150393,53208,106.11458587646484,30.647083282470703,78394.61376,0,3557,4377,2,0.3943378871231498,on perennial
5181007,5179206,53208,107.81041717529297,29.31458282470703,80389.292032,0,3719,4583,2,0.3391005412011271,on perennial
5249375,5249376,53208,111.64958190917969,32.37708282470703,94977.253376,0,3348,5048,2,0.25074100839825364,on perennial
5247610,5247609,53208,111.56375122070312,29.048749923706055,88754.249728,0,3751,5038,2,0.40641702357530324,on perennial
5389774,5389775,53208,119.48542022705078,32.50041580200195,167917.109248,0,3333,5998,2,0.28706209588046905,on perennial
4972162,4973962,53208,96.32291412353516,33.723751068115234,125438.93504,0,3184,3190,2,0.4738053706219537,on perennial
5058562,5058561,53208,101.02874755859375,33.799583435058594,59513.110528,0,3175,3761,0,0.5121574276900406,near water
5096406,5096407,53208,103.13041687011719,29.300416946411133,73091.244032,0,3721,4015,2,0.3964032008173991,on perennial
5150393,5148594,53208,106.07624816894531,30.613750457763672,78611.709952,0,3561,4372,2,0.5243456563311827,on perennial
5179206,5177406,53208,107.7004165649414,29.36541748046875,80946.249728,0,3713,4569,2,0.28083641647906266,on perennial
5249376,5251176,53208,111.67791748046875,32.3004150390625,96306.987008,0,3357,5051,2,0.2869093941190328,on perennial
5247609,5249410,53208,111.5995864868164,29.03125,89086.312448,0,3753,5042,2,0.2827313584543982,on perennial
5389775,5391575,53208,119.50541687011719,32.428749084472656,168009.40032,0,3341,6000,2,0.44771279175021644,on perennial
4973962,4975762,53208,96.39958190917969,33.751251220703125,125580.394496,0,3181,3199,2,0.3752185359953962,on perennial
5058561,5060360,53208,101.0995864868164,33.86125183105469,59770.18368,0,3168,3769,2,0.18961051762145226,on perennial
5058598,5058599,53208,101.00458526611328,30.113750457763672,65343.496192,0,3622,3758,2,0.3005167350159857,on perennial
5096407,5098207,53208,103.2387466430664,29.244583129882812,74545.266688,0,3727,4028,2,0.5277999359026261,on perennial
5148594,5150394,53208,106.10124969482422,30.507083892822266,78711.701504,0,3574,4375,2,0.4883071437332598,on perennial
5177406,5175605,53208,107.5495834350586,29.408750534057617,81319.07584,0,3708,4551,0,0.4872382946359563,near water
5251176,5249377,53208,111.6987533569336,32.24791717529297,96434.159616,0,3363,5054,1,0.36599179188096204,on intermittent
5249410,5251210,53208,111.6987533569336,28.98208236694336,89193.029632,0,3759,5054,2,0.2424391094115858,on perennial
5391575,5391576,53208,119.52124786376953,32.346248626708984,168107.360256,0,3351,6002,2,0.43498684474541993,on perennial
4975762,4975763,53208,96.39125061035156,33.707916259765625,129822.056448,0,3186,3198,2,0.5102770794365856,on perennial
5060360,5060361,53208,101.13958740234375,33.846248626708984,60350.210048,0,3170,3774,0,0.5978363420649352,near water
5058599,5058600,53208,101.01458740234375,30.000415802001953,66559.545344,0,3636,3759,0,0.6920106390434283,near water
5098207,5100007,53208,103.3012466430664,29.2954158782959,74954.964992,0,3721,4036,2,0.24592653397141226,on perennial
5150394,5148595,53208,106.1370849609375,30.500415802001953,79468.855296,0,3575,4380,2,0.27262047901758224,on perennial
5175605,5173804,53208,107.50041961669922,29.472084045410156,81935.958016,0,3700,4545,2,0.13450926534309912,on perennial
5249377,5251178,53208,111.75041961669922,32.17124938964844,103053.1072,0,3373,5060,1,0.3162385923486064,on intermittent
5251210,5253010,53208,111.8004150390625,28.958749771118164,89718.882304,0,3762,5066,2,0.1875200755084134,on perennial
5391576,5393376,53208,119.60292053222656,32.35791778564453,168201.617408,0,3350,6012,2,0.05434657900033536,on perennial
4975763,4977563,53208,96.49958038330078,33.610416412353516,130441.601024,0,3198,3212,2,0.3939249204574174,on perennial
5060361,5060362,53208,101.17874908447266,33.8004150390625,60635.815936,0,3175,3779,2,0.27338524706338774,on perennial
5058600,5060401,53208,101.07291412353516,29.90041732788086,66845.61408,0,3648,3766,2,0.09128096755707396,on perennial
5100007,5100006,53208,103.36125183105469,29.301250457763672,75371.470848,0,3721,4043,2,0.464368692466004,on perennial
5148595,5150395,53208,106.1362533569336,30.450416564941406,79584.731136,0,3581,4380,0,0.5710484015428106,near water
5173804,5172003,53208,107.40875244140625,29.59958267211914,84300.447744,0,3684,4534,2,0.37568491962170714,on perennial
5251178,5252979,53208,111.7995834350586,32.10041809082031,103391.797248,0,3381,5066,1,0.26147697964093375,on intermittent
5253010,5254810,53208,111.8879165649414,28.977083206176758,89925.402624,0,3760,5077,2,0.19538708696583662,on perennial
5393376,5395176,53208,119.6995849609375,32.31291580200195,169440.919552,0,3356,6024,2,0.5087897718036771,on perennial
4977563,4977564,53208,96.569580078125,33.604583740234375,130515.468288,0,3199,3220,2,0.06616832583705091,on perennial
5060362,5062161,53208,101.21041870117188,33.772918701171875,60703.350784,0,3179,3783,2,0.5291634474292771,on perennial
5060401,5058601,53208,101.08457946777344,29.86541748046875,66979.753984,0,3652,3767,2,0.3070424294992046,on perennial
5100006,5101807,53208,103.4437484741211,29.292083740234375,75573.57568,0,3722,4053,1,0.3790800559692081,on intermittent
5150395,5152195,53208,106.18541717529297,30.40041732788086,79936.815104,0,3587,4386,2,0.430460732668335,on perennial
5172003,5173802,53208,107.4004135131836,29.71958351135254,84554.571776,0,3670,4533,2,0.16333788699158358,on perennial
5252979,5254779,53208,111.90291595458984,32.068748474121094,103750.017024,0,3385,5079,1,0.295367742953425,on intermittent
5254810,5256610,53208,111.99958038330078,28.97624969482422,92050.972672,0,3760,5090,2,0.2904910474591857,on perennial
4977564,4979364,53208,96.62208557128906,33.55291748046875,130589.442048,0,3205,3226,2,0.3726721155613389,on perennial
5062161,5062162,53208,101.23625183105469,33.75208282470703,60822.351872,0,3181,3786,2,0.22753809388326882,on perennial
5058601,5060402,53208,101.08875274658203,29.800416946411133,67095.580672,0,3660,3768,0,0.665589734905994,near water
5101807,5101806,53208,103.49208068847656,29.28125,75667.595264,0,3723,4059,2,0.11776008061400613,on perennial
5152195,5152196,53208,106.22624969482422,30.375415802001953,80038.428672,0,3590,4391,2,0.4787697461137257,on perennial
5254779,5256579,53208,112.04042053222656,32.05458450317383,103848.3456,0,3387,5095,2,0.28963712927087787,on perennial
5256610,5258410,53208,112.0995864868164,28.91291618347168,92155.035648,0,3768,5102,2,0.5128752825244443,on perennial
4979364,4979365,53208,96.71125030517578,33.53874969482422,132262.289408,0,3207,3237,2,0.18717510199220447,on perennial
5062162,5063963,53208,101.30458068847656,33.719581604003906,61104.799744,0,3185,3794,2,0.006330928582693873,on perennial
5060402,5058602,53208,101.08374786376953,29.74041748046875,67190.185984,0,3667,3767,2,0.3511904499759495,on perennial
5101806,5103607,53208,103.55708312988281,29.2329158782959,75761.606656,0,3729,4067,2,0.14495309944322998,on perennial
5152196,5152197,53208,106.26374816894531,30.27458381652832,80139.419648,0,3603,4395,2,0.39363807234848147,on perennial
5256579,5258379,53208,112.16124725341797,32.0404167175293,104077.213696,0,3389,5110,2,0.4231211396777526,on perennial
5258410,5260211,53208,112.23625183105469,28.852083206176758,92250.963968,0,3775,5119,2,0.036993484134984184,on perennial
4979365,4981165,53208,96.70375061035156,33.471248626708984,132343.554048,0,3215,3236,2,0.2623095739559052,on perennial
5063963,5065763,53208,101.43208312988281,33.694583892822266,61300.277248,0,3188,3809,2,0.3445809537450013,on perennial
5058602,5058603,53208,101.07291412353516,29.700416564941406,70532.562944,0,3672,3766,2,0.17610708954973717,on perennial
5103607,5105407,53208,103.5879135131836,29.200416564941406,75873.583104,0,3733,4071,2,0.2755630209778423,on perennial
5152197,5152198,53208,106.21375274658203,30.173749923706055,81368.522752,0,3615,4389,1,0.1842963365399742,on intermittent
5258379,5258380,53208,112.1995849609375,32.01708221435547,106146.963456,0,3391,5115,2,0.4590095535255873,on perennial
5260211,5262011,53208,112.2995834350586,28.83791732788086,93837.467648,0,3777,5127,2,0.3388156415441182,on perennial
4981165,4981166,53208,96.7245864868164,33.40041732788086,135204.552704,0,3224,3239,2,0.30695907175866244,on perennial
5065763,5067563,53208,101.50458526611328,33.70375061035156,62302.785536,0,3187,3818,2,0.19422097991411297,on perennial
5058603,5060404,53208,101.12625122070312,29.56458282470703,71006.568448,0,3689,3772,2,0.44676242890630063,on perennial
5105407,5105406,53208,103.65791320800781,29.299583435058594,75967.905792,0,3721,4079,2,0.29408761729158345,on perennial
5152198,5152199,53208,106.2995834350586,30.136249542236328,81572.790272,0,3619,4399,2,0.47896517402456634,on perennial
5258380,5260181,53208,112.1995849609375,31.908750534057617,130212.847616,0,3404,5115,2,0.5538706447824179,on perennial
5262011,5262010,53208,112.34208679199219,28.90625,93918.707712,0,3768,5132,2,0.4155576286374886,on perennial
4981166,4982966,53208,96.81124877929688,33.340415954589844,135507.263488,0,3231,3249,2,0.26891223251743823,on perennial
5067563,5069362,53208,101.5995864868164,33.674583435058594,63985.123328,0,3190,3830,2,0.4618785027587913,on perennial
5060404,5060405,53208,101.13958740234375,29.494583129882812,71175.348224,0,3697,3774,2,0.11590796492809438,on perennial
5105406,5103606,53208,103.57208251953125,29.324583053588867,76064.72704,0,3718,4069,0,0.6834189026554088,near water
5152199,5153999,53208,106.3187484741211,30.043750762939453,81656.291328,0,3631,4402,2,0.44178094808099033,on perennial
5260181,5258381,53208,112.18708038330078,31.835416793823242,130879.889408,0,3413,5113,2,0.3629067276506366,on perennial
5262010,5263811,53208,112.41124725341797,28.845417022705078,115977.961472,0,3776,5140,2,0.26856593538974344,on perennial
4982966,4984766,53208,96.930419921875,33.325416564941406,135714.28352,0,3233,3264,2,0.25452553532387023,on perennial
5069362,5071163,53208,101.76958465576172,33.70708465576172,64248.9344,0,3187,3850,1,0.518472787454289,on intermittent
5060405,5058606,53208,101.1187515258789,29.40041732788086,77170.4832,0,3709,3771,2,0.5646709325717368,on perennial
5103606,5103605,53208,103.55374908447266,29.415416717529297,76152.930304,0,3707,4067,0,0.5579203211034337,near water
5153999,5152200,53208,106.27874755859375,30.01041603088379,120558.534656,0,3635,4397,2,0.3709000888349107,on perennial
5258381,5260182,53208,112.17124938964844,31.798749923706055,131336.577024,0,3418,5111,1,0.20061059369337245,on intermittent
5263811,5265612,53208,112.4487533569336,28.800416946411133,116387.274752,0,3781,5145,2,0.29197642440735805,on perennial
4984766,4986566,53208,96.99958038330078,33.332916259765625,136246.018048,0,3232,3272,2,0.1780094083454187,on perennial
5071163,5072963,53208,101.805419921875,33.67208480834961,65325.17888,0,3191,3855,0,0.5788510200075739,near water
5058606,5058607,53208,101.04291534423828,29.291250228881836,77543.251968,0,3722,3762,2,0.3046542834718472,on perennial
5103605,5105404,53208,103.66708374023438,29.53874969482422,76241.174528,0,3692,4080,2,0.3540992826296788,on perennial
5152200,5154000,53208,106.34124755859375,29.959583282470703,156527.296512,0,3641,4404,2,0.45293561519664227,on perennial
5260182,5261982,53208,112.31791687011719,31.716249465942383,131484.827648,0,3428,5129,2,0.15885865007011274,on perennial
5265612,5265611,53208,112.54291534423828,28.831249237060547,116475.232256,0,3778,5156,2,0.4647601277794676,on perennial
4986566,4986567,53208,97.02124786376953,33.2720832824707,136317.247488,0,3239,3275,0,0.656226036834217,near water
5072963,5072964,53208,101.85041809082031,33.60041809082031,65555.714048,0,3199,3860,2,0.42923512958277504,on perennial
5058607,5058608,53208,101.0512466430664,29.200416564941406,78179.28704,0,3733,3763,2,0.30443336210467675,on perennial
5105404,5105403,53208,103.6995849609375,29.555416107177734,77075.972096,0,3690,4084,1,0.32883015180369796,on intermittent
5154000,5154001,53208,106.4004135131836,29.897083282470703,156684.353536,0,3648,4412,2,0.40580990819913954,on perennial
5261982,5261983,53208,112.3629150390625,31.700416564941406,131669.090304,0,3430,5134,2,0.3852491540055531,on perennial
5265611,5267411,53208,112.6362533569336,28.820415496826172,116548.861952,0,3779,5168,2,0.4035591645886293,on perennial
4986567,4986568,53208,97.03624725341797,33.200416564941406,136808.210432,0,3248,3277,2,0.2971829951097176,on perennial
5072964,5074764,53208,101.90458679199219,33.54875183105469,65619.877888,0,3206,3867,1,0.3388474658661114,on intermittent
5058608,5060408,53208,101.10375213623047,29.138750076293945,78360.461312,0,3740,3770,0,0.573200751599823,near water
5105403,5107204,53208,103.76541900634766,29.550416946411133,89954.566144,0,3690,4092,2,0.3967718850780894,on perennial
5154001,5155801,53208,106.39958190917969,29.868749618530273,157006.577664,0,3652,4412,2,0.4002152172657406,on perennial
5261983,5263784,53208,112.41625213623047,31.59958267211914,132243.202048,0,3442,5141,1,0.10882288560074879,on intermittent
5267411,5269212,53208,112.70375061035156,28.7954158782959,145205.313536,0,3782,5176,1,0.2587081370498827,on intermittent
4986568,4988368,53208,97.11458587646484,33.139583587646484,137130.426368,0,3255,3286,2,0.29641591392638916,on perennial
5074764,5074765,53208,101.9245834350586,33.457916259765625,65683.111936,0,3217,3869,2,0.27835080819263186,on perennial
5060408,5060409,53208,101.12041473388672,29.09958267211914,78471.520256,0,3745,3772,0,0.5382586097340992,near water
5107204,5107205,53208,103.77458190917969,29.500415802001953,123982.995456,0,3696,4093,2,0.4942399089180653,on perennial
5155801,5157602,53208,106.5120849609375,29.772083282470703,157772.955648,0,3663,4425,2,0.47876444071174484,on perennial
5263784,5263785,53208,112.43791961669922,31.500415802001953,132348.936192,0,3454,5143,2,0.38349286507382757,on perennial
5269212,5269211,53208,112.75125122070312,28.799583435058594,145305.714688,0,3781,5181,2,0.506991506434206,on perennial
4988368,4988369,53208,97.16458129882812,33.09208297729492,137223.667712,0,3261,3292,2,0.14845152831848524,on perennial
5074765,5076566,53208,102.00958251953125,33.38624954223633,66437.746688,0,3225,3879,2,0.5092774635995011,on perennial
5060409,5060410,53208,101.15625,28.960416793823242,78868.955136,0,3762,3776,2,0.11647896348793663,on perennial
5107205,5109006,53208,103.81458282470703,29.369583129882812,124055.822336,0,3712,4098,2,0.31770870262127665,on perennial
5157602,5155803,53208,106.5120849609375,29.700416564941406,158529.716224,0,3672,4425,2,0.2314668075101118,on perennial
5263785,5263786,53208,112.44125366210938,31.397916793823242,135747.29728,0,3466,5144,1,0.393327824728604,on intermittent
5269211,5271011,53208,112.8187484741211,28.819583892822266,145396.432896,0,3779,5190,2,0.28484710759599957,on perennial
4988369,4990169,53208,97.20124816894531,33.03791809082031,137343.541248,0,3268,3297,2,0.4466058634118166,on perennial
5076566,5078366,53208,102.0995864868164,33.33791732788086,66907.97568,0,3231,3890,1,0.3687103546124711,on intermittent
5060410,5060411,53208,101.19208526611328,28.90041732788086,79335.79264,0,3769,3780,2,0.3179240542864359,on perennial
5109006,5109007,53208,103.867919921875,29.297916412353516,125695.639552,0,3721,4105,2,0.24026873294495138,on perennial
5155803,5155804,53208,106.45124816894531,29.60041618347168,158671.618048,0,3684,4418,2,0.30409149413622066,on perennial
5263786,5263787,53208,112.4487533569336,31.297082901000977,137578.758144,0,3479,5145,2,0.36320678177187943,on perennial
5271011,5271010,53208,112.84708404541016,28.9204158782959,145485.479936,0,3767,5193,2,0.26391686724990276,on perennial
4990169,4988370,53208,97.24874877929688,32.99791717529297,137812.95104,0,3272,3302,2,0.5277710067181776,on perennial
5078366,5080166,53208,102.1995849609375,33.34375,69206.376448,0,3231,3902,2,0.545702007585972,on perennial
5060411,5060412,53208,101.1754150390625,28.800416946411133,79637.7088,0,3781,3778,2,0.36632000695522726,on perennial
5109007,5110807,53208,103.90958404541016,29.241249084472656,125890.379776,0,3728,4110,2,0.250119082521064,on perennial
5155804,5157604,53208,106.50958251953125,29.55791664123535,158775.738368,0,3689,4425,2,0.4194148703802875,on perennial
5263787,5265587,53208,112.5370864868164,31.21958351135254,137842.11456,0,3488,5156,1,0.385397496766946,on intermittent
5271010,5272809,53208,112.8870849609375,29.00208282470703,145595.088896,0,3757,5198,2,0.17039867058620725,on perennial
4988370,4990170,53208,97.24958038330078,32.95624923706055,140485.902336,0,3278,3302,2,0.5672621473773946,on perennial
5080166,5078365,53208,102.24041748046875,33.39958190917969,69271.437312,0,3224,3907,1,0.3796982368509588,on intermittent
5060412,5062212,53208,101.20708465576172,28.755416870117188,79746.62144,0,3787,3782,1,0.2918784242684025,on intermittent
5110807,5110808,53208,103.98958587646484,29.152915954589844,126083.760128,0,3739,4119,2,0.5545777138828567,on perennial
5265587,5265588,53208,112.56041717529297,31.18458366394043,139494.375424,0,3492,5158,2,0.3680548285265365,on perennial
5272809,5272808,53208,112.94541931152344,29.09958267211914,248555.552768,0,3745,5205,2,0.006378720456394401,on perennial
4990170,4991970,53208,97.2995834350586,32.91958236694336,140618.30144,0,3282,3309,2,0.35465904677574184,on perennial
5078365,5080165,53208,102.26958465576172,33.4254150390625,69519.220736,0,3221,3911,1,0.31140658139506766,on intermittent
5062212,5060413,53208,101.21041870117188,28.69708251953125,80223.551488,0,3794,3783,0,0.5046473694269005,near water
5110808,5112608,53208,103.99958038330078,29.117082595825195,129676.886016,0,3743,4121,2,0.2916140233657318,on perennial
5265588,5265589,53208,112.5745849609375,31.10041618347168,139756.060672,0,3502,5160,1,0.4423739133418396,on intermittent
5272808,5274607,53208,113.04374694824219,29.261249542236328,249142.050816,0,3725,5217,2,0.38024674517723467,on perennial
4991970,4991971,53208,97.39125061035156,32.83958435058594,141352.747008,0,3292,3320,2,0.4035810838558437,on perennial
5080165,5081966,53208,102.2995834350586,33.41374969482422,69644.558336,0,3222,3915,2,0.313322089742099,on perennial
5060413,5062213,53208,101.20124816894531,28.66291618347168,80359.284736,0,3798,3781,2,0.38266301077663933,on perennial
5112608,5112609,53208,104.05958557128906,29.10041618347168,129935.335424,0,3745,4128,2,0.10240400066945296,on perennial
5265589,5265591,53208,112.52625274658203,31.000415802001953,139818.893312,0,3515,5154,1,0.39745287032589427,on intermittent
5274607,5274606,53208,113.04291534423828,29.299583435058594,251664.777216,0,3721,5217,2,0.25972657056740067,on perennial
4991971,4991972,53208,97.3812484741211,32.8004150390625,141456.949248,0,3296,3318,2,0.5125551071254907,on perennial
5081966,5081965,53208,102.38375091552734,33.407081604003906,69897.560064,0,3223,3925,2,0.18450267979781673,on perennial
5062213,5062214,53208,101.23291778564453,28.557083129882812,80572.792832,0,3811,3785,1,0.3302810446611377,on intermittent
5112609,5114409,53208,104.11458587646484,29.071250915527344,130481.463296,0,3748,4135,2,0.5143643108482971,on perennial
5265591,5267391,53208,112.5995864868164,30.858749389648438,141227.245568,0,3532,5163,2,0.2192088385963213,on perennial
5274606,5276405,53208,113.08457946777344,29.39958381652832,255509.184512,0,3709,5222,2,0.3442441006670466,on perennial
4991972,4993772,53208,97.42375183105469,32.73041534423828,141542.1952,0,3305,3324,2,0.3275376351150719,on perennial
5081965,5083765,53208,102.44291687011719,33.45624923706055,70014.7712,0,3217,3932,1,0.07204758568633882,on intermittent
5062214,5062215,53208,101.25041961669922,28.46291732788086,80932.757504,0,3822,3787,2,0.3825361434268241,on perennial
5114409,5116209,53208,104.1995849609375,29.026248931884766,131223.355392,0,3754,4145,2,0.12387036771799288,on perennial
5267391,5267392,53208,112.64375305175781,30.779582977294922,141267.648512,0,3541,5168,2,0.48429719150159656,on perennial
4993772,4993773,53208,97.43458557128906,32.700416564941406,141730.03776,0,3309,3325,0,0.5012287493699442,near water
5083765,5083764,53208,102.45208740234375,33.51874923706055,75628.240896,0,3209,3933,2,0.3265191563340379,on perennial
5062215,5064016,53208,101.29291534423828,28.387083053588867,81326.497792,0,3831,3793,0,0.5779313473354645,near water
5116209,5116210,53208,104.29208374023438,28.972084045410156,131406.757888,0,3760,4156,2,0.43172953563524663,on perennial
5267392,5269193,53208,112.59541320800781,30.66291618347168,141420.773376,0,3556,5163,2,0.558180105693743,on perennial
4993773,4995573,53208,97.52458190917969,32.6370849609375,141896.105984,0,3316,3336,2,0.24595879300898835,on perennial
5083764,5081963,53208,102.4004135131836,33.58374786376953,75771.00288,0,3201,3927,2,0.45187503713498395,on perennial
5064016,5064017,53208,101.36541748046875,28.300416946411133,81622.4256,0,3842,3801,2,0.31961234478142325,on perennial
5116210,5116211,53208,104.27874755859375,28.90041732788086,134238.199808,0,3769,4154,2,0.4231875979521098,on perennial
5269193,5267394,53208,112.7004165649414,30.630416870117188,141471.17056,0,3559,5175,2,0.4786915366974723,on perennial
4995573,4997374,53208,97.6187515258789,32.58791732788086,142087.798784,0,3322,3347,2,0.23912461916317096,on perennial
5081963,5081962,53208,102.33041381835938,33.6995849609375,76159.352832,0,3187,3918,2,0.4706441370797741,on perennial
5064017,5064018,53208,101.37374877929688,28.200416564941406,81838.579712,0,3854,3802,1,0.3061535299755218,on intermittent
5116211,5118011,53208,104.33291625976562,28.847915649414062,134279.061504,0,3776,4161,0,0.47101828895248726,near water
5267394,5274594,53208,112.76958465576172,30.575416564941406,141523.156992,0,3566,5184,2,0.26552381657784835,on perennial
4997374,4999174,53208,97.6995849609375,32.53874969482422,142469.955584,0,3328,3357,2,0.12666683402489815,on perennial
5081962,5080162,53208,102.28125,33.78791809082031,76520.40704,0,3177,3912,2,0.38525296460861413,on perennial
5064018,5065818,53208,101.40791320800781,28.132083892822266,82468.061184,0,3862,3807,1,0.46456732049800703,on intermittent
5118011,5118012,53208,104.40791320800781,28.804582595825195,134523.715584,0,3781,4170,2,0.2512720995329772,on perennial
5274594,5276395,53208,113.0995864868164,30.486249923706055,145516.969984,0,3577,5224,2,0.2529781152229327,on perennial
4999174,5000974,53208,97.7995834350586,32.5120849609375,143942.991872,0,3331,3369,2,0.356523036312166,on perennial
5080162,5080161,53208,102.23625183105469,33.799583435058594,77241.38496,0,3175,3907,1,0.28841588437425875,on intermittent
5065818,5065819,53208,101.47125244140625,28.077083587646484,82682.55232,0,3869,3814,2,0.16761222528551756,on perennial
5118012,5119812,53208,104.45708465576172,28.78708267211914,134634.840064,0,3783,4176,2,0.14172549961721484,on perennial
5276395,5283595,53208,113.26958465576172,30.432083129882812,145563.81184,0,3583,5244,2,0.5075452563566947,on perennial
5000974,5000975,53208,97.85958099365234,32.50041580200195,144034.69312,0,3333,3376,2,0.3803922090794394,on perennial
5080161,5078361,53208,102.20458221435547,33.90791702270508,77365.755904,0,3162,3903,1,0.17476361075135688,on intermittent
5065819,5067619,53208,101.52124786376953,28.053749084472656,82882.125824,0,3872,3820,2,0.2946572609633654,on perennial
5119812,5121611,53208,104.49958038330078,28.777915954589844,134885.466112,0,3784,4181,2,0.21498853440445106,on perennial
5283595,5285394,53208,113.5995864868164,30.492916107177734,146098.782208,0,3576,5284,2,0.2588304205387563,on perennial
5000975,5002775,53208,97.90374755859375,32.49208450317383,144188.669952,0,3334,3382,1,0.25911323337305836,on intermittent
5078361,5078360,53208,102.15125274658203,33.9495849609375,77833.117696,0,3157,3897,1,0.31034590119025357,on intermittent
5067619,5067618,53208,101.569580078125,28.09958267211914,102018.883584,0,3866,3826,2,0.22021789873394818,on perennial
5121611,5123412,53208,104.58875274658203,28.78874969482422,135003.5456,0,3783,4192,2,0.29819577243345313,on perennial
5285394,5288994,53208,113.74958038330078,30.62291717529297,146149.86752,0,3560,5302,2,0.5014139723022658,on perennial
5002775,5004575,53208,98.00208282470703,32.4595832824707,144483.663872,0,3338,3394,2,0.34232377040613604,on perennial
5078360,5076560,53208,102.09791564941406,33.960418701171875,85924.077568,0,3156,3890,2,0.20888681842867796,on perennial
5067618,5069418,53208,101.61042022705078,28.154582977294922,102124.7488,0,3860,3831,0,0.9557882908980947,near water
5288994,5288993,53208,113.83958435058594,30.636249542236328,146200.920064,0,3559,5313,2,0.38741736989031816,on perennial
5004575,5006376,53208,98.0995864868164,32.403751373291016,144949.73952,0,3344,3406,0,0.5952153164230927,near water
5076560,5074760,53208,102.00041961669922,33.99208450317383,86081.282048,0,3152,3878,2,0.258696809018007,on perennial
5069418,5069417,53208,101.63958740234375,28.199583053588867,102271.614976,0,3854,3835,0,0.49420752552752695,near water
5288993,5292594,53208,113.89958190917969,30.636249542236328,147809.189888,0,3559,5321,2,0.3566801946611127,on perennial
5006376,5008176,53208,98.21125030517578,32.34791564941406,145168.384,0,3351,3419,2,0.2481857427622674,on perennial
5074760,5074759,53208,101.94125366210938,34.00541687011719,86192.349184,0,3150,3871,2,0.3526248987143076,on perennial
5069417,5069416,53208,101.64707946777344,28.303749084472656,102490.046464,0,3841,3836,0,0.5959642006229512,near water
5292594,5296194,53208,114.10958099365234,30.595417022705078,154598.064128,0,3564,5346,2,0.2971024816705334,on perennial
5008176,5008177,53208,98.22624969482422,32.27458190917969,145800.3968,0,3360,3421,2,0.17851285317026572,on perennial
5074759,5072959,53208,101.8637466430664,34.02958297729492,86303.08864,0,3147,3862,2,0.43021281412983425,on perennial
5069416,5069415,53208,101.6995849609375,28.376249313354492,103235.878912,0,3833,3842,0,0.763368173369411,near water
5008177,5008178,53208,98.26791381835938,32.200416564941406,146266.570752,0,3369,3426,2,0.15011199294594266,on perennial
5072959,5071159,53208,101.757080078125,34.06624984741211,86631.522304,0,3143,3849,1,0.12008429201927087,on intermittent
5069415,5071215,53208,101.74541473388672,28.458749771118164,103332.175872,0,3823,3847,2,0.4526905905338411,on perennial
5008178,5009978,53208,98.2995834350586,32.14041519165039,146369.82272,0,3376,3430,0,0.6997783911407118,near water
5071159,5071158,53208,101.72958374023438,34.09958267211914,86910.926848,0,3139,3846,0,0.3908551746890815,near water
5071215,5071214,53208,101.75541687011719,28.499584197998047,103439.941632,0,3818,3849,0,0.5725102997801731,near water
5009978,5009979,53208,98.37374877929688,32.07374954223633,146522.9312,0,3385,3439,2,0.5004775093513335,on perennial
5071158,5069359,53208,101.67124938964844,34.11375045776367,87087.02208,0,3137,3838,1,0.39341792003238457,on intermittent
5071214,5073014,53208,101.81208038330078,28.583749771118164,107120.058368,0,3808,3856,0,0.6266150706245196,near water
5009979,5011779,53208,98.4054183959961,32.026248931884766,146791.858176,0,3390,3443,2,0.4025807800976393,on perennial
5069359,5069358,53208,101.65291595458984,34.14958190917969,87244.210176,0,3133,3836,1,0.1961723804652058,on intermittent
5073014,5073013,53208,101.84874725341797,28.605417251586914,107234.844672,0,3805,3860,0,0.7735434711113293,near water
5011779,5011780,53208,98.42874908447266,31.98041534423828,146896.109568,0,3396,3445,2,0.3614066628781055,on perennial
5069358,5067558,53208,101.59791564941406,34.18208312988281,87416.54528,0,3129,3830,1,0.344994088347863,on intermittent
5073013,5074813,53208,101.91374969482422,28.617082595825195,107464.62208,0,3803,3868,2,0.46911337436033146,on perennial
5011780,5009981,53208,98.39875030517578,31.90041732788086,147090.30912,0,3406,3442,2,0.48307288430974915,on perennial
5067558,5067557,53208,101.55374908447266,34.20541763305664,87811.596288,0,3126,3824,2,0.18340839564351666,on perennial
5074813,5074814,53208,101.93208312988281,28.571250915527344,107605.778432,0,3809,3870,2,0.06108813965220019,on perennial
5009981,5011781,53208,98.41708374023438,31.864582061767578,147335.725056,0,3410,3444,2,0.13427587769589025,on perennial
5067557,5065757,53208,101.47041320800781,34.222084045410156,87930.83904,0,3124,3814,2,0.11396118662745064,on perennial
5074814,5073015,53208,101.87958526611328,28.487916946411133,107772.903424,0,3819,3864,0,0.5740079330044012,near water
5011781,5011782,53208,98.4629135131836,31.800416946411133,147451.953152,0,3418,3450,0,0.5462402695212051,near water
5065757,5063957,53208,101.4004135131836,34.23875045776367,88139.104256,0,3122,3806,2,0.30327305269656424,on perennial
5073015,5073016,53208,101.87208557128906,28.40041732788086,107931.574272,0,3830,3863,0,0.6714961017811554,near water
5011782,5013582,53208,98.5129165649414,31.737916946411133,147544.260608,0,3425,3456,2,0.3579527091239215,on perennial
5063957,5062157,53208,101.3004150390625,34.270416259765625,88315.076608,0,3118,3793,2,0.43041187406772546,on perennial
5073016,5073017,53208,101.87541961669922,28.300416946411133,108129.992704,0,3842,3863,2,0.1905059590758509,on perennial
5013582,5013583,53208,98.55458068847656,31.681249618530273,147638.02624,0,3432,3461,2,0.27340262855533476,on perennial
5062157,5062156,53208,101.24208068847656,34.29624938964844,89266.880512,0,3115,3786,2,0.3320410107894943,on perennial
5073017,5073018,53208,101.81375122070312,28.179582595825195,108358.098944,0,3857,3856,0,0.724844264116722,near water
5013583,5015384,53208,98.62791442871094,31.59375,149556.59264,0,3443,3470,2,0.4568525902081922,on perennial
5062156,5060356,53208,101.1987533569336,34.3345832824707,90320.502784,0,3110,3781,2,0.44020527191265124,on perennial
5073018,5071218,53208,101.8004150390625,28.14291763305664,108551.716864,0,3861,3854,1,0.08401940293624881,on intermittent
5015384,5017184,53208,98.6995849609375,31.53125,149652.897792,0,3450,3478,2,0.30056439055644774,on perennial
5060356,5060355,53208,101.17292022705078,34.41791534423828,90513.129472,0,3100,3778,2,0.3302114532903718,on perennial
5071218,5071219,53208,101.78375244140625,28.08041763305664,108677.668864,0,3869,3852,0,0.9676759983713976,near water
5017184,5017185,53208,98.76708221435547,31.483749389648438,149821.456384,0,3456,3486,2,0.32813052658483094,on perennial
5060355,5058554,53208,101.09791564941406,34.50041580200195,95437.422592,0,3090,3769,2,0.3317297218467425,on perennial
5071219,5073019,53208,101.7995834350586,28.015417098999023,108988.858368,0,3876,3854,2,0.3845232271909468,on perennial
5017185,5018985,53208,98.83208465576172,31.44208335876465,149915.254784,0,3461,3494,2,0.24098950224922241,on perennial
5058554,5056754,53208,101.00041961669922,34.54541778564453,96030.171136,0,3085,3757,2,0.13009587845457823,on perennial
5073019,5073020,53208,101.85874938964844,27.999584197998047,109034.692608,0,3878,3861,2,0.33839067873651313,on perennial
5018985,5018986,53208,98.8620834350586,31.347915649414062,157279.649792,0,3472,3498,2,0.4432538157667851,on perennial
5056754,5056753,53208,100.91458129882812,34.59958267211914,96222.814208,0,3078,3747,0,0.62738496324015,near water
5073020,5073021,53208,101.8429183959961,27.889583587646484,109307.707392,0,3892,3859,2,0.36199712256241395,on perennial
5018986,5017187,53208,98.80958557128906,31.300416946411133,157412.999168,0,3478,3492,0,0.4977024242609356,near water
5056753,5054953,53208,100.88541412353516,34.672916412353516,96287.86688,0,3069,3743,2,0.43573418186457014,on perennial
5073021,5074821,53208,101.89958190917969,27.823749542236328,109760.282624,0,3900,3866,2,0.33319953192320095,on perennial
5017187,5017186,53208,98.71458435058594,31.30958366394043,160471.662592,0,3477,3480,2,0.12374173969213358,on perennial
5054953,5054952,53208,100.8812484741211,34.707916259765625,97085.546496,0,3065,3743,0,0.5480261412435729,near water
5074821,5074822,53208,101.92124938964844,27.762916564941406,109998.227456,0,3907,3869,0,0.6030518166705757,near water
5017186,5015386,53208,98.65791320800781,31.339584350585938,160602.669056,0,3473,3473,2,0.4724521720423987,on perennial
5054952,5053153,53208,100.80708312988281,34.694583892822266,97640.136704,0,3067,3734,0,0.5464986108458909,near water
5074822,5076623,53208,102.0112533569336,27.699583053588867,110620.065792,0,3915,3880,2,0.3932393842596685,on perennial
5015386,5015387,53208,98.61708068847656,31.296249389648438,160721.076224,0,3479,3468,2,0.3005507037201712,on perennial
5053153,5051353,53208,100.69791412353516,34.672916412353516,98204.778496,0,3069,3720,0,0.5800532117903306,near water
5076623,5074824,53208,101.9887466430664,27.597915649414062,110807.474176,0,3927,3877,2,0.06615155991620607,on perennial
5015387,5015388,53208,98.62208557128906,31.182083129882812,165471.731712,0,3493,3469,0,0.5467686720603513,near water
5051353,5049552,53208,100.57958221435547,34.73291778564453,98402.369536,0,3062,3706,2,0.1841374635832456,on perennial
5074824,5074825,53208,101.97541809082031,27.486249923706055,110990.761984,0,3941,3875,2,0.4747641193971797,on perennial
5015388,5017189,53208,98.70957946777344,31.109582901000977,165613.993984,0,3501,3479,2,0.48867277748038745,on perennial
5049552,5047751,53208,100.50041961669922,34.7912483215332,99536.658432,0,3055,3697,2,0.3741170988689564,on perennial
5074825,5074826,53208,101.96624755859375,27.40041732788086,111308.26752,0,3951,3874,2,0.16344463597594097,on perennial
5017189,5018990,53208,98.7995834350586,31.005416870117188,171216.601088,0,3514,3490,2,0.2819991677995409,on perennial
5047751,5045951,53208,100.4004135131836,34.81791687011719,99756.228608,0,3052,3684,2,0.32178172585342657,on perennial
5074826,5073027,53208,101.91041564941406,27.293750762939453,111598.493696,0,3964,3867,2,0.36317144289660397,on perennial
5018990,5017190,53208,98.78458404541016,30.93375015258789,171324.719104,0,3523,3489,0,0.5158412673457536,near water
5045951,5044150,53208,100.29458618164062,34.91374969482422,105644.56448,0,3040,3672,0,0.49028254534001475,near water
5073027,5073028,53208,101.87708282470703,27.200416564941406,112189.538304,0,3975,3863,2,0.369775016836212,on perennial
5017190,5018991,53208,98.85458374023438,30.84375,172131.090432,0,3534,3497,1,0.3758121497464989,on intermittent
5044150,5044149,53208,100.29541778564453,34.99958419799805,105874.481152,0,3030,3672,0,0.5224720969868349,near water
5073028,5073029,53208,101.80874633789062,27.10041618347168,113102.266368,0,3987,3855,2,0.31331256522203654,on perennial
5018991,5020792,53208,98.93958282470703,30.777082443237305,172283.24864,0,3542,3507,1,0.3969345250070771,on intermittent
5044149,5045948,53208,100.24708557128906,35.09958267211914,106633.740288,0,3018,3666,0,0.6580063000649654,near water
5073029,5071229,53208,101.78458404541016,27.028749465942383,113167.147008,0,3996,3852,2,0.14519121769830645,on perennial
5020792,5020793,53208,98.90625,30.700416564941406,173551.009792,0,3551,3503,2,0.22937903317155017,on perennial
5045948,5044148,53208,100.24874877929688,35.145416259765625,106957.90592,0,3012,3666,2,0.1625947021836672,on perennial
5071229,5071230,53208,101.76708221435547,26.993749618530273,113257.2672,0,4000,3850,2,0.24063450238946676,on perennial
5020793,5018994,53208,98.94125366210938,30.60041618347168,173774.241792,0,3563,3508,0,0.4264268379117594,near water
5044148,5044147,53208,100.21875,35.23041534423828,107111.800832,0,3002,3662,2,0.3065088846565468,on perennial
5071230,5069430,53208,101.6987533569336,26.94708251953125,113373.085696,0,4006,3842,2,0.20151361530606984,on perennial
5018994,5020794,53208,98.93624877929688,30.555416107177734,174041.153536,0,3569,3507,1,0.4257959871276969,on intermittent
5044147,5044146,53208,100.2754135131836,35.31041717529297,107374.559232,0,2992,3669,2,0.24595014786508015,on perennial
5069430,5071231,53208,101.72125244140625,26.859582901000977,116286.79168,0,4017,3845,2,0.6007795567037939,on perennial
5020794,5020795,53208,98.94541931152344,30.500415802001953,174184.12032,0,3575,3508,1,0.19213476010257005,on intermittent
5044146,5042346,53208,100.20541381835938,35.403751373291016,118269.3376,0,2981,3661,2,0.21744482475204827,on perennial
5071231,5073032,53208,101.81625366210938,26.777915954589844,116645.363712,0,4026,3856,2,0.38484083234362937,on perennial
5020795,5020796,53208,98.96875,30.37291717529297,174348.812288,0,3591,3511,0,0.7507465436327799,near water
5042346,5042345,53208,100.16124725341797,35.45458221435547,118412.836864,0,2975,3655,2,0.40982434079316465,on perennial
5073032,5073033,53208,101.85041809082031,26.700416564941406,127823.085568,0,4036,3860,2,0.21420403048763947,on perennial
5020796,5020797,53208,98.98041534423828,30.300416946411133,174909.620224,0,3599,3512,1,0.4672824223685452,on intermittent
5042345,5042344,53208,100.16708374023438,35.49958419799805,122555.326464,0,2969,3656,2,0.24295764696256464,on perennial
5020797,5020798,53208,98.98458099365234,30.195415496826172,175523.59424,0,3612,3513,2,0.23678111649866132,on perennial
5042344,5044143,53208,100.1987533569336,35.602081298828125,123338.735616,0,2957,3660,2,0.16538255941878802,on perennial
5020798,5022598,53208,98.99958038330078,30.152915954589844,175973.957632,0,3617,3515,2,0.43713177205636033,on perennial
5044143,5044142,53208,100.26958465576172,35.6995849609375,123769.36448,0,2945,3669,0,0.40273215053877737,near water
5022598,5022599,53208,99.02958679199219,30.10041618347168,176089.612288,0,3624,3518,2,0.3397971566987257,on perennial
5044142,5045942,53208,100.31625366210938,35.76874923706055,123860.066304,0,2937,3674,1,0.3771989594540042,on intermittent
5022599,5022600,53208,99.0512466430664,29.948749542236328,176288.219136,0,3642,3521,2,0.1290566908314885,on perennial
5045942,5047742,53208,100.430419921875,35.789581298828125,123950.866432,0,2934,3688,2,0.09217749201003905,on perennial
5022600,5022601,53208,99.0495834350586,29.89291763305664,179843.923968,0,3649,3521,0,0.545482393594276,near water
5047742,5047741,53208,100.4495849609375,35.81708526611328,126896.160768,0,2931,3690,2,0.34459262766930465,on perennial
5022601,5022602,53208,99.01791381835938,29.799583435058594,180124.30336,0,3660,3517,2,0.2012558050589452,on perennial
5047741,5049541,53208,100.56291961669922,35.88291549682617,127003.32032,0,2923,3704,2,0.21157421723807388,on perennial
5022602,5020803,53208,98.99791717529297,29.702917098999023,183001.628672,0,3672,3514,1,0.3384313397916331,on intermittent
5049541,5051341,53208,100.5995864868164,35.8970832824707,127313.3056,0,2921,3709,2,0.3465283471615116,on perennial
5020803,5022603,53208,98.99958038330078,29.65708351135254,183151.951872,0,3677,3515,0,0.6199581093124604,near water
5051341,5051340,53208,100.64541625976562,35.936248779296875,127615.54944,0,2916,3714,2,0.30058616372967784,on perennial
5022603,5022604,53208,99.04208374023438,29.577083587646484,183377.92,0,3687,3520,2,0.22885892989337053,on perennial
5051340,5053139,53208,100.70958709716797,36.00208282470703,127769.010176,0,2908,3722,2,0.3242103208134744,on perennial
5022604,5022605,53208,99.05291748046875,29.488750457763672,183775.625216,0,3698,3521,2,0.16170621312399222,on perennial
5053139,5053138,53208,100.74624633789062,36.1037483215332,127987.990528,0,2896,3726,2,0.2359222532897137,on perennial
5022605,5022606,53208,99.06375122070312,29.40041732788086,183955.734528,0,3709,3522,1,0.5191750537336899,on intermittent
5053138,5054938,53208,100.7995834350586,36.137916564941406,130078.113792,0,2892,3733,2,0.1982365613530534,on perennial
5022606,5024407,53208,99.069580078125,29.300416946411133,184469.880832,0,3721,3523,2,0.31789049027612754,on perennial
5054938,5056738,53208,100.89958190917969,36.1129150390625,131790.610432,0,2895,3745,2,0.11310608560120494,on perennial
5024407,5024408,53208,99.1137466430664,29.194583892822266,186238.828544,0,3733,3528,2,0.5705265187416807,on perennial
5056738,5058538,53208,101.00541687011719,36.12541580200195,131878.363136,0,2893,3758,2,0.40825317590586757,on perennial
5024408,5022609,53208,99.11624908447266,29.095417022705078,186443.890688,0,3746,3529,0,0.7457154429592132,near water
5058538,5058539,53208,101.02458190917969,36.096248626708984,132266.508288,0,2897,3760,2,0.08058512068858896,on perennial
5022609,5024409,53208,99.117919921875,29.05875015258789,186616.643584,0,3750,3529,2,0.060800428222005085,on perennial
5058539,5060339,53208,101.10208129882812,36.08625030517578,132527.333376,0,2898,3769,2,0.35575282231719485,on perennial
5024409,5024410,53208,99.12291717529297,28.999584197998047,186730.201088,0,3757,3530,0,0.4566503429013602,near water
5060339,5062139,53208,101.1995849609375,36.071250915527344,132650.950656,0,2900,3781,2,0.20297659525177184,on perennial
5024410,5024411,53208,99.12541961669922,28.89875030517578,189519.593472,0,3769,3530,2,0.3405087084323182,on perennial
5062139,5063938,53208,101.32875061035156,36.04458236694336,133135.056896,0,2903,3797,2,0.18048545614190778,on perennial
5024411,5022612,53208,99.10958099365234,28.800416946411133,189685.989376,0,3781,3528,2,0.2511816022171823,on perennial
5063938,5063939,53208,101.36541748046875,36.04375076293945,133266.276352,0,2903,3801,2,0.3801615813908137,on perennial
5022612,5024412,53208,99.13375091552734,28.737916946411133,189938.171904,0,3789,3531,2,0.1806912161928928,on perennial
5063939,5065739,53208,101.42208099365234,36.056251525878906,134940.532736,0,2902,3808,2,0.2728684423573067,on perennial
5024412,5024413,53208,99.14458465576172,28.665416717529297,190192.697344,0,3798,3532,2,0.3669846139598832,on perennial
5065739,5067538,53208,101.50125122070312,36.08541488647461,136205.18912,0,2898,3818,2,0.25048703211081397,on perennial
5024413,5024414,53208,99.17874908447266,28.597084045410156,190338.678784,0,3806,3536,2,0.2680479096474288,on perennial
5067538,5069338,53208,101.5995864868164,36.12791442871094,136591.704064,0,2893,3830,2,0.19940508610685342,on perennial
5024414,5024415,53208,99.19125366210938,28.500415802001953,190512.119808,0,3818,3538,0,0.7524408175018003,near water
5069338,5071138,53208,101.69791412353516,36.16291809082031,136712.192,0,2889,3842,2,0.2826664844145317,on perennial
5024415,5026216,53208,99.18291473388672,28.40041732788086,190854.529024,0,3830,3537,1,0.26828025239685266,on intermittent
5071138,5071139,53208,101.7995834350586,36.11375045776367,137130.549248,0,2895,3854,2,0.1807814681946359,on perennial
5026216,5026217,53208,99.28375244140625,28.300416946411133,203326.390272,0,3842,3549,2,0.12160974613107832,on perennial
5071139,5072938,53208,101.84208679199219,36.116249084472656,137228.926976,0,2895,3859,0,0.47151695943877014,near water
5026217,5028017,53208,99.30458068847656,28.25208282470703,203390.550016,0,3848,3552,0,0.5222244228121592,near water
5072938,5072940,53208,101.92958068847656,36.06708526611328,137514.532864,0,2900,3870,2,0.4597163423571307,on perennial
5028017,5028018,53208,99.35041809082031,28.200416564941406,203575.148544,0,3854,3557,2,0.10232341773371248,on perennial
5072940,5074739,53208,101.95291900634766,36.032081604003906,137820.766208,0,2905,3873,2,0.41376172183660503,on perennial
5028018,5029818,53208,99.4004135131836,28.15541648864746,203618.041856,0,3859,3563,1,0.43908658670446576,on intermittent
5074739,5076540,53208,102.0304183959961,35.98208236694336,138266.722304,0,2911,3882,2,0.21844206505423872,on perennial
5029818,5029819,53208,99.41041564941406,28.10041618347168,206425.980928,0,3866,3564,2,0.3399236264117604,on perennial
5076540,5076541,53208,102.06708526611328,35.90041732788086,138840.768512,0,2921,3886,2,0.43994305101583414,on perennial
5029819,5029820,53208,99.4070816040039,27.978750228881836,206762.344448,0,3881,3564,1,0.1251924651812759,on intermittent
5076541,5078341,53208,102.10208129882812,35.83041763305664,138919.182336,0,2929,3891,2,0.28540316174773767,on perennial
5029820,5029821,53208,99.44291687011719,27.888750076293945,206926.413824,0,3892,3568,2,0.3446176093332593,on perennial
5078341,5080141,53208,102.20874786376953,35.866249084472656,143994.273792,0,2925,3904,0,0.4747889404189467,near water
5029821,5029822,53208,99.44541931152344,27.800416946411133,207168.487424,0,3902,3569,1,0.5274649300881006,on intermittent
5080141,5081941,53208,102.3004150390625,35.87291717529297,144150.413312,0,2924,3915,2,0.2217006451172576,on perennial
5029822,5029823,53208,99.46375274658203,27.696250915527344,209180.246016,0,3915,3571,2,0.14715592947805098,on perennial
5081941,5083741,53208,102.4312515258789,35.87791442871094,145223.467008,0,2923,3931,0,0.5488142474096348,near water
5029823,5031623,53208,99.5120849609375,27.636249542236328,209286.086656,0,3922,3577,2,0.41433072937496745,on perennial
5083741,5085541,53208,102.54208374023438,35.844581604003906,145901.436928,0,2927,3944,2,0.39402575230416376,on perennial
5031623,5031624,53208,99.52041625976562,27.60041618347168,209413.029888,0,3927,3578,2,0.33508231107389164,on perennial
5085541,5087341,53208,102.5995864868164,35.841251373291016,146983.829504,0,2928,3951,2,0.15523983040072706,on perennial
5031624,5031625,53208,99.56291961669922,27.49541664123535,210437.799936,0,3939,3583,2,0.42298156886137783,on perennial
5087341,5089141,53208,102.7245864868164,35.819583892822266,147140.608,0,2930,3966,2,0.43037373353786085,on perennial
5031625,5033425,53208,99.60541534423828,27.450416564941406,210705.6128,0,3945,3588,1,0.09256356475423544,on intermittent
5089141,5090941,53208,102.7995834350586,35.85708236694336,147509.41184,0,2926,3975,2,0.17289495985553308,on perennial
5033425,5033426,53208,99.63541412353516,27.383750915527344,210849.103872,0,3953,3592,2,0.26802506240742435,on perennial
5090941,5092741,53208,102.9054183959961,35.846248626708984,147735.216128,0,2927,3988,2,0.2103126642730621,on perennial
5033426,5033427,53208,99.66124725341797,27.300416946411133,211107.250176,0,3963,3595,2,0.1790727668064957,on perennial
5092741,5094541,53208,102.99958038330078,35.811248779296875,148073.005056,0,2931,3999,2,0.5453541183833263,on perennial
5033427,5035227,53208,99.7004165649414,27.257915496826172,211562.315776,0,3968,3600,2,0.4264329955191233,on perennial
5094541,5094542,53208,103.05374908447266,35.8004150390625,148280.213504,0,2933,4006,2,0.1993578777601302,on perennial
5035227,5035228,53208,99.7754135131836,27.200416564941406,211722.682368,0,3975,3609,1,0.34909803238282977,on intermittent
5094542,5096342,53208,103.10124969482422,35.76541519165039,148330.25024,0,2937,4012,1,0.1708010182490134,on intermittent
5035228,5037028,53208,99.80291748046875,27.16374969482422,211857.73568,0,3980,3612,1,0.32031054664594594,on intermittent
5096342,5096341,53208,103.1620864868164,35.799583435058594,156011.053056,0,2933,4019,2,0.15262952740053873,on perennial
5037028,5037029,53208,99.85624694824219,27.10041618347168,212977.188864,0,3987,3618,2,0.4682553949747087,on perennial
5096341,5098141,53208,103.26041412353516,35.8629150390625,156128.395264,0,2925,4031,2,0.1962477805142252,on perennial
5037029,5038829,53208,99.89958190917969,27.056249618530273,213137.686528,0,3993,3624,2,0.38547908179288976,on perennial
5098141,5099940,53208,103.30208587646484,35.873748779296875,156405.26848,0,2924,4036,2,0.13013755463562793,on perennial
5038829,5038830,53208,99.96375274658203,26.9737491607666,213336.571904,0,4003,3631,1,0.4825119397993573,on intermittent
5099940,5098140,53208,103.3004150390625,35.95708465576172,182129.934336,0,2914,4036,2,0.20055814853200152,on perennial
5038830,5038831,53208,99.96041870117188,26.874584197998047,213474.721792,0,4015,3631,1,0.2787176481561728,on intermittent
5098140,5096340,53208,103.18875122070312,35.97291564941406,182244.589568,0,2912,4022,2,0.30419746326838154,on perennial
5038831,5040630,53208,100.00791931152344,26.891250610351562,214536.404992,0,4013,3637,0,0.7343395199141345,near water
5096340,5098139,53208,103.24208068847656,36.026248931884766,183006.068736,0,2905,4029,2,0.39303205134992375,on perennial
5040630,5040629,53208,100.06791687011719,26.999584197998047,214740.33664,0,4000,3644,2,0.4198403886493782,on perennial
5098139,5099939,53208,103.2995834350586,36.08208465576172,183172.661248,0,2899,4036,0,0.6868421560239564,near water
5040629,5040628,53208,100.06124877929688,27.10041618347168,214948.069376,0,3987,3643,2,0.3820166464077483,on perennial
5099939,5099938,53208,103.35375213623047,36.112083435058594,183259.774976,0,2895,4042,2,0.2809507212342281,on perennial
5040628,5042427,53208,100.10791778564453,27.18458366394043,217035.997184,0,3977,3649,2,0.12430955475239952,on perennial
5099938,5101737,53208,103.43291473388672,36.15791702270508,216138.694656,0,2889,4052,2,0.4127407296802895,on perennial
5042427,5044226,53208,100.20958709716797,27.303749084472656,217162.842112,0,3963,3661,0,1.0741266982927185,near water
5101737,5101738,53208,103.4629135131836,36.174583435058594,220156.7232,0,2887,4056,2,0.4880289987308409,on perennial
5044226,5044225,53208,100.20708465576172,27.39958381652832,217683.263488,0,3951,3661,1,0.06665458018675909,on intermittent
5101738,5103538,53208,103.49958038330078,36.17041778564453,220851.372032,0,2888,4060,2,0.07289497158008895,on perennial
5044225,5042425,53208,100.1754150390625,27.483749389648438,217768.280064,0,3941,3657,2,0.16173308546694637,on perennial
5103538,5105338,53208,103.5995864868164,36.13541793823242,221086.892032,0,2892,4072,2,0.2085075746367774,on perennial
5042425,5044224,53208,100.21541595458984,27.534584045410156,218349.32224,0,3935,3662,0,0.8386747383903853,near water
5105338,5105339,53208,103.67874908447266,36.10041809082031,222980.636672,0,2896,4082,2,0.4197154744839931,on perennial
5044224,5044223,53208,100.25875091552734,27.59958267211914,218541.113344,0,3927,3667,2,0.24585387444022377,on perennial
5105339,5107139,53208,103.7245864868164,36.092918395996094,223084.412928,0,2897,4087,2,0.38721195639741424,on perennial
5044223,5044222,53208,100.27958679199219,27.699583053588867,218746.601472,0,3915,3670,0,0.6698673606551848,near water
5107139,5108939,53208,103.80458068847656,36.06541442871094,223388.30336,0,2901,4097,2,0.31072128353448486,on perennial
5044222,5046022,53208,100.31625366210938,27.72541618347168,218841.563136,0,3912,3674,0,0.5475867044457976,near water
5108939,5110739,53208,103.90291595458984,36.07041549682617,223951.978496,0,2900,4109,2,0.06567251055491734,on perennial
5046022,5047822,53208,100.40291595458984,27.734582901000977,232744.79616,0,3910,3685,2,0.4861800000422142,on perennial
5110739,5112539,53208,104.00791931152344,36.0595817565918,224195.198976,0,2901,4122,2,0.41672788816431133,on perennial
5047822,5046023,53208,100.40958404541016,27.700416564941406,232873.672704,0,3915,3686,0,0.5528836105258201,near water
5112539,5112538,53208,104.04374694824219,36.09958267211914,226125.070336,0,2897,4126,2,0.4402100448116255,on perennial
5046023,5047823,53208,100.42708587646484,27.637916564941406,232996.601856,0,3922,3688,2,0.3404764226370073,on perennial
5112538,5112537,53208,103.99541473388672,36.167083740234375,226279.571456,0,2888,4120,2,0.3312641789162369,on perennial
5047823,5046024,53208,100.4437484741211,27.597084045410156,233163.587584,0,3927,3690,2,0.30618504907630073,on perennial
5112537,5114337,53208,104.10208129882812,36.222084045410156,228021.69856,0,2882,4133,2,0.30782372912382544,on perennial
5046024,5047824,53208,100.45207977294922,27.555416107177734,233250.553856,0,3932,3691,0,0.5616727057955851,near water
5114337,5114336,53208,104.17292022705078,36.32791519165039,228139.33568,0,2869,4142,0,0.5170640835815585,near water
5047824,5046025,53208,100.42958068847656,27.49625015258789,233470.427136,0,3939,3688,2,0.32414582991850366,on perennial
5114336,5116136,53208,104.22041320800781,36.34375,228482.531328,0,2867,4147,2,0.3244316780044732,on perennial
5046025,5047825,53208,100.4487533569336,27.44208335876465,233593.503744,0,3946,3690,2,0.2243171007412788,on perennial
5116136,5117936,53208,104.2995834350586,36.35791778564453,229276.254208,0,2865,4157,2,0.19074921603448508,on perennial
5047825,5049626,53208,100.52625274658203,27.397916793823242,233781.215232,0,3951,3700,2,0.3750909652278829,on perennial
5117936,5117935,53208,104.40208435058594,36.39041519165039,229455.54432,0,2861,4169,2,0.41305948015869415,on perennial
5049626,5049627,53208,100.52458190917969,27.264583587646484,234310.631424,0,3967,3699,2,0.5378758569958956,on perennial
5117935,5119735,53208,104.4254150390625,36.44041442871094,229910.44608,0,2855,4172,2,0.27953947891449255,on perennial
5049627,5047827,53208,100.51625061035156,27.18375015258789,234659.561472,0,3977,3698,2,0.41481058780678876,on perennial
5119735,5121535,53208,104.49958038330078,36.45458221435547,230508.822528,0,2853,4181,2,0.49090458067320303,on perennial
5047827,5047828,53208,100.4745864868164,27.1612491607666,234787.012608,0,3980,3693,2,0.32043524390962697,on perennial
5121535,5123334,53208,104.58041381835938,36.49958419799805,230733.152256,0,2848,4191,1,0.058010502901059025,on intermittent
5047828,5047829,53208,100.48374938964844,27.073749542236328,235154.80064,0,3991,3694,2,0.5737557747920724,on perennial
5123334,5123333,53208,104.6995849609375,36.58208465576172,241723.588608,0,2838,4206,2,0.36217655431892143,on perennial
5047829,5047830,53208,100.43791961669922,27.000415802001953,235458.199552,0,3999,3689,2,0.4149048268226348,on perennial
5123333,5125133,53208,104.6995849609375,36.62708282470703,242035.99872,0,2833,4206,0,0.537571517131855,near water
5047830,5047831,53208,100.44541931152344,26.889583587646484,235727.388672,0,4013,3690,2,0.16018394786171794,on perennial
5125133,5125132,53208,104.7004165649414,36.71041488647461,243345.555456,0,2822,4206,0,0.6291779076279018,near water
5047831,5047832,53208,100.43708038330078,26.797916412353516,235876.548608,0,4024,3689,1,0.128577067457921,on intermittent
5125132,5123332,53208,104.66708374023438,36.73125076293945,243583.369216,0,2820,4202,0,0.4217060523961605,near water
5047832,5046032,53208,100.37625122070312,26.77458381652832,238025.965568,0,4027,3681,2,0.41760068632548153,on perennial
5123332,5123331,53208,104.60041809082031,36.782081604003906,244076.511232,0,2814,4193,2,0.4070193380609189,on perennial
5046032,5046033,53208,100.39958190917969,26.703750610351562,238181.41696,0,4035,3684,2,0.4476036878300037,on perennial
5123331,5121531,53208,104.54374694824219,36.832916259765625,244387.92192,0,2808,4187,2,0.4380265512377805,on perennial
5046033,5047833,53208,100.40374755859375,26.639583587646484,238253.83424,0,4043,3685,2,0.23567106559081225,on perennial
5121531,5119731,53208,104.4487533569336,36.883750915527344,244563.607552,0,2801,4175,2,0.43780502942174243,on perennial
5047833,5047834,53208,100.41542053222656,26.53708267211914,238493.843456,0,4056,3686,2,0.3989043477247798,on perennial
5119731,5117931,53208,104.4004135131836,36.88041687011719,244698.447872,0,2802,4169,2,0.21516579014837703,on perennial
5047834,5047835,53208,100.41374969482422,26.500415802001953,238818.607104,0,4060,3686,2,0.052546683362642774,on perennial
5117931,5119730,53208,104.36624908447266,36.89958190917969,245989.916672,0,2800,4165,2,0.4194545275753368,on perennial
5047835,5047836,53208,100.4504165649414,26.40041732788086,240963.928064,0,4072,3690,2,0.4109468257078709,on perennial
5119730,5117930,53208,104.32958221435547,36.90041732788086,246041.06752,0,2799,4161,2,0.4812882000770056,on perennial
5047836,5046037,53208,100.39375305175781,26.303749084472656,241185.112064,0,4084,3684,2,0.3498929713664362,on perennial
5117930,5117929,53208,104.32791900634766,36.99958419799805,246410.166272,0,2787,4160,2,0.5181979758270396,on perennial
5046037,5047837,53208,100.41874694824219,26.257915496826172,241446.879232,0,4089,3687,0,0.6565151188834203,near water
5117929,5116129,53208,104.2820816040039,37.07208251953125,246543.40096,0,2779,4155,0,0.7387936822846556,near water
5047837,5049637,53208,100.5320816040039,26.22458267211914,242572.73856,0,4093,3700,2,0.537599700705047,on perennial
5116129,5116128,53208,104.29208374023438,37.09958267211914,249145.344,0,2775,4156,2,0.2952045506097182,on perennial
5049637,5049638,53208,100.56124877929688,26.200416564941406,243052.478464,0,4096,3704,2,0.3943720498459723,on perennial
5116128,5117928,53208,104.29541778564453,37.17041778564453,249258.098688,0,2767,4157,0,0.4579052882016264,near water
5049638,5051437,53208,100.60958099365234,26.207082748413086,244987.41248,0,4096,3710,2,0.41086387951520337,on perennial
5117928,5119728,53208,104.40208435058594,37.19874954223633,249777.02912,0,2763,4169,2,0.4215529527462215,on perennial
5051437,5051438,53208,100.64041900634766,26.18291664123535,245113.356288,0,4099,3713,0,0.639216678743068,near water
5119728,5119727,53208,104.46708679199219,37.1995849609375,249901.8752,0,2763,4177,2,0.29497893566961875,on perennial
5051438,5053237,53208,100.70874786376953,26.178749084472656,245177.925632,0,4099,3722,2,0.19192427993428984,on perennial
5119727,5121527,53208,104.49958038330078,37.223751068115234,250415.087616,0,2760,4181,2,0.30644061241335785,on perennial
5053237,5053238,53208,100.74791717529297,26.16791534423828,245314.68288,0,4100,3727,2,0.5141152208183112,on perennial
5121527,5123327,53208,104.5995864868164,37.27124786376953,250889.535488,0,2755,4193,0,1.1130145804903524,near water
5053238,5055037,53208,100.81208038330078,26.201250076293945,245494.349824,0,4096,3734,2,0.38105563818610777,on perennial
5123327,5123326,53208,104.66458129882812,37.31208419799805,251107.213312,0,2750,4201,2,0.4562728594283828,on perennial
5055037,5055038,53208,100.867919921875,26.15708351135254,245588.426752,0,4102,3741,0,0.6185817324325732,near water
5123326,5125126,53208,104.7004165649414,37.33041763305664,251222.17984,0,2747,4206,2,0.41364247239781954,on perennial
5055038,5056838,53208,100.90875244140625,26.16958236694336,246040.281088,0,4100,3746,2,0.14429601539429684,on perennial
5125126,5126926,53208,104.80791473388672,37.36458206176758,251322.761216,0,2743,4219,2,0.31285489862414956,on perennial
5056838,5056837,53208,100.9437484741211,26.220417022705078,250265.255936,0,4094,3750,2,0.211874943486859,on perennial
5126926,5128725,53208,104.89958190917969,37.389583587646484,254015.56992,0,2740,4230,2,0.2306530269345602,on perennial
5056837,5058637,53208,100.99958038330078,26.262083053588867,250473.529344,0,4089,3757,2,0.05489668500860303,on perennial
5128725,5130525,53208,105.02291870117188,37.44708251953125,254353.096704,0,2733,4245,2,0.2764719964422061,on perennial
5058637,5058636,53208,101.06458282470703,26.312915802001953,250579.910656,0,4083,3765,2,0.2142119147304877,on perennial
5130525,5132325,53208,105.12708282470703,37.48374938964844,254453.694464,0,2729,4257,2,0.3359895086373081,on perennial
5058636,5060436,53208,101.13291931152344,26.342082977294922,250935.853056,0,4079,3773,2,0.27429697341687165,on perennial
5132325,5134125,53208,105.1995849609375,37.47624969482422,254836.555776,0,2730,4266,2,0.33068673189571834,on perennial
5060436,5060435,53208,101.1995849609375,26.36541748046875,252553.773056,0,4076,3781,2,0.44304010149633843,on perennial
5134125,5137725,53208,105.2995834350586,37.492916107177734,255071.993856,0,2728,4278,0,0.9620499530044443,near water
5060435,5062236,53208,101.2629165649414,26.361249923706055,252644.22912,0,4077,3789,2,0.08315557018790516,on perennial
5137725,5139525,53208,105.54291534423828,37.493751525878906,255138.28352,0,2728,4308,2,0.4730859759202996,on perennial
5062236,5064036,53208,101.31458282470703,26.374584197998047,252768.059392,0,4075,3795,2,0.3297959244895404,on perennial
5139525,5141324,53208,105.57958221435547,37.49958419799805,270263.353344,0,2727,4312,2,0.20700911739009614,on perennial
5064036,5065836,53208,101.39958190917969,26.395416259765625,252896.083968,0,4073,3806,2,0.4492709660774902,on perennial
5141324,5143124,53208,105.7245864868164,37.542083740234375,274836.652032,0,2722,4330,2,0.3507487259590536,on perennial
5065836,5067636,53208,101.43624877929688,26.39958381652832,253994.958848,0,4072,3810,2,0.257509161330602,on perennial
5143124,5144924,53208,105.7995834350586,37.56541442871094,274948.194304,0,2719,4339,1,0.18307545016245388,on intermittent
5067636,5065835,53208,101.45957946777344,26.421249389648438,254127.079424,0,4070,3813,0,0.717829153880757,near water
5144924,5144923,53208,105.88458251953125,37.618751525878906,275046.006784,0,2712,4349,1,0.3632332540558396,on intermittent
5065835,5065834,53208,101.4437484741211,26.513750076293945,254347.984896,0,4058,3811,2,0.4183683923173533,on perennial
5144923,5146723,53208,105.89958190917969,37.65041732788086,276836.614144,0,2709,4351,2,0.4224769707312814,on perennial
5065834,5067634,53208,101.49958038330078,26.59375,255754.387456,0,4049,3818,0,0.568966632181852,near water
5146723,5146722,53208,105.92791748046875,37.6995849609375,277155.0208,0,2703,4354,2,0.48159417301772367,on perennial
5067634,5069434,53208,101.65374755859375,26.585416793823242,256262.766592,0,4050,3836,0,1.1047386992331762,near water
5146722,5146721,53208,105.9262466430664,37.82291793823242,277406.35136,0,2688,4354,2,0.3671185703652965,on perennial
5069434,5071234,53208,101.6995849609375,26.56708335876465,257061.306368,0,4052,3842,0,0.7174353049271628,near water
5146721,5148520,53208,105.99458312988281,37.89958190917969,278010.200064,0,2678,4362,2,0.4659071599681453,on perennial
5071234,5073033,53208,101.8012466430664,26.60708236694336,257184.23552,0,4047,3854,2,0.19857901504251466,on perennial
5148520,5150319,53208,106.16958618164062,38.01541519165039,278085.206016,0,2664,4384,1,0.35253058469492216,on intermittent
5073033,5073034,53208,101.83958435058594,26.58041763305664,385252.786176,0,4050,3859,2,0.35300275502676726,on perennial
5150319,5152117,53208,106.21541595458984,38.12458419799805,284972.679168,0,2651,4389,1,0.1883850977693631,on intermittent
5073034,5073035,53208,101.8620834350586,26.500415802001953,385614.381056,0,4060,3862,0,0.47131856213772794,near water
5152117,5153917,53208,106.30958557128906,38.27124786376953,288086.75328,0,2633,4401,1,0.35939376461311784,on intermittent
5073035,5074835,53208,101.89958190917969,26.431249618530273,385832.747008,0,4068,3866,2,0.41423138249728814,on perennial
5153917,5155716,53208,106.33625030517578,38.311248779296875,288208.289792,0,2628,4404,1,0.41037623448951394,on intermittent
5074835,5074836,53208,101.93291473388672,26.396249771118164,385914.175488,0,4073,3870,2,0.3188817529276053,on perennial
5155716,5155715,53208,106.48124694824219,38.40458297729492,288331.235328,0,2617,4421,2,0.35673036568650934,on perennial
5074836,5074837,53208,101.92208099365234,26.298749923706055,385996.750848,0,4085,3869,2,0.47646552990413776,on perennial
5155715,5157515,53208,106.52958679199219,38.460418701171875,289635.20512,0,2610,4427,2,0.4047332806394537,on perennial
5074837,5074838,53208,101.90958404541016,26.203750610351562,386093.023232,0,4096,3867,2,0.2706282384622262,on perennial
5157515,5157514,53208,106.54541778564453,38.51791763305664,290343.550976,0,2603,4429,2,0.39847050175433024,on perennial
5074838,5073038,53208,101.85624694824219,26.175416946411133,386180.087808,0,4099,3861,2,0.42740757451115413,on perennial
5157514,5157513,53208,106.54624938964844,38.62041473388672,290479.3088,0,2591,4429,2,0.25178708129602767,on perennial
5073038,5073039,53208,101.83875274658203,26.074583053588867,386275.835904,0,4112,3859,2,0.36824631955284565,on perennial
5157513,5157512,53208,106.5995864868164,38.68791580200195,290844.213248,0,2583,4436,1,0.23975839545612462,on intermittent
5073039,5073040,53208,101.87041473388672,25.967082977294922,386373.582848,0,4125,3863,2,0.44086832758068767,on perennial
5157512,5159312,53208,106.60375213623047,38.75791549682617,291213.541376,0,2574,4436,1,0.35592707987904454,on intermittent
5073040,5074840,53208,101.89958190917969,25.98208236694336,395688.18176,0,4123,3866,2,0.14311345240020426,on perennial
5159312,5161111,53208,106.70708465576172,38.84541702270508,292004.560896,0,2564,4449,1,0.3039489868818845,on intermittent
5074840,5076640,53208,101.99958038330078,25.984582901000977,395820.89216,0,4123,3878,2,0.43132714756150287,on perennial
5161111,5162910,53208,106.77458190917969,38.92625045776367,293069.553664,0,2554,4457,2,0.09897840693039331,on perennial
5076640,5076639,53208,102.09791564941406,26.019582748413086,397694.926848,0,4118,3890,2,0.3362038579789915,on perennial
5162910,5162909,53208,106.83875274658203,38.99958419799805,293561.46688,0,2545,4465,1,0.1402608977756029,on intermittent
5076639,5078439,53208,102.0995864868164,26.055416107177734,397862.109184,0,4114,3890,2,0.2958709665194354,on perennial
5162909,5162908,53208,106.83625030517578,39.155418395996094,302831.2064,0,2526,4465,1,0.37121426837756427,on intermittent
5078439,5078438,53208,102.13541412353516,26.110416412353516,398180.646912,0,4107,3895,2,0.3886944267588347,on perennial
5162908,5161107,53208,106.79374694824219,39.235416412353516,303242.346496,0,2516,4459,2,0.45725232916099356,on perennial
5078438,5080238,53208,102.1995849609375,26.16291618347168,400612.687872,0,4101,3902,2,0.39653845972886187,on perennial
5161107,5162906,53208,106.79875183105469,39.28874969482422,311031.922688,0,2510,4460,2,0.05260519070531854,on perennial
5080238,5080237,53208,102.242919921875,26.199583053588867,400891.183104,0,4097,3908,0,0.7466285619356549,near water
5162906,5161106,53208,106.79458618164062,39.34791564941406,311738.630144,0,2503,4459,2,0.37614408960002554,on perennial
5080237,5082038,53208,102.32708740234375,26.24041748046875,401022.025728,0,4092,3918,2,0.39753894873473616,on perennial
5161106,5161105,53208,106.74124908447266,39.42208480834961,312377.966592,0,2494,4453,2,0.1904296815738906,on perennial
5082038,5082037,53208,102.3620834350586,26.262916564941406,401154.179072,0,4089,3922,2,0.20439103760692653,on perennial
5161105,5161104,53208,106.74708557128906,39.49958419799805,312650.268672,0,2484,4454,0,0.6115244509789124,near water
5082037,5083836,53208,102.40458679199219,26.30291748046875,401372.839936,0,4084,3927,2,0.27035917484845656,on perennial
5161104,5162903,53208,106.7820816040039,39.59958267211914,312868.732928,0,2472,4458,2,0.2591124041566419,on perennial
5083836,5083837,53208,102.49958038330078,26.327917098999023,401481.203712,0,4081,3939,2,0.13304821128904432,on perennial
5162903,5161103,53208,106.76541900634766,39.659584045410156,313078.74304,0,2465,4456,2,0.060606860482510794,on perennial
5083837,5085636,53208,102.569580078125,26.367082595825195,401777.13152,0,4076,3947,2,0.3351891508824863,on perennial
5161103,5161102,53208,106.76041412353516,39.6995849609375,313387.024384,0,2460,4455,2,0.2603183539598201,on perennial
5085636,5087436,53208,102.6120834350586,26.3487491607666,403243.401216,0,4078,3952,2,0.5640218621742257,on perennial
5161102,5159302,53208,106.75458526611328,39.799583435058594,314109.558784,0,2448,4455,0,0.4249923769420375,near water
5087436,5087437,53208,102.60124969482422,26.257083892822266,403363.135488,0,4090,3951,2,0.43459863342060906,on perennial
5159302,5161101,53208,106.75125122070312,39.84208297729492,314328.481792,0,2443,4454,2,0.1749981755905504,on perennial
5087437,5089237,53208,102.6995849609375,26.217082977294922,403728.433152,0,4094,3963,2,0.3728448367070191,on perennial
5161101,5159300,53208,106.71708679199219,39.89958190917969,314523.582464,0,2436,4450,2,0.08792368460059248,on perennial
5089237,5091036,53208,102.80291748046875,26.307083129882812,403992.313856,0,4083,3976,2,0.55155340576179,on perennial
5159300,5161100,53208,106.73291778564453,39.92958450317383,314720.518144,0,2432,4452,2,0.2553040919207683,on perennial
5091036,5092836,53208,102.89958190917969,26.34375,415943.917568,0,4079,3987,1,0.2729395787123467,on intermittent
5161100,5161099,53208,106.7245864868164,40.04708480834961,314993.37728,0,2418,4451,2,0.04055050926239102,on perennial
5092836,5092835,53208,102.9870834350586,26.410415649414062,416159.137792,0,4071,3998,1,0.06287624228840517,on intermittent
5161099,5164699,53208,106.7995834350586,40.09208297729492,315219.31264,0,2413,4460,2,0.38648263657398213,on perennial
5092835,5094634,53208,103.03458404541016,26.49708366394043,417173.471232,0,4060,4004,1,0.49159470040661996,on intermittent
5164699,5162898,53208,106.8445816040039,40.15625,315406.352384,0,2405,4466,2,0.38824350920965095,on perennial
5094634,5094633,53208,103.02124786376953,26.59958267211914,420291.182592,0,4048,4002,1,0.06994118205723147,on intermittent
5162898,5164698,53208,106.9004135131836,40.17208480834961,315753.234432,0,2403,4472,1,0.22180967900120863,on intermittent
5094633,5094632,53208,103.00875091552734,26.703750610351562,420459.15136,0,4035,4001,1,0.51998300889306,on intermittent
5164698,5164697,53208,106.93791961669922,40.202083587646484,315891.908608,0,2399,4477,1,0.2584643794342921,on intermittent
5094632,5092832,53208,102.99041748046875,26.778749465942383,420584.751104,0,4026,3998,1,0.40258624933242887,on intermittent
5164697,5166497,53208,106.99958038330078,40.24458312988281,316097.363968,0,2394,4484,2,0.22623652966716534,on perennial
5092832,5092831,53208,102.96708679199219,26.82958221435547,423210.614784,0,4020,3996,1,0.42569576292420747,on intermittent
5166497,5166496,53208,107.02874755859375,40.299583435058594,316229.71392,0,2387,4488,2,0.41076391619742875,on perennial
5092831,5091030,53208,102.9120864868164,26.89958381652832,423421.05088,0,4012,3989,1,0.3271884355840118,on intermittent
5166496,5166495,53208,107.08208465576172,40.46041488647461,316280.111104,0,2368,4494,2,0.21658203216453345,on perennial
5091030,5091029,53208,102.87541961669922,27.039583206176758,427318.4768,0,3995,3984,2,0.42566376100790176,on perennial
5166495,5168294,53208,107.0995864868164,40.4970817565918,316387.459072,0,2363,4496,2,0.5364645601056454,on perennial
5091029,5092828,53208,102.89958190917969,27.097915649414062,427500.50304,0,3988,3987,1,0.4314125269695105,on intermittent
5168294,5170093,53208,107.1554183959961,40.59958267211914,316441.526272,0,2351,4503,2,0.1435826344573695,on perennial
5092828,5092827,53208,102.90125274658203,27.199583053588867,427788.402688,0,3975,3988,1,0.47597157494815484,on intermittent
5170093,5171892,53208,107.2995834350586,40.68375015258789,316482.945024,0,2341,4521,2,0.2665737970964883,on perennial
5092827,5091027,53208,102.882080078125,27.269582748413086,427874.353152,0,3967,3985,2,0.2338280377885672,on perennial
5171892,5173692,53208,107.39958190917969,40.7287483215332,316513.4848,0,2335,4533,2,0.40472942635107945,on perennial
5091027,5092826,53208,102.89958190917969,27.32208251953125,428065.062912,0,3960,3987,2,0.4993437461797871,on perennial
5173692,5175492,53208,107.51958465576172,40.78291702270508,316544.024576,0,2329,4547,2,0.2696102418958423,on perennial
5092826,5092825,53208,102.93791961669922,27.404582977294922,428380.81536,0,3950,3992,2,0.42214141424000895,on perennial
5175492,5177291,53208,107.60292053222656,40.821250915527344,316587.2128,0,2324,4557,2,0.3487424286129501,on perennial
5092825,5094626,53208,102.95874786376953,27.40041732788086,431654.66624,0,3951,3994,2,0.40830695027997677,on perennial
5177291,5182691,53208,107.76958465576172,40.88874816894531,316630.368256,0,2316,4578,1,0.2559644149404065,on intermittent
5094626,5094625,53208,103.06375122070312,27.41374969482422,431803.072512,0,3949,4007,1,0.3694840182636526,on intermittent
5182691,5184490,53208,107.97374725341797,40.903751373291016,316679.45472,0,2314,4602,1,0.31850811465937157,on intermittent
5094625,5096425,53208,103.10292053222656,27.402084350585938,431994.863616,0,3951,4012,1,0.21880318689882067,on intermittent
5184490,5186291,53208,108.16458129882812,40.89125061035156,316728.967168,0,2316,4626,1,0.430487138023651,on intermittent
5096425,5098224,53208,103.17791748046875,27.506250381469727,444723.429376,0,3938,4021,2,0.13601654699079696,on perennial
5186291,5188091,53208,108.21041870117188,40.86708450317383,320047.087616,0,2319,4631,2,0.33224303793344884,on perennial
5098224,5098223,53208,103.29708099365234,27.59958267211914,445551.181824,0,3927,4036,0,0.4450354485126677,near water
5188091,5189891,53208,108.31541442871094,40.811248779296875,320208.601088,0,2325,4644,1,0.402073831738142,on intermittent
5098223,5100023,53208,103.31041717529297,27.65708351135254,445752.1152,0,3920,4037,1,0.16909766645578034,on intermittent
5189891,5191692,53208,108.44208526611328,40.780418395996094,321580.466176,0,2329,4659,1,0.16847916331296903,on intermittent
5100023,5100022,53208,103.37208557128906,27.71291732788086,445856.350208,0,3913,4045,2,0.333233654281895,on perennial
5191692,5193492,53208,108.49958038330078,40.73291778564453,321785.397248,0,2335,4666,1,0.11937920249477901,on intermittent
5100022,5101822,53208,103.43875122070312,27.757083892822266,445960.84736,0,3908,4053,2,0.356351282363971,on perennial
5193492,5195293,53208,108.58125305175781,40.69874954223633,321831.40352,0,2339,4676,2,0.04312211213471995,on perennial
5101822,5103621,53208,103.4879150390625,27.801250457763672,446129.143808,0,3902,4059,1,0.453289247702918,on intermittent
5195293,5197093,53208,108.74874877929688,40.612083435058594,322118.549504,0,2350,4696,1,0.46807685922046904,on intermittent
5103621,5103620,53208,103.50041961669922,27.87125015258789,446348.853248,0,3894,4060,2,0.1602000121724144,on perennial
5197093,5197094,53208,108.76958465576172,40.60041809082031,351990.218752,0,2351,4699,1,0.11371013370987312,on intermittent
5103620,5101819,53208,103.4937515258789,28.001249313354492,446704.648192,0,3878,4059,2,0.30890720209618455,on perennial
5197094,5198894,53208,108.7995834350586,40.556251525878906,353144.832,0,2356,4702,1,0.4437682895360716,on intermittent
5101819,5101818,53208,103.45625305175781,28.10124969482422,450056.912896,0,3866,4055,1,0.15970096172234002,on intermittent
5198894,5200694,53208,108.89958190917969,40.55125045776367,353229.406208,0,2357,4715,1,0.2867910593842043,on intermittent
5101818,5103618,53208,103.49958038330078,28.146249771118164,450850.684928,0,3861,4060,2,0.4055222152035713,on perennial
5200694,5202494,53208,109.007080078125,40.542083740234375,353611.251712,0,2358,4728,1,0.2593266576142559,on intermittent
5103618,5103617,53208,103.56458282470703,28.227916717529297,450915.958784,0,3851,4068,1,0.3149370989469533,on intermittent
5202494,5204294,53208,109.12791442871094,40.534584045410156,354940.321792,0,2359,4742,0,0.8921494402085727,near water
5103617,5105417,53208,103.5995864868164,28.241249084472656,451033.563136,0,3849,4072,2,0.14914256153537303,on perennial
5204294,5206094,53208,109.1995849609375,40.514583587646484,355206.561792,0,2361,4751,1,0.3390776679735446,on intermittent
5105417,5107218,53208,103.7004165649414,28.203750610351562,451472.162816,0,3854,4084,0,0.6307195524962579,near water
5206094,5207895,53208,109.29458618164062,40.50041580200195,356353.605632,0,2363,4762,1,0.3440861081193745,on intermittent
5107218,5107217,53208,103.7387466430664,28.239582061767578,451590.71744,0,3849,4089,1,0.23006343160526996,on intermittent
5207895,5209695,53208,109.39958190917969,40.457916259765625,356420.255744,0,2368,4775,1,0.2613293981083312,on intermittent
5107217,5109017,53208,103.7995834350586,28.265417098999023,451707.86304,0,3846,4096,2,0.3550587884068033,on perennial
5209695,5209694,53208,109.42874908447266,40.51958465576172,357531.090944,0,2361,4779,1,0.2824456524245975,on intermittent
5109017,5109016,53208,103.86624908447266,28.303749084472656,452201.775104,0,3841,4104,2,0.5905563938266437,on perennial
5209694,5211494,53208,109.52708435058594,40.520416259765625,357707.350016,0,2361,4791,1,0.3898426212213899,on intermittent
5109016,5109015,53208,103.85375213623047,28.403749465942383,452513.562624,0,3829,4103,2,0.31997097963442384,on perennial
5211494,5213294,53208,109.5995864868164,40.55125045776367,358642.97472,0,2357,4799,1,0.321200227718198,on intermittent
5109015,5107214,53208,103.79125213623047,28.512083053588867,452764.4672,0,3816,4095,1,0.3854677640641891,on intermittent
5213294,5215094,53208,109.65291595458984,40.50041580200195,359678.44352,0,2363,4806,1,0.09906047452278484,on intermittent
5107214,5109014,53208,103.7995834350586,28.536251068115234,452923.752448,0,3813,4096,2,0.42873647536200366,on perennial
5215094,5215095,53208,109.70291900634766,40.50041580200195,361002.467328,0,2363,4812,1,0.08075985852750264,on intermittent
5109014,5109013,53208,103.8445816040039,28.666250228881836,453039.161344,0,3798,4102,0,0.8246656195031051,near water
5215095,5216895,53208,109.76041412353516,40.501251220703125,361064.398848,0,2363,4819,1,0.04141845393763103,on intermittent
5109013,5110813,53208,103.93875122070312,28.609582901000977,454608.945152,0,3804,4113,2,0.4333692596156163,on perennial
5216895,5216894,53208,109.83041381835938,40.51124954223633,363945.82016,0,2362,4827,1,0.3646254845201536,on intermittent
5110813,5112613,53208,103.99958038330078,28.618749618530273,455124.942848,0,3803,4121,2,0.3797020113029194,on perennial
5216894,5218694,53208,109.89958190917969,40.528751373291016,364286.869504,0,2360,4836,1,0.34540728940238435,on intermittent
5112613,5114413,53208,104.11042022705078,28.626249313354492,455247.069184,0,3802,4134,2,0.3561218621463977,on perennial
5218694,5220494,53208,110.01791381835938,40.526248931884766,364606.717952,0,2360,4850,0,0.807297599662149,near water
5114413,5116213,53208,104.22291564941406,28.639583587646484,455503.577088,0,3801,4148,2,0.30646332565848083,on perennial
5220494,5222294,53208,110.16958618164062,40.5404167175293,364967.657472,0,2358,4869,1,0.3871923377370065,on intermittent
5116213,5118013,53208,104.2995834350586,28.63541603088379,455636.156416,0,3801,4157,2,0.24646737966501603,on perennial
5222294,5224094,53208,110.1995849609375,40.54875183105469,365112.786944,0,2357,4872,2,0.24207344735961386,on perennial
5118013,5119813,53208,104.4120864868164,28.638750076293945,455702.77376,0,3801,4171,2,0.2995144355098459,on perennial
5224094,5224095,53208,110.23958587646484,40.473751068115234,365192.052736,0,2366,4877,1,0.2923130295246744,on intermittent
5119813,5121613,53208,104.49958038330078,28.680416107177734,470574.956544,0,3796,4181,1,0.27504858413601047,on intermittent
5224095,5225895,53208,110.31375122070312,40.44291687011719,369143.021568,0,2370,4886,1,0.052049580300693114,on intermittent
5121613,5121612,53208,104.5687484741211,28.70458221435547,470627.680256,0,3793,4190,2,0.3000611839614084,on perennial
5225895,5227696,53208,110.4004135131836,40.424583435058594,369241.489408,0,2372,4897,0,0.44351373522796855,near water
5121612,5123412,53208,104.5995864868164,28.74625015258789,470756.818944,0,3788,4193,2,0.3484382865147436,on perennial
5227696,5229496,53208,110.47875213623047,40.373748779296875,369798.709248,0,2378,4906,1,0.40336170280887973,on intermittent
5123412,5127011,53208,104.76958465576172,28.791250228881836,610580.692992,0,3782,4214,2,0.34748141641777286,on perennial
5229496,5229497,53208,110.62541961669922,40.32041549682617,370361.663488,0,2385,4924,1,0.16920485507305957,on intermittent
5127011,5128812,53208,104.87791442871094,28.800416946411133,611544.59648,0,3781,4227,2,0.2655942690789951,on perennial
5229497,5231296,53208,110.66625213623047,40.3095817565918,370688.0,0,2386,4929,2,0.2686276708507016,on perennial
5128812,5128811,53208,104.95541381835938,28.807083129882812,611643.55584,0,3780,4237,2,0.5716065374693614,on perennial
5231296,5233096,53208,110.6995849609375,40.32291793823242,370838.07744,0,2385,4933,1,0.3963610393979293,on intermittent
5128811,5130611,53208,105.02542114257812,28.823749542236328,611805.954048,0,3778,4245,2,0.40315812697091286,on perennial
5233096,5233097,53208,110.76875305175781,40.26958465576172,371429.572608,0,2391,4941,1,0.13145266962755464,on intermittent
5130611,5130612,53208,105.00875091552734,28.758750915527344,611916.054528,0,3786,4243,2,0.2920358776684347,on perennial
5233097,5234897,53208,110.7995834350586,40.26041793823242,371665.764352,0,2392,4945,2,0.17538899975118286,on perennial
5130612,5132412,53208,105.13957977294922,28.709583282470703,614025.46176,0,3792,4259,2,0.2844168353283118,on perennial
5234897,5236697,53208,110.96041870117188,40.27708435058594,371769.50784,0,2390,4964,1,0.31411552534108284,on intermittent
5132412,5134212,53208,105.1995849609375,28.76041603088379,614227.902464,0,3786,4266,2,0.14186871120888309,on perennial
5236697,5238497,53208,110.99958038330078,40.26708221435547,371925.843968,0,2391,4969,2,0.3534614472708793,on perennial
5134212,5136012,53208,105.32041931152344,28.762083053588867,614462.455808,0,3786,4281,2,0.20625256939032757,on perennial
5238497,5240297,53208,111.0995864868164,40.258750915527344,372070.383616,0,2392,4981,2,0.39482818523581886,on perennial
5136012,5136011,53208,105.36624908447266,28.799583435058594,617829.695488,0,3781,4286,2,0.4239831832650605,on perennial
5240297,5242098,53208,111.1987533569336,40.200416564941406,389947.686912,0,2399,4993,2,0.4591728222969646,on perennial
5136011,5137811,53208,105.39958190917969,28.862916946411133,618016.800768,0,3774,4290,1,0.40349643856310585,on intermittent
5242098,5243898,53208,111.3245849609375,40.132083892822266,390531.448832,0,2408,5009,1,0.4051566321879595,on intermittent
5137811,5137810,53208,105.45458221435547,28.90541648864746,618052.190208,0,3769,4297,2,0.4220771483240424,on perennial
5243898,5243899,53208,111.35708618164062,40.10041809082031,390635.421696,0,2412,5012,2,0.5183970573007801,on perennial
5137810,5139611,53208,105.49458312988281,28.874584197998047,645926.289408,0,3772,4302,2,0.2741838514985041,on perennial
5243899,5245699,53208,111.4120864868164,40.02708435058594,390844.710912,0,2420,5019,2,0.43393976208621016,on perennial
5139611,5139610,53208,105.56041717529297,28.89958381652832,646546.456576,0,3769,4310,2,0.2556163754629864,on perennial
5245699,5245700,53208,111.42041778564453,39.95458221435547,391027.58912,0,2429,5020,2,0.2524643676918208,on perennial
5139610,5141410,53208,105.60292053222656,28.946250915527344,646639.845376,0,3764,4315,2,0.37541134303595974,on perennial
5245700,5245701,53208,111.43291473388672,39.89125061035156,396731.449344,0,2437,5022,0,0.47772151380234656,near water
5141410,5141411,53208,105.65875244140625,28.874584197998047,646731.988992,0,3772,4322,2,0.31325702785575354,on perennial
5245701,5243901,53208,111.4004135131836,39.8245849609375,396860.686336,0,2445,5018,1,0.18891073312775852,on intermittent
5141411,5143210,53208,105.6995849609375,28.87291717529297,646823.936,0,3772,4327,2,0.49335711548290617,on perennial
5243901,5243902,53208,111.3687515258789,39.778751373291016,397147.144192,0,2451,5014,2,0.41008570668591715,on perennial
5143210,5143211,53208,105.78624725341797,28.87041664123535,646903.955456,0,3773,4337,2,0.2700501693462374,on perennial
5243902,5245703,53208,111.4004135131836,39.68791580200195,397532.626944,0,2462,5018,2,0.4368367923585188,on perennial
5143211,5145011,53208,105.84625244140625,28.806249618530273,646979.518464,0,3781,4345,0,0.5693659739223926,near water
5245703,5245704,53208,111.43208312988281,39.58708190917969,398635.204608,0,2474,5022,0,0.44587436471251096,near water
5145011,5146811,53208,105.90458679199219,28.846250534057617,665719.27552,0,3776,4352,0,0.5295133167688385,near water
5245704,5243905,53208,111.41041564941406,39.49958419799805,398741.66784,0,2484,5019,2,0.368037330683747,on perennial
5146811,5145010,53208,105.87208557128906,28.93958282470703,665880.1664,0,3764,4348,2,0.47062249749228285,on perennial
5243905,5242105,53208,111.26541900634766,39.42375183105469,401259.364352,0,2494,5001,2,0.45755606978888963,on perennial
5145010,5145009,53208,105.85458374023438,28.999584197998047,666040.664064,0,3757,4346,2,0.4097111906268899,on perennial
5242105,5240305,53208,111.2004165649414,39.42124938964844,401381.425152,0,2494,4993,2,0.3605224381706605,on perennial
5145009,5146809,53208,105.89958190917969,29.055416107177734,666527.399936,0,3750,4351,2,0.33024538385879143,on perennial
5240305,5240306,53208,111.132080078125,39.3970832824707,401468.94848,0,2497,4985,2,0.21854184076627675,on perennial
5146809,5148609,53208,105.99958038330078,29.063749313354492,668517.793792,0,3749,4363,2,0.32702907637313666,on perennial
5240306,5242106,53208,111.21208190917969,39.3004150390625,401556.11136,0,2509,4995,0,0.5005987466695558,near water
5148609,5150409,53208,106.10708618164062,29.067916870117188,668619.046912,0,3749,4376,2,0.17135342986446195,on perennial
5242106,5242107,53208,111.2370834350586,39.29458236694336,401735.221248,0,2509,4998,2,0.23186251038996164,on perennial
5150409,5150408,53208,106.1362533569336,29.113750457763672,668945.874944,0,3743,4380,2,0.3841064530691756,on perennial
5242107,5240307,53208,111.1987533569336,39.22458267211914,401832.3456,0,2518,4993,2,0.319742280997467,on perennial
5150408,5150407,53208,106.15374755859375,29.199583053588867,669065.87136,0,3733,4382,2,0.21108844500093693,on perennial
5240307,5240308,53208,111.16791534423828,39.16875076293945,405096.8576,0,2524,4990,2,0.5590861892111867,on perennial
5150407,5152207,53208,106.20625305175781,29.214582443237305,670300.110848,0,3731,4388,2,0.1250004546178248,on perennial
5240308,5240309,53208,111.14125061035156,39.08625030517578,407657.807872,0,2534,4986,2,0.5115732561684281,on perennial
5152207,5154007,53208,106.30458068847656,29.258750915527344,670418.796544,0,3726,4400,2,0.2678630664436628,on perennial
5240309,5238509,53208,111.10041809082031,39.039581298828125,407856.480256,0,2540,4981,2,0.2996119560225648,on perennial
5154007,5154006,53208,106.3862533569336,29.305416107177734,677539.938304,0,3720,4410,2,0.06246856499069986,on perennial
5238509,5236710,53208,110.9887466430664,38.99458312988281,409204.064256,0,2546,4968,0,0.6927751285842176,near water
5154006,5155806,53208,106.4054183959961,29.345417022705078,677784.059904,0,3715,4412,2,0.29237244181603705,on perennial
5236710,5238510,53208,110.99958038330078,38.938751220703125,412205.54752,0,2552,4969,2,0.3626561401583915,on perennial
5155806,5157606,53208,106.47958374023438,29.39958381652832,677997.248512,0,3709,4421,2,0.39246675009643445,on perennial
5238510,5236711,53208,111.00958251953125,38.88541793823242,412260.237312,0,2559,4970,2,0.2935980353645457,on perennial
5157606,5155805,53208,106.52958679199219,29.39958381652832,678386.270208,0,3709,4427,2,0.42102352927302134,on perennial
5236711,5236712,53208,110.96458435058594,38.783748626708984,412975.890432,0,2571,4965,2,0.1676890710684084,on perennial
5155805,5157605,53208,106.52124786376953,29.48208236694336,678463.143936,0,3699,4426,2,0.4154487250045093,on perennial
5236712,5236713,53208,110.90791320800781,38.700416564941406,413410.983936,0,2581,4958,1,0.2468374275054262,on intermittent
5157605,5157604,53208,106.54708099365234,29.499584197998047,678758.711296,0,3697,4429,2,0.5678553449127897,on perennial
5236713,5234913,53208,110.8870849609375,38.65208435058594,413500.768256,0,2587,4956,0,0.3834586586054444,near water
5157604,5159403,53208,106.59708404541016,29.617916107177734,837668.110336,0,3682,4436,2,0.42296705877464164,on perennial
5234913,5236714,53208,110.88957977294922,38.598751068115234,413592.7808,0,2594,4956,0,0.6931371568323191,near water
5159403,5159404,53208,106.64791870117188,29.59375,837880.643584,0,3685,4442,2,0.2791728372888602,on perennial
5236714,5234914,53208,110.9004135131836,38.51874923706055,415972.098048,0,2603,4957,2,0.279195869533714,on perennial
5159404,5161204,53208,106.6995849609375,29.57958221435547,838011.387904,0,3687,4448,2,0.1702430399453222,on perennial
5234914,5234915,53208,110.86708068847656,38.452083587646484,417684.127744,0,2611,4953,2,0.34372758116578384,on perennial
5161204,5161203,53208,106.74041748046875,29.59958267211914,838221.758464,0,3684,4453,2,0.3776142921139517,on perennial
5234915,5233115,53208,110.79374694824219,38.45291519165039,417772.732416,0,2611,4944,2,0.28341788997805306,on perennial
5161203,5163004,53208,106.79792022705078,29.59291648864746,842094.411776,0,3685,4460,2,0.22284822809875635,on perennial
5233115,5233116,53208,110.75125122070312,38.39291763305664,426497.47456,0,2619,4939,1,0.4229948942907673,on intermittent
5163004,5163003,53208,106.87541961669922,29.62708282470703,843013.750784,0,3681,4469,2,0.20661813286554628,on perennial
5233116,5233117,53208,110.69125366210938,38.34791564941406,426976.935936,0,2624,4932,2,0.16325378771969926,on perennial
5163003,5164802,53208,106.94041442871094,29.71125030517578,843217.108992,0,3671,4477,2,0.16041914684295416,on perennial
5233117,5231316,53208,110.66625213623047,38.31208419799805,427120.164864,0,2628,4929,2,0.36139276100371875,on perennial
5164802,5166601,53208,107.00291442871094,29.77541732788086,843343.003648,0,3663,4485,2,0.25017858356409145,on perennial
5231316,5229516,53208,110.60041809082031,38.31041717529297,427243.405312,0,2629,4921,2,0.4549295649322249,on perennial
5166601,5168402,53208,107.08625030517578,29.800416946411133,847105.490944,0,3660,4495,2,0.16483431467173343,on perennial
5229516,5229517,53208,110.56375122070312,38.242916107177734,427436.27776,0,2637,4916,2,0.3427928699309919,on perennial
5168402,5168403,53208,107.16791534423828,29.69208335876465,847194.488832,0,3673,4505,1,0.29297502019454436,on intermittent
5229517,5227718,53208,110.5120849609375,38.200416564941406,431099.609088,0,2642,4910,2,0.12259295385494827,on perennial
5168403,5170203,53208,107.20625305175781,29.682083129882812,848193.716224,0,3674,4509,2,0.4596577259526995,on perennial
5227718,5229518,53208,110.51041412353516,38.137916564941406,431277.899776,0,2649,4910,0,0.7409572609872546,near water
5170203,5170202,53208,107.2620849609375,29.706249237060547,848330.948608,0,3671,4516,2,0.44082552540121206,on perennial
5229518,5229519,53208,110.49458312988281,38.088748931884766,431498.330112,0,2655,4908,2,0.37838551294267764,on perennial
5170202,5172002,53208,107.2995834350586,29.736249923706055,848528.34304,0,3668,4521,0,0.5487572290834292,near water
5229519,5229520,53208,110.50208282470703,38.01541519165039,431644.83584,0,2664,4909,1,0.2960174156092464,on intermittent
5172002,5173802,53208,107.39958190917969,29.71958351135254,848683.859968,0,3670,4533,2,0.21918405398968194,on perennial
5229520,5231321,53208,110.60041809082031,37.903751373291016,433425.907712,0,2678,4921,1,0.23000597512882753,on intermittent
5173802,5173801,53208,107.47291564941406,29.811250686645508,933359.517696,0,3659,4542,1,0.3524199780612639,on intermittent
5231321,5233122,53208,110.66458129882812,37.8004150390625,433868.537856,0,2690,4929,0,0.5114894957571751,near water
5173801,5175601,53208,107.49958038330078,29.893749237060547,934464.782336,0,3649,4545,2,0.24831551770037003,on perennial
5233122,5233123,53208,110.6995849609375,37.71875,434499.25632,0,2700,4933,2,0.2839400271990988,on perennial
5175601,5177401,53208,107.5995864868164,29.83791732788086,934771.75296,0,3656,4557,1,0.44994963098237556,on intermittent
5233123,5234924,53208,110.76708221435547,37.60041809082031,437112.799232,0,2715,4941,1,0.367082892102474,on intermittent
5177401,5179201,53208,107.70874786376953,29.868749618530273,934894.829568,0,3652,4570,2,0.29215118062386214,on perennial
5234924,5233124,53208,110.78291320800781,37.55208206176758,437275.918336,0,2720,4943,1,0.4301937738449434,on intermittent
5179201,5179200,53208,107.742919921875,29.90541648864746,937738.89536,0,3647,4574,2,0.4376864997218484,on perennial
5233124,5233125,53208,110.75375366210938,37.50041580200195,437389.918208,0,2727,4939,1,0.35968816988390295,on intermittent
5179200,5181000,53208,107.7995834350586,29.943750381469727,937872.982016,0,3643,4581,2,0.3612515423062443,on perennial
5233125,5231325,53208,110.68791961669922,37.443748474121094,437469.83936,0,2734,4931,2,0.4614771475349572,on perennial
5181000,5180999,53208,107.83708190917969,29.999584197998047,938085.384192,0,3636,4586,2,0.16822593725168083,on perennial
5231325,5229525,53208,110.62541961669922,37.39624786376953,437705.998336,0,2739,4924,0,0.66075172693873,near water
5180999,5180998,53208,107.8687515258789,30.09958267211914,938294.247424,0,3624,4590,2,0.3353679453759913,on perennial
5229525,5231326,53208,110.66374969482422,37.35541534423828,442002.341888,0,2744,4928,2,0.4212383047691206,on perennial
5180998,5182798,53208,107.94208526611328,30.143749237060547,938449.829888,0,3618,4599,2,0.543447953684418,on perennial
5231326,5231327,53208,110.64875030517578,37.26958465576172,442488.58624,0,2755,4927,0,0.5296223256720025,near water
5182798,5182797,53208,107.944580078125,30.202917098999023,938582.147072,0,3611,4599,2,0.27524460068622225,on perennial
5231327,5229528,53208,110.57791900634766,37.178749084472656,443945.975808,0,2766,4918,0,0.8016803667554493,near water
5182797,5184597,53208,108.00291442871094,30.261249542236328,938772.922368,0,3604,4606,2,0.1931977757345191,on perennial
5229528,5229529,53208,110.5120849609375,37.10041809082031,444111.355904,0,2775,4910,2,0.1941339623400371,on perennial
5184597,5184596,53208,108.05208587646484,30.30958366394043,938960.15872,0,3598,4612,2,0.32601781321083756,on perennial
5229529,5227729,53208,110.43208312988281,37.04375076293945,444225.159168,0,2782,4900,2,0.27156321591244703,on perennial
5184596,5186397,53208,108.11125183105469,30.29458236694336,939898.63424,0,3600,4619,2,0.14821790806890303,on perennial
5227729,5225929,53208,110.4004135131836,37.0220832824707,480516.210688,0,2785,4897,1,0.4454357625577641,on intermittent
5186397,5186396,53208,108.08208465576172,30.3487491607666,940028.002304,0,3594,4616,2,0.539523233498005,on perennial
5225929,5227730,53208,110.41791534423828,36.946250915527344,480696.369152,0,2794,4899,0,0.4801229173571279,near water
5186396,5186395,53208,108.14707946777344,30.39958381652832,940837.568512,0,3587,4623,2,0.499498604511069,on perennial
5227730,5227731,53208,110.4054183959961,36.90041732788086,481157.906432,0,2799,4897,1,0.4225851084042898,on intermittent
5186395,5188195,53208,108.24708557128906,30.458749771118164,941022.117888,0,3580,4636,2,0.4535943145039189,on perennial
5227731,5225932,53208,110.41542053222656,36.8004150390625,481392.689152,0,2812,4898,1,0.46573091844860426,on intermittent
5188195,5188194,53208,108.26958465576172,30.511249542236328,941120.028672,0,3574,4638,2,0.2114230757970915,on perennial
5225932,5227732,53208,110.41458129882812,36.735416412353516,481474.31424,0,2819,4898,1,0.4477099528321146,on intermittent
5188194,5189994,53208,108.2995834350586,30.563749313354492,941353.467904,0,3568,4642,1,0.4421970290981201,on intermittent
5227732,5225933,53208,110.42958068847656,36.700416564941406,485628.411904,0,2824,4900,1,0.28551473925725324,on intermittent
5189994,5188193,53208,108.32041931152344,30.60041618347168,941398.294528,0,3563,4644,2,0.3249988959547342,on perennial
5225933,5227733,53208,110.40875244140625,36.6662483215332,485781.274624,0,2828,4898,1,0.37765746438937636,on intermittent
5188193,5189993,53208,108.34625244140625,30.641250610351562,941702.250496,0,3558,4648,2,0.39101118578109817,on perennial
5227733,5227734,53208,110.46541595458984,36.59791564941406,485896.552448,0,2836,4904,1,0.3125550580481641,on intermittent
5189993,5191792,53208,108.39125061035156,30.699583053588867,941812.219904,0,3551,4653,2,0.06142415502247732,on perennial
5227734,5227735,53208,110.49874877929688,36.50041580200195,487020.78976,0,2848,4908,1,0.32944539126114125,on intermittent
5191792,5189991,53208,108.39624786376953,30.791250228881836,942149.730304,0,3540,4654,2,0.3252744963398138,on perennial
5227735,5227736,53208,110.48124694824219,36.39958190917969,491431.002112,0,2860,4906,1,0.27521182470953753,on intermittent
5189991,5191791,53208,108.39958190917969,30.82208251953125,942402.7648,0,3536,4654,2,0.1993574775991625,on perennial
5227736,5227737,53208,110.46375274658203,36.29291534423828,499305.6768,0,2873,4904,1,0.1658578462033578,on intermittent
5191791,5191790,53208,108.49958038330078,30.861249923706055,942524.203008,0,3531,4666,2,0.4404332225126133,on perennial
5227737,5229538,53208,110.45541381835938,36.200416564941406,501577.383936,0,2884,4903,1,0.3062575601566697,on intermittent
5191790,5193590,53208,108.52958679199219,30.91291618347168,942635.286528,0,3525,4670,2,0.27186859936391716,on perennial
5229538,5227738,53208,110.45207977294922,36.1129150390625,501767.733248,0,2895,4903,0,0.5864504697920415,near water
5193590,5195390,53208,108.5995864868164,30.937915802001953,942792.507392,0,3522,4678,2,0.2476366945195425,on perennial
5227738,5227739,53208,110.48625183105469,36.034584045410156,504211.406848,0,2904,4907,1,0.3702031426467302,on intermittent
5195390,5197190,53208,108.6995849609375,30.91958236694336,948182.122496,0,3524,4690,2,0.4623543200287088,on perennial
5227739,5229540,53208,110.49124908447266,35.987083435058594,505044.1728,0,2910,4908,0,0.4189339511714264,near water
5197190,5198990,53208,108.81208038330078,30.951250076293945,948338.491392,0,3521,4704,2,0.4031131043291006,on perennial
5229540,5229541,53208,110.54541778564453,35.8629150390625,506741.915648,0,2925,4914,1,0.2031175630221209,on intermittent
5198990,5200790,53208,108.90791320800781,30.953750610351562,948432.338944,0,3520,4716,2,0.38678402369318826,on perennial
5229541,5229542,53208,110.56541442871094,35.8004150390625,506933.805056,0,2933,4917,0,0.4350532218250184,near water
5200790,5202590,53208,109.02124786376953,30.93958282470703,953294.323712,0,3522,4729,2,0.2749670891290646,on perennial
5229542,5229543,53208,110.5737533569336,35.700416564941406,507046.395904,0,2945,4918,0,0.4050432425583744,near water
5202590,5204390,53208,109.0995864868164,30.951250076293945,954714.488832,0,3521,4739,2,0.42140336157017866,on perennial
5229543,5231343,53208,110.59541320800781,35.6220817565918,507419.099136,0,2954,4920,1,0.3842580555044371,on intermittent
5204390,5206190,53208,109.20625305175781,30.971250534057617,954869.088256,0,3518,4752,2,0.21791397030509385,on perennial
5231343,5229544,53208,110.56708526611328,35.568748474121094,507670.986752,0,2961,4917,1,0.24186375149616757,on intermittent
5206190,5207990,53208,109.31375122070312,30.96291732788086,954970.734592,0,3519,4765,2,0.20494919962335562,on perennial
5229544,5227745,53208,110.50208282470703,35.47291564941406,507765.751808,0,2972,4909,1,0.4555445515144011,on intermittent
5207990,5209790,53208,109.39958190917969,30.986249923706055,955099.643904,0,3516,4775,2,0.3341826614983745,on perennial
5227745,5227746,53208,110.44125366210938,35.381248474121094,508139.27424,0,2984,4901,0,1.3394599632913604,near water
5209790,5209789,53208,109.45874786376953,31.006250381469727,955169.50528,0,3514,4782,2,0.31314332757412,on perennial
5227746,5225947,53208,110.38041687011719,35.25958251953125,549150.130176,0,2998,4894,0,0.877709938988816,near water
5209789,5211589,53208,109.53874969482422,31.03708267211914,955368.996864,0,3510,4792,2,0.15553844181224508,on perennial
5225947,5227748,53208,110.38041687011719,35.200416564941406,549444.583424,0,3006,4894,0,0.9364619809844382,near water
5211589,5213389,53208,109.5995864868164,31.03208351135254,957703.061504,0,3511,4799,2,0.41531393938060585,on perennial
5227748,5225948,53208,110.3687515258789,35.14374923706055,549592.989696,0,3012,4893,1,0.42154934882102263,on intermittent
5213389,5215189,53208,109.73041534423828,31.016250610351562,959437.799424,0,3513,4815,2,0.3792689660909916,on perennial
5225948,5225949,53208,110.35708618164062,35.10041809082031,549763.874816,0,3018,4891,1,0.393656532172306,on intermittent
5215189,5216989,53208,109.80458068847656,31.049583435058594,959560.74496,0,3509,4824,2,0.4036644938042385,on perennial
5225949,5224150,53208,110.3004150390625,35.01124954223633,549883.0848,0,3028,4884,1,0.5022877287945339,on intermittent
5216989,5218789,53208,109.89958190917969,31.06624984741211,963796.66432,0,3507,4836,2,0.3772742261530277,on perennial
5224150,5224151,53208,110.22624969482422,34.887916564941406,550756.941824,0,3043,4875,1,0.47119062266206946,on intermittent
5218789,5220589,53208,110.0062484741211,31.022083282470703,963902.898176,0,3512,4849,2,0.20395758358208965,on perennial
5224151,5224152,53208,110.2437515258789,34.770416259765625,550862.19264,0,3058,4878,0,0.5236127236034539,near water
5220589,5222389,53208,110.11541748046875,31.034584045410156,964669.997056,0,3510,4862,2,0.4219989306374881,on perennial
5224152,5224153,53208,110.24958038330078,34.655418395996094,554830.594048,0,3072,4878,1,0.43270389582147917,on intermittent
5222389,5224189,53208,110.21375274658203,31.02375030517578,965214.732288,0,3512,4874,2,0.22447937878280863,on perennial
5224153,5225953,53208,110.3062515258789,34.60874938964844,689457.72544,0,3077,4885,1,0.22345385167906295,on intermittent
5224189,5225989,53208,110.3245849609375,31.047916412353516,965612.601344,0,3509,4887,2,0.2954152429824481,on perennial
5225953,5227754,53208,110.38874816894531,34.59541702270508,689546.52672,0,3079,4895,1,0.1644022459283591,on intermittent
5225989,5227789,53208,110.39958190917969,31.042083740234375,966816.694272,0,3510,4896,2,0.5277679522945835,on perennial
5227754,5227753,53208,110.44708251953125,34.59958267211914,690023.432192,0,3078,4902,1,0.3379384917658413,on intermittent
5227789,5229589,53208,110.52124786376953,31.033750534057617,966951.56736,0,3511,4911,2,0.4238322126376079,on perennial
5227753,5229554,53208,110.5129165649414,34.58958435058594,690222.006272,0,3080,4910,0,0.5185551640377477,near water
5229589,5231390,53208,110.60375213623047,31.00208282470703,967088.078848,0,3514,4921,2,0.3888925911606502,on perennial
5229554,5231353,53208,110.6137466430664,34.61125183105469,690501.910528,0,3077,4922,1,0.2940621779735807,on intermittent
5231390,5231389,53208,110.67874908447266,30.999584197998047,967871.36512,0,3515,4930,2,0.3402406332298413,on perennial
5231353,5233153,53208,110.6995849609375,34.604583740234375,691083.214848,0,3078,4933,0,0.6402289171866995,near water
5231389,5233190,53208,110.71208190917969,30.972084045410156,968308.948992,0,3518,4934,2,0.2364666918254421,on perennial
5233153,5234953,53208,110.85874938964844,34.63291549682617,691200.131072,0,3074,4952,1,0.2793872651315627,on intermittent
5233190,5234990,53208,110.7995834350586,30.94124984741211,971801.690112,0,3522,4945,2,0.2217218730182862,on perennial
5234953,5236753,53208,110.89958190917969,34.67708206176758,691595.378688,0,3069,4957,1,0.05423069319428602,on intermittent
5234990,5234991,53208,110.84208679199219,30.889583587646484,971875.352576,0,3528,4950,2,0.05469700906883598,on perennial
5236753,5236752,53208,110.95458221435547,34.716251373291016,693703.999488,0,3064,4964,1,0.29429332193082697,on intermittent
5234991,5236791,53208,110.92124938964844,30.883750915527344,972528.943104,0,3529,4960,2,0.36219702533664877,on perennial
5236752,5238552,53208,111.02041625976562,34.735416412353516,694197.747712,0,3062,4972,1,0.27327244175428705,on intermittent
5236791,5238591,53208,111.00041961669922,30.82958221435547,972767.363072,0,3535,4969,2,0.34359405975268204,on perennial
5238552,5240352,53208,111.0995864868164,34.75458526611328,694342.12352,0,3060,4981,1,0.4593792751527805,on intermittent
5238591,5240391,53208,111.0995864868164,30.856250762939453,973390.872576,0,3532,4981,2,0.22221832633062868,on perennial
5240352,5240351,53208,111.1370849609375,34.80125045776367,695105.814528,0,3054,4986,1,0.17102412888787852,on intermittent
5240391,5240392,53208,111.14958190917969,30.784584045410156,973604.716544,0,3541,4987,2,0.33811196784020237,on perennial
5240351,5242151,53208,111.24458312988281,34.82041549682617,695513.776128,0,3052,4999,1,0.4109699128468614,on intermittent
5240392,5242192,53208,111.24458312988281,30.769582748413086,973805.32224,0,3543,4999,2,0.40381122356993604,on perennial
5242151,5243951,53208,111.2995834350586,34.81708526611328,695677.681664,0,3052,5006,1,0.3696902602660229,on intermittent
5242192,5243993,53208,111.29291534423828,30.68291664123535,976235.659264,0,3553,5005,2,0.2480496952332617,on perennial
5243951,5245751,53208,111.42958068847656,34.83541488647461,695878.418432,0,3050,5021,1,0.30327613599590686,on intermittent
5243993,5243994,53208,111.37791442871094,30.60041618347168,976826.073088,0,3563,5015,2,0.07890720025300438,on perennial
5245751,5247551,53208,111.5062484741211,34.84208297729492,696179.884032,0,3049,5031,1,0.33485668419310605,on intermittent
5243994,5245794,53208,111.39958190917969,30.549583435058594,976924.18048,0,3569,5018,2,0.3693919526511745,on perennial
5247551,5249351,53208,111.5995864868164,34.89291763305664,696313.577472,0,3043,5042,1,0.2206916395210116,on intermittent
5245794,5245795,53208,111.4437484741211,30.456249237060547,977019.404288,0,3581,5023,2,0.40317978191408627,on perennial
5249351,5249350,53208,111.617919921875,34.91875076293945,696527.355904,0,3040,5044,1,0.3278818583707443,on intermittent
5245795,5247596,53208,111.50791931152344,30.347084045410156,994059.091968,0,3594,5031,2,0.2670832962015801,on perennial
5249350,5251149,53208,111.71041870117188,35.00541687011719,697194.053632,0,3029,5055,1,0.26780828770567794,on intermittent
5247596,5247597,53208,111.51875305175781,30.2954158782959,994382.381056,0,3600,5032,2,0.0790081234742105,on perennial
5251149,5252949,53208,111.80874633789062,35.06791687011719,697348.063232,0,3022,5067,1,0.429087063952546,on intermittent
5247597,5249396,53208,111.6120834350586,30.298749923706055,994506.244096,0,3600,5043,2,0.44393624409801985,on perennial
5252949,5254749,53208,111.89958190917969,35.077083587646484,699017.986048,0,3020,5078,2,0.4576521701160284,on perennial
5249396,5252995,53208,111.76958465576172,30.417083740234375,999010.009088,0,3585,5062,2,0.47329932063471264,on perennial
5254749,5256549,53208,112.01541900634766,35.06541442871094,699181.826048,0,3022,5092,2,0.2386417376659647,on perennial
5252995,5254796,53208,111.89707946777344,30.40041732788086,999170.506752,0,3587,5078,2,0.3055918742643479,on perennial
5256549,5258349,53208,112.0995864868164,35.03125,699760.574464,0,3026,5102,2,0.3609642819688192,on perennial
5254796,5256597,53208,112.00125122070312,30.278749465942383,999366.787072,0,3602,5091,2,0.35486007259008095,on perennial
5258349,5258350,53208,112.16791534423828,35.00041580200195,700428.582912,0,3030,5111,2,0.28871685970180816,on perennial
5256597,5260196,53208,112.1187515258789,30.297082901000977,1006743.126016,0,3600,5105,2,0.2057538620696184,on perennial
5258350,5260150,53208,112.21875,34.95708465576172,700604.612608,0,3035,5117,2,0.057134765641570634,on perennial
5260196,5258398,53208,112.27708435058594,30.23041534423828,1007747.334144,0,3608,5124,2,0.060210407490405786,on perennial
5260150,5261950,53208,112.2995834350586,34.94291687011719,701093.117952,0,3037,5127,2,0.32950794267702643,on perennial
5258398,5260199,53208,112.1995849609375,30.112083435058594,1007894.921216,0,3622,5115,2,0.4062957935963313,on perennial
5261950,5263750,53208,112.39958190917969,34.91958236694336,701522.182144,0,3040,5139,0,0.75650074123145,near water
5260199,5261999,53208,112.36958312988281,30.056249618530273,1007996.76416,0,3629,5135,2,0.16961174492657544,on perennial
5263750,5265550,53208,112.5129165649414,34.911251068115234,701671.276544,0,3041,5153,2,0.5118830709321184,on perennial
5261999,5263800,53208,112.41542053222656,29.99791717529297,1008061.448192,0,3636,5141,2,0.21625882267835397,on perennial
5265550,5265551,53208,112.54291534423828,34.882083892822266,701869.2608,0,3044,5156,1,0.18549373691751267,on intermittent
5263800,5262001,53208,112.382080078125,29.845417022705078,1008122.789888,0,3655,5137,2,0.4277735632618213,on perennial
5265551,5267351,53208,112.60791778564453,34.852081298828125,702020.452352,0,3048,5164,1,0.25577346286432606,on intermittent
5262001,5262002,53208,112.38874816894531,29.800416946411133,1008922.329088,0,3660,5138,1,0.37752939484757025,on intermittent
5267351,5269151,53208,112.6995849609375,34.83791732788086,702136.844288,0,3049,5175,2,0.4408225057909034,on perennial
5262002,5263802,53208,112.39958190917969,29.742916107177734,1008972.92288,0,3667,5139,2,0.1269854139471721,on perennial
5269151,5270951,53208,112.80208587646484,34.8345832824707,702242.881536,0,3050,5188,1,0.3082070166558273,on intermittent
5263802,5265602,53208,112.51458740234375,29.78041648864746,1009020.829696,0,3662,5153,2,0.4727678012117555,on perennial
5270951,5272751,53208,112.89958190917969,34.8529167175293,702455.218176,0,3048,5199,1,0.47834530319787094,on intermittent
5265602,5267402,53208,112.60124969482422,29.758750915527344,1009102.0288,0,3665,5163,2,0.24898465898792269,on perennial
5272751,5274551,53208,113.05291748046875,34.838748931884766,702559.289344,0,3049,5218,2,0.32091665394259583,on perennial
5267402,5269202,53208,112.60208129882812,29.700416564941406,1009377.28,0,3672,5163,2,0.34957714508056775,on perennial
5274551,5276351,53208,113.12541961669922,34.82791519165039,721462.427648,0,3051,5227,0,0.6214668833578944,near water
5269202,5271002,53208,112.7995834350586,29.743749618530273,1009616.683008,0,3667,5187,2,0.27055471927850794,on perennial
5276351,5278150,53208,113.1995849609375,34.8629150390625,721890.312192,0,3046,5236,2,0.4095850575902934,on perennial
5271002,5272802,53208,112.89958190917969,29.785415649414062,1009801.035776,0,3662,5199,1,0.3759875877183466,on intermittent
5278150,5279950,53208,113.2995834350586,34.94791793823242,723211.649024,0,3036,5248,0,1.0249690655624955,near water
5272802,5272803,53208,112.930419921875,29.680416107177734,1009845.403648,0,3675,5203,2,0.39522030849705597,on perennial
5279950,5281750,53208,113.40374755859375,34.98958206176758,723273.711616,0,3031,5261,1,0.3359185556296788,on intermittent
5272803,5272805,53208,112.92208099365234,29.562915802001953,1010119.344128,0,3689,5202,2,0.20107783337545254,on perennial
5281750,5283550,53208,113.51458740234375,34.96708297729492,723346.325504,0,3034,5274,2,0.1899495715293357,on perennial
5272805,5274604,53208,113.00041961669922,29.50958251953125,1010166.071296,0,3695,5212,1,0.38530940530644125,on intermittent
5283550,5287150,53208,113.5995864868164,34.931251525878906,736990.855168,0,3038,5284,1,0.25682360335908977,on intermittent
5274604,5274605,53208,113.06375122070312,29.500415802001953,1010560.139264,0,3696,5219,2,0.47479741642872186,on perennial
5287150,5288951,53208,113.78458404541016,34.887916564941406,737092.173824,0,3043,5307,1,0.4134504174395429,on intermittent
5274605,5276405,53208,113.1379165649414,29.453750610351562,1010628.100096,0,3702,5228,2,0.2790627933069591,on perennial
5288951,5290750,53208,113.9695816040039,34.91374969482422,737154.82624,0,3040,5329,1,0.26067774755271444,on intermittent
5276405,5278204,53208,113.18875122070312,29.505416870117188,1266349.244416,0,3696,5235,2,0.43434759159780406,on perennial
5290750,5292550,53208,113.99958038330078,34.9495849609375,737240.481792,0,3036,5333,1,0.1816198426073652,on intermittent
5278204,5280003,53208,113.3187484741211,29.64958381652832,1266544.541696,0,3678,5250,2,0.37206786741422254,on perennial
5292550,5294350,53208,114.14291381835938,34.94124984741211,737312.702464,0,3037,5350,1,0.1364860536295504,on intermittent
5280003,5281802,53208,113.36708068847656,29.699583053588867,1266941.558784,0,3672,5256,2,0.2710548040940159,on perennial
5294350,5297950,53208,114.24958038330078,34.8970832824707,737389.248512,0,3042,5363,1,0.26282223846448827,on intermittent
5281802,5283601,53208,113.52041625976562,29.824583053588867,1267009.847296,0,3657,5275,2,0.26397201620207966,on perennial
5297950,5299750,53208,114.39958190917969,34.902915954589844,737525.76,0,3042,5381,0,0.7601742701362487,near water
5283601,5285400,53208,113.60124969482422,29.87291717529297,1273487.556608,0,3651,5284,2,0.46737231556723663,on perennial
5299750,5301551,53208,114.53125,34.90458297729492,737588.740096,0,3041,5397,1,0.3790159400998513,on intermittent
5285400,5287200,53208,113.70208740234375,29.937084197998047,1278601.723904,0,3643,5297,2,0.5004732555842538,on perennial
5301551,5303350,53208,114.66958618164062,34.91291809082031,737651.9168,0,3040,5414,1,0.32881280438465976,on intermittent
5287200,5289000,53208,113.84791564941406,29.964582443237305,1278749.835264,0,3640,5314,2,0.3480543173967786,on perennial
5303350,5305150,53208,114.72792053222656,34.889583587646484,737726.431232,0,3043,5421,1,0.17847357933468846,on intermittent
5289000,5290799,53208,113.87458038330078,29.999584197998047,1278892.310528,0,3636,5318,2,0.30361221327220855,on perennial
5305150,5306949,53208,114.83125305175781,35.00041580200195,737798.324224,0,3030,5434,0,0.49891851403346027,near water
5290799,5292599,53208,114.04792022705078,30.077083587646484,1278956.01152,0,3627,5339,2,0.5240168875461227,on perennial
5306949,5306948,53208,114.87541961669922,35.11958312988281,737870.282752,0,3015,5439,1,0.28566192172892596,on intermittent
5292599,5292598,53208,114.07291412353516,30.13458251953125,1279019.58144,0,3620,5342,2,0.4877723570464265,on perennial
5306948,5308747,53208,114.89958190917969,35.19541549682617,737944.141824,0,3006,5442,1,0.14271277135413973,on intermittent
5292598,5288998,53208,113.99708557128906,30.178749084472656,1279081.709568,0,3614,5332,2,0.4214505489946001,on perennial
5308747,5310546,53208,115.00791931152344,35.31458282470703,738083.012608,0,2992,5455,1,0.3011236287245806,on intermittent
5288998,5288997,53208,113.85874938964844,30.20541763305664,1279143.968768,0,3611,5316,2,0.23059863570618683,on perennial
5310546,5312345,53208,115.08374786376953,35.39958190917969,738144.74752,0,2981,5464,1,0.36896436323062926,on intermittent
5288997,5292597,53208,113.93458557128906,30.297916412353516,1282056.388608,0,3600,5325,2,0.23931386723018286,on perennial
5312345,5315944,53208,115.25791931152344,35.44041442871094,738200.190976,0,2976,5485,1,0.44854886404177124,on intermittent
5292597,5294396,53208,114.08958435058594,30.299583435058594,1282246.180864,0,3600,5344,2,0.4791015281141859,on perennial
5315944,5319542,53208,115.41291809082031,35.64624786376953,738256.355328,0,2951,5504,1,0.4370339042267069,on intermittent
5294396,5294395,53208,114.18291473388672,30.428749084472656,1284939.44832,0,3584,5355,2,0.09726852721481595,on perennial
5319542,5323141,53208,115.66958618164062,35.75791549682617,738311.733248,0,2938,5535,1,0.16569164775182169,on intermittent
5294395,5296195,53208,114.2129135131836,30.460416793823242,1286291.062784,0,3580,5359,2,0.2883880337503196,on perennial
5323141,5328538,53208,115.86958312988281,35.92124938964844,738398.69952,0,2918,5559,1,0.35659617218604434,on intermittent
5296195,5296194,53208,114.24541473388672,30.499584197998047,1287041.449984,0,3575,5363,2,0.43557625500463865,on perennial
5328538,5330338,53208,116.0995864868164,36.11458206176758,747703.042048,0,2895,5587,1,0.36602207715691865,on intermittent
5296194,5297993,53208,114.34208679199219,30.632915496826172,1441760.804864,0,3559,5374,2,0.27122972782302907,on perennial
5330338,5332138,53208,116.20791625976562,36.16875076293945,747757.371392,0,2888,5600,1,0.36255651092913843,on intermittent
5297993,5299793,53208,114.41708374023438,30.665416717529297,1456672.866304,0,3555,5383,2,0.3609280763436617,on perennial
5332138,5335736,53208,116.24541473388672,36.1995849609375,758735.83104,0,2884,5605,1,0.3658535298136163,on intermittent
5299793,5301593,53208,114.5370864868164,30.66791534423828,1459521.45408,0,3555,5398,2,0.10186319049931666,on perennial
5335736,5339334,53208,116.53375244140625,36.401248931884766,758787.735552,0,2860,5640,1,0.05329767927991562,on intermittent
5301593,5303394,53208,114.5737533569336,30.60041618347168,1461826.879488,0,3563,5402,2,0.3096135799813661,on perennial
5339334,5344732,53208,116.74458312988281,36.623748779296875,758839.508992,0,2833,5666,0,0.37579379990461376,near water
5303394,5306994,53208,114.76458740234375,30.61541748046875,1462099.771392,0,3561,5426,2,0.45775303486293983,on perennial
5344732,5355528,53208,117.069580078125,36.76958465576172,758898.36032,0,2815,5705,1,0.2912125370088499,on intermittent
5306994,5306995,53208,114.82958221435547,30.500415802001953,1466558.971904,0,3575,5433,2,0.3613018955434302,on perennial
5355528,5360927,53208,117.59124755859375,37.1995849609375,758998.499328,0,2763,5768,1,0.19801529558869904,on intermittent
5306995,5308795,53208,114.90125274658203,30.41374969482422,1469878.10816,0,3586,5442,2,0.2708292483762196,on perennial
5360927,5364526,53208,117.94625091552734,37.292083740234375,759058.006016,0,2752,5811,1,0.12390982581199726,on intermittent
5308795,5310595,53208,115.00541687011719,30.407917022705078,1469943.64416,0,3586,5455,2,0.4510169278598497,on perennial
5364526,5366326,53208,118.0995864868164,37.362083435058594,759114.825728,0,2743,5830,1,0.4841686541496867,on intermittent
5310595,5310596,53208,115.04208374023438,30.40041732788086,1473504.477184,0,3587,5459,2,0.32262615404852574,on perennial
5366326,5369924,53208,118.25875091552734,37.47041702270508,759168.36864,0,2730,5849,1,0.33058130998349095,on intermittent
5310596,5312396,53208,115.08458709716797,30.300416946411133,1473734.770688,0,3599,5464,2,0.47526400131401986,on perennial
5369924,5375323,53208,118.444580078125,37.61541748046875,759262.281728,0,2713,5872,1,0.3704343265577711,on intermittent
5312396,5310597,53208,115.07291412353516,30.25458335876465,1476287.266816,0,3605,5463,2,0.09240802896312411,on perennial
5375323,5377122,53208,118.65791320800781,37.6995849609375,759326.244864,0,2703,5897,1,0.49490004383719743,on intermittent
5310597,5312397,53208,115.14291381835938,30.210416793823242,1476671.307776,0,3610,5471,2,0.4398486884525628,on perennial
5377122,5378922,53208,118.82208251953125,37.75208282470703,759384.63744,0,2696,5917,1,0.3104430406836504,on intermittent
5312397,5314198,53208,115.2620849609375,30.159584045410156,1476945.5104,0,3617,5486,2,0.46445975983280186,on perennial
5378922,5380722,53208,118.89958190917969,37.782081604003906,759506.927616,0,2693,5927,0,0.6494652339043461,near water
5314198,5315999,53208,115.31791687011719,30.077917098999023,1480164.114432,0,3626,5493,2,0.5084870664563209,on perennial
5380722,5386122,53208,119.00375366210938,37.79375076293945,759545.397248,0,2691,5939,1,0.2955167596441846,on intermittent
5315999,5317800,53208,115.35958099365234,30.000415802001953,1480925.773824,0,3636,5498,2,0.3395294289502319,on perennial
5386122,5386122,53208,119.23041534423828,37.79708480834961,759583.86688,1,2691,5967,2,0.25286101663591215,on perennial
5317800,5317801,53208,115.42708587646484,29.90041732788086,1481101.672448,0,3648,5506,2,0.16015053498856713,on perennial
5317801,5319601,53208,115.50958251953125,29.842082977294922,1486398.685184,0,3655,5516,2,0.14884655195532306,on perennial
5319601,5323201,53208,115.66958618164062,29.856250762939453,1486465.400832,0,3653,5535,2,0.311334491786353,on perennial
5323201,5325002,53208,115.75291442871094,29.800416946411133,1486893.481984,0,3660,5545,2,0.25026870585764216,on perennial
5325002,5328602,53208,115.9262466430664,29.7237491607666,1486992.1792,0,3669,5566,2,0.4078553110510143,on perennial
5328602,5330402,53208,116.0995864868164,29.764583587646484,1488367.77984,0,3664,5587,2,0.44994086967856345,on perennial
5330402,5332202,53208,116.2179183959961,29.758750915527344,1488413.261824,0,3665,5602,2,0.2787628107254548,on perennial
5332202,5334001,53208,116.2995834350586,29.80875015258789,1650580.652032,0,3659,5612,2,0.3442322826936731,on perennial
5334001,5335801,53208,116.41124725341797,29.869583129882812,1650713.821184,0,3652,5625,2,0.31265597506641907,on perennial
5335801,5337600,53208,116.52791595458984,29.90041732788086,1650782.502912,0,3648,5639,2,0.20577165191499386,on perennial
5337600,5339399,53208,116.5995864868164,29.972915649414062,1651395.264512,0,3639,5648,2,0.1441313964297379,on perennial
5339399,5341199,53208,116.7195816040039,30.052082061767578,1651486.88384,0,3630,5662,2,0.5611932334472357,on perennial
5341199,5342998,53208,116.78958129882812,30.09958267211914,1657546.99776,0,3624,5671,2,0.19197535133821111,on perennial
5342998,5344797,53208,116.89875030517578,30.21208381652832,1657598.640128,0,3610,5684,2,0.2121424796572952,on perennial
5344797,5344796,53208,116.9262466430664,30.299583435058594,1658616.807424,0,3600,5688,2,0.5555954068838278,on perennial
5344796,5344795,53208,116.8870849609375,30.4204158782959,1658725.597184,0,3585,5683,1,0.19285986221615356,on intermittent
5344795,5346595,53208,116.99958038330078,30.485416412353516,1658836.353024,0,3577,5696,2,0.3319171961333916,on perennial
5346595,5348394,53208,117.14291381835938,30.50374984741211,1665372.913664,0,3575,5714,2,0.24396780817068225,on perennial
5348394,5350194,53208,117.2379150390625,30.53874969482422,1665435.959296,0,3571,5725,2,0.4707719156898779,on perennial
5350194,5350193,53208,117.22208404541016,30.63458251953125,1667046.44096,0,3559,5723,2,0.31121595651441697,on perennial
5350193,5351993,53208,117.33958435058594,30.69124984741211,1670765.871104,0,3552,5738,2,0.298940481321643,on perennial
5351993,5353792,53208,117.38291931152344,30.702083587646484,1670864.56832,0,3551,5743,1,0.23617700673271214,on intermittent
5353792,5355592,53208,117.5254135131836,30.737916946411133,1674513.350656,0,3546,5760,2,0.4037566196311218,on perennial
5355592,5357392,53208,117.63958740234375,30.778749465942383,1674615.84896,0,3541,5774,2,0.43095528829424223,on perennial
5357392,5359191,53208,117.6995849609375,30.799583435058594,1675151.540224,0,3539,5781,1,0.2171475605482551,on intermittent
5359191,5359190,53208,117.73958587646484,30.914583206176758,1676453.085184,0,3525,5786,2,0.09178345735743092,on perennial
5359190,5359189,53208,117.73458099365234,31.03041648864746,1676552.306688,0,3511,5786,2,0.3866838981016754,on perennial
5359189,5360988,53208,117.76458740234375,31.102083206176758,1677405.847552,0,3502,5789,2,0.2797607397006737,on perennial
5360988,5362789,53208,117.89208221435547,31.082916259765625,1679568.273408,0,3505,5805,2,0.4819396445799313,on perennial
5362789,5362788,53208,117.9879150390625,31.09958267211914,1680102.653952,0,3503,5816,2,0.4205604604737728,on perennial
5362788,5364588,53208,118.00458526611328,31.177082061767578,1680574.38208,0,3493,5818,2,0.25340372449772,on perennial
5364588,5364587,53208,118.07041931152344,31.207916259765625,1680650.141696,0,3489,5826,2,0.4463045250073756,on perennial
5364587,5366387,53208,118.10458374023438,31.222084045410156,1680775.053312,0,3488,5830,2,0.37348956545728634,on perennial
5366387,5368187,53208,118.1995849609375,31.283750534057617,1680873.488384,0,3480,5842,2,0.25607107816507285,on perennial
5368187,5369987,53208,118.29792022705078,31.299583435058594,1680932.864,0,3478,5854,2,0.3501258190021246,on perennial
5369987,5369986,53208,118.33457946777344,31.299583435058594,1682529.189888,0,3478,5858,2,0.3617126184242106,on perennial
5369986,5369985,53208,118.33457946777344,31.450416564941406,1682607.96416,0,3460,5858,2,0.1922798816537095,on perennial
5369985,5369984,53208,118.37374877929688,31.522916793823242,1693604.773888,0,3451,5863,2,0.24583295457840793,on perennial
5369984,5369983,53208,118.39041900634766,31.59958267211914,1694395.006976,0,3442,5865,2,0.02346521287862035,on perennial
5369983,5371782,53208,118.43958282470703,31.701250076293945,1694504.976384,0,3430,5871,2,0.3208870957941127,on perennial
5371782,5373581,53208,118.49541473388672,31.826250076293945,1713032.527872,0,3414,5878,2,0.5039671371123072,on perennial
5373581,5373580,53208,118.5504150390625,31.89958381652832,1713280.77824,0,3406,5884,2,0.4730502319823213,on perennial
5373580,5375380,53208,118.632080078125,31.963748931884766,1713716.199424,0,3398,5894,2,0.27745357513130176,on perennial
5375380,5375379,53208,118.65875244140625,31.999584197998047,1713927.749632,0,3393,5898,2,0.5789956853571941,on perennial
5375379,5377178,53208,118.72125244140625,32.092918395996094,1714088.574976,0,3382,5905,2,0.18183937698610922,on perennial
5377178,5378978,53208,118.819580078125,32.158748626708984,1716932.575232,0,3374,5917,2,0.1818721730822272,on perennial
5378978,5380778,53208,118.89958190917969,32.181251525878906,1717077.93408,0,3371,5927,2,0.4817498656192024,on perennial
5380778,5382578,53208,118.99958038330078,32.181251525878906,1717252.128768,0,3371,5939,2,0.4476117351202619,on perennial
5382578,5382577,53208,119.06625366210938,32.229583740234375,1717407.449088,0,3366,5947,2,0.3615512761605014,on perennial
5382577,5384377,53208,119.15458679199219,32.24541473388672,1725306.503168,0,3364,5958,2,0.40174237155732045,on perennial
5384377,5386177,53208,119.1995849609375,32.23291778564453,1725621.20704,0,3365,5963,2,0.20123638039928723,on perennial
5386177,5387978,53208,119.27041625976562,32.200416564941406,1725828.169728,0,3369,5972,2,0.2881218790315061,on perennial
5387978,5387977,53208,119.367919921875,32.21208190917969,1725953.212416,0,3368,5983,2,0.45281224592584257,on perennial
5387977,5389777,53208,119.39958190917969,32.242916107177734,1726552.080384,0,3364,5987,2,0.25462077688301066,on perennial
5389777,5391578,53208,119.5495834350586,32.20375061035156,1726755.110912,0,3369,6006,2,0.4477386906806304,on perennial
5391578,5393378,53208,119.60458374023438,32.19041442871094,1726930.223104,0,3370,6012,2,0.356673502813497,on perennial
5393378,5393377,53208,119.64125061035156,32.1995849609375,1727038.226432,0,3369,6017,2,0.3713240023958716,on perennial
5393377,5395176,53208,119.71375274658203,32.3004150390625,1727270.0928,0,3357,6025,2,0.318326353854462,on perennial
5395176,5396977,53208,119.82291412353516,32.3004150390625,1896863.629312,0,3357,6039,2,0.2792656954838018,on perennial
5396977,5396978,53208,119.89208221435547,32.200416564941406,1905162.452992,0,3369,6047,2,0.13577916003561966,on perennial
5396978,5398778,53208,119.90208435058594,32.14791488647461,1905215.668224,0,3376,6048,2,0.485616788463301,on perennial
5398778,5398779,53208,119.92124938964844,32.10041809082031,1905332.584448,0,3381,6051,2,0.4205354188385341,on perennial
5398779,5398780,53208,119.98625183105469,32.00041580200195,1906191.761408,0,3393,6058,2,0.49426973024014503,on perennial
5398780,5400580,53208,120.04042053222656,31.96291732788086,1906301.468672,0,3398,6065,2,0.06045697562683067,on perennial
5400580,5402380,53208,120.0995864868164,31.951250076293945,1906435.424256,0,3399,6072,2,0.34814735423175786,on perennial
5402380,5404180,53208,120.1995849609375,31.93458366394043,1906547.490816,0,3401,6084,2,0.41018586142309377,on perennial
5404180,5405980,53208,120.31124877929688,31.964584350585938,1906825.494528,0,3398,6098,2,0.2778640302540016,on perennial
5405980,5407779,53208,120.37124633789062,32.001251220703125,1906970.46016,0,3393,6105,2,0.2764450624502262,on perennial
5407779,5409579,53208,120.51708221435547,32.02541732788086,1908750.024704,0,3390,6123,2,0.3697631550007687,on perennial
5409579,5409580,53208,120.5995864868164,32.00458526611328,1908910.32576,0,3393,6133,2,0.1996074345487462,on perennial
5409580,5411379,53208,120.65625,32.00541687011719,1908991.5904,0,3393,6140,2,0.33644056666299194,on perennial
5411379,5413179,53208,120.6995849609375,32.02124786376953,1910268.23168,0,3391,6145,2,0.14538553992034775,on perennial
5413179,5414980,53208,120.79792022705078,31.99791717529297,1911591.927808,0,3394,6157,2,0.31420875420509653,on perennial
5414980,5414981,53208,120.86624908447266,31.886249542236328,1912560.0256,0,3407,6165,2,0.2242771249487464,on perennial
5414981,5416782,53208,120.89958190917969,31.811248779296875,1913424.314368,0,3416,6169,2,0.313501083029707,on perennial
5416782,5418582,53208,121.02041625976562,31.783750534057617,1913719.619584,0,3420,6184,2,0.35822287350458754,on perennial
5418582,5418582,53208,121.09791564941406,31.757083892822266,1915572.322304,1,3423,6193,2,0.1805192653919691,on perennial
5413065,5414865,53394,120.7995834350586,43.45708465576172,56679.0144,0,2005,6157,0,10.93368252820774,far from water
5414865,5420264,53394,120.9695816040039,43.51041793823242,56730.656768,0,1998,6178,0,11.222647620914364,far from water
5420264,5425664,53394,121.1995849609375,43.54375076293945,56894.48448,0,1994,6206,0,23.15221605290723,far from water
5425664,5427465,53394,121.52041625976562,43.46708297729492,56959.983616,0,2003,6244,0,5.7439336407157535,far from water
5375207,5375206,53394,118.62374877929688,49.299583435058594,50529.267712,0,1297,5893,1,0.47261901711131815,on intermittent
5427465,5431065,53394,121.5995864868164,43.467918395996094,57402.523648,0,2003,6254,0,0.7524946062473407,near water
5375206,5373406,53394,118.58125305175781,49.35541534423828,50583.666688,0,1290,5888,1,0.2411400298888895,on intermittent
5431065,5432865,53394,121.805419921875,43.43375015258789,57452.3392,0,2008,6279,0,11.543452636783815,far from water
5373406,5373405,53394,118.51458740234375,49.41208267211914,50721.714176,0,1283,5880,1,0.11161935044725121,on intermittent
5492208,5490408,53394,125.10041809082031,49.126251220703125,61271.498752,0,1318,6678,2,0.47653467484623624,on perennial
5432865,5434665,53394,121.95124816894531,43.465415954589844,57502.580736,0,2004,6297,0,17.83919145603589,far from water
5373405,5371605,53394,118.43291473388672,49.4404182434082,50790.076416,0,1279,5870,1,0.42258957221034504,on intermittent
5490408,5488608,53394,124.9937515258789,49.16958236694336,61426.528256,0,1312,6665,1,0.3539018402334726,on intermittent
5434665,5438264,53394,122.069580078125,43.526248931884766,57552.67072,0,1996,6311,0,13.153056300709983,far from water
5371605,5369805,53394,118.4004135131836,49.44541549682617,51340.55424,0,1279,5866,1,0.19316022612215958,on intermittent
5488608,5486807,53394,124.9004135131836,49.18208312988281,61568.663552,0,1311,6654,1,0.22515118119743524,on intermittent
5537155,5537156,53394,127.69708251953125,54.382083892822266,56320.438272,0,680,6993,2,0.4240347892112333,on perennial
5438264,5440063,53394,122.1995849609375,43.582916259765625,57604.960256,0,1989,6327,0,6.304367859842003,far from water
5369805,5368006,53394,118.26541900634766,49.36708450317383,51432.112128,0,1288,5850,0,0.5970195792343256,near water
5486807,5486808,53394,124.8495864868164,49.145416259765625,61658.304512,0,1315,6648,1,0.19399888919268685,on intermittent
5537156,5538957,53394,127.6995849609375,54.32374954223633,56824.610816,0,688,6993,2,0.4784882132614986,on perennial
5440063,5443662,53394,122.30791473388672,43.680416107177734,57633.75104,0,1978,6340,0,1.4680559802772988,near water
5368006,5366206,53394,118.2004165649414,49.325416564941406,51548.659712,0,1293,5842,1,0.35708183232313473,on intermittent
5486808,5486809,53394,124.81208038330078,49.09375,61892.141056,0,1321,6643,2,0.49002742404376265,on perennial
5538957,5540757,53394,127.82291412353516,54.257083892822266,57018.109952,0,696,7008,2,0.4001741299202653,on perennial
5443662,5445462,53394,122.53624725341797,43.76625061035156,57662.21824,0,1967,6368,0,19.667735883030566,far from water
5366206,5364407,53394,118.14875030517578,49.2904167175293,51625.353216,0,1298,5836,2,0.37954980664483623,on perennial
5486809,5485010,53394,124.78958129882812,49.004581451416016,62291.161088,0,1332,6641,2,0.3264455154171865,on perennial
5540757,5542558,53394,127.90125274658203,54.167083740234375,57889.972224,0,707,7018,2,0.44916559074536716,on perennial
5445462,5447261,53394,122.63041687011719,43.782081604003906,57872.523264,0,1965,6379,0,10.938023324257708,far from water
5364407,5362606,53394,117.99541473388672,49.340415954589844,51898.806272,0,1292,5817,1,0.40087845877070577,on intermittent
5485010,5485011,53394,124.72125244140625,48.89458465576172,64718.9504,0,1346,6632,2,0.42385331273648724,on perennial
5542558,5540758,53394,127.9004135131836,54.14041519165039,58021.527552,0,710,7018,2,0.2687325621552782,on perennial
5601995,5600195,53394,131.16708374023438,50.46291732788086,61747.474432,0,1156,7414,0,0.6044340286516149,near water
5447261,5450861,53394,122.76958465576172,43.799583435058594,62455.62368,0,1963,6396,0,4.268478277927983,near water
5362606,5360804,53394,117.86042022705078,49.47041702270508,51978.924032,0,1276,5801,1,0.2221543985455227,on intermittent
5485011,5483211,53394,124.68624877929688,48.835418701171875,64839.151616,0,1353,6628,2,0.21574532746515154,on perennial
5513853,5512053,53394,126.28958129882812,44.67208480834961,50156.7488,0,1857,6822,2,0.5028206963868087,on perennial
5540758,5538958,53394,127.7620849609375,54.11708450317383,58364.760064,0,713,7001,2,0.3851439469291845,on perennial
5600195,5598395,53394,131.1004180908203,50.42124938964844,62272.565248,0,1161,7406,0,0.5385940735742027,near water
5450861,5452662,53394,122.94791412353516,43.79458236694336,62581.854208,0,1964,6417,0,10.565042056899337,far from water
5360804,5362604,53394,117.89958190917969,49.59375,53951.545344,0,1261,5806,1,0.31713179506640127,on intermittent
5483211,5483212,53394,124.63958740234375,48.8004150390625,64901.480448,0,1357,6622,2,0.29115288964990343,on perennial
5512053,5510252,53394,126.18708038330078,44.71208190917969,50425.151488,0,1853,6810,2,0.3860720787182959,on perennial
5538958,5537158,53394,127.69041442871094,54.123748779296875,58505.826304,0,712,6992,2,0.25626206832490583,on perennial
5598395,5596596,53394,130.99208068847656,50.39041519165039,62386.118656,0,1164,7392,2,0.39172580017848085,on perennial
5452662,5454462,53394,122.99958038330078,43.76708221435547,62707.9168,0,1967,6424,0,12.960592098763927,far from water
5362604,5364403,53394,118.00125122070312,49.59541702270508,54259.970048,0,1261,5818,1,0.3258670531715487,on intermittent
5483212,5481413,53394,124.59874725341797,48.658748626708984,65618.39104,0,1374,6618,2,0.3373763958540001,on perennial
5510252,5508452,53394,126.10041809082031,44.76708221435547,50716.123136,0,1846,6800,1,0.3030282105475735,on intermittent
5537158,5537159,53394,127.63958740234375,54.061248779296875,58712.498176,0,719,6986,2,0.3259302622418412,on perennial
5596596,5594796,53394,130.90042114257812,50.33625030517578,63298.691072,0,1171,7381,2,0.24979778348881948,on perennial
5454462,5458063,53394,123.15458679199219,43.693748474121094,63051.063296,0,1976,6442,0,11.915868886484324,far from water
5364403,5366203,53394,118.0995864868164,49.6470832824707,54576.259072,0,1254,5830,1,0.3943506204172345,on intermittent
5481413,5481414,53394,124.5687484741211,48.60041809082031,65840.181248,0,1381,6614,2,0.2537205199851067,on perennial
5508452,5506652,53394,125.9487533569336,44.76041793823242,50774.269952,0,1847,6781,2,0.2772189884092998,on perennial
5537159,5535359,53394,127.60041809082031,54.0404167175293,58791.047168,0,722,6981,2,0.23000009173672561,on perennial
5594796,5592997,53394,130.8004150390625,50.31708526611328,63510.67136,0,1173,7369,2,0.22426161570583883,on perennial
5254622,5256422,53394,112.03958129882812,47.757083892822266,51888.316416,0,1483,5095,1,0.4671025833451054,on intermittent
5458063,5459863,53394,123.2995834350586,43.65041732788086,81471.660032,0,1981,6460,0,4.322716687810069,near water
5366203,5368002,53394,118.24041748046875,49.737083435058594,54967.259136,0,1243,5847,1,0.46144640942647186,on intermittent
5481414,5481415,53394,124.53125,48.50041580200195,66043.748352,0,1393,6609,2,0.4149798583641497,on perennial
5506652,5504851,53394,125.9004135131836,44.806251525878906,52371.402752,0,1841,6775,2,0.25185548746122804,on perennial
5535359,5535360,53394,127.54374694824219,54.00041580200195,58946.371584,0,727,6974,2,0.3707657882031145,on perennial
5592997,5592996,53394,130.72457885742188,50.30291748046875,63623.929856,0,1175,7360,2,0.09383072242872322,on perennial
5256422,5258222,53394,112.10292053222656,47.780418395996094,52002.73408,0,1481,5103,0,0.6274195297691333,near water
5459863,5461664,53394,123.39958190917969,43.61708450317383,81665.794048,0,1985,6472,0,5.250245284517608,far from water
5368002,5369802,53394,118.2995834350586,49.76124954223633,55056.392192,0,1241,5854,1,0.4030423237180871,on intermittent
5481415,5479616,53394,124.5320816040039,48.3870849609375,66208.288768,0,1407,6609,2,0.29713685550249536,on perennial
5504851,5503051,53394,125.77958679199219,44.87041473388672,52599.078912,0,1833,6761,1,0.41916600472249554,on intermittent
5535360,5533559,53394,127.4679183959961,53.97624969482422,58989.694976,0,730,6965,2,0.36033919216001065,on perennial
5592996,5591197,53394,130.64125061035156,50.289581298828125,63686.950912,0,1177,7350,2,0.44072436250818986,on perennial
5258222,5260022,53394,112.1995849609375,47.764583587646484,53898.522624,0,1483,5115,0,0.5867886033563728,near water
5461664,5463465,53394,123.50458526611328,43.59208297729492,81720.475648,0,1988,6485,0,1.2294644700609012,near water
5369802,5371601,53394,118.39958190917969,49.78291702270508,55144.423424,0,1238,5866,1,0.09139306721386303,on intermittent
5479616,5481416,53394,124.54541778564453,48.325416564941406,91774.3616,0,1415,6611,2,0.3681993895481179,on perennial
5503051,5503050,53394,125.74458312988281,44.89958190917969,70141.698048,0,1830,6756,2,0.30364698987616684,on perennial
5641644,5641643,53394,133.42459106445312,45.61458206176758,67818.278912,0,1743,7687,1,0.27214274973867614,on intermittent
5533559,5533560,53394,127.4504165649414,53.94041442871094,81406.418944,0,734,6963,2,0.1009942989783653,on perennial
5591197,5589396,53394,130.5762481689453,50.30208206176758,63914.10688,0,1175,7342,2,0.04451716307499966,on perennial
5260022,5261821,53394,112.2995834350586,47.797916412353516,53985.71008,0,1479,5127,0,0.5244873841714651,near water
5463465,5465266,53394,123.62958526611328,43.344581604003906,130437.464064,0,2018,6500,0,0.7697912652066999,near water
5371601,5373401,53394,118.5120849609375,49.818748474121094,56579.104768,0,1234,5880,1,0.4026576333161045,on intermittent
5481416,5481417,53394,124.5754165649414,48.29708480834961,105761.980416,0,1418,6615,1,0.18470163703051787,on intermittent
5503050,5501250,53394,125.64708709716797,44.936248779296875,70197.198848,0,1825,6745,1,0.4559775032196622,on intermittent
5641643,5639842,53394,133.44874572753906,45.6995849609375,68684.320768,0,1733,7690,1,0.19626470940747157,on intermittent
5533560,5533561,53394,127.43374633789062,53.90041732788086,81511.129088,0,739,6961,2,0.16947538214471342,on perennial
5589396,5587597,53394,130.4637451171875,50.292083740234375,64047.73888,0,1176,7328,2,0.3252802998223786,on perennial
5569579,5567779,53394,129.40042114257812,52.02458190917969,60856.17664,0,966,7200,2,0.32244897719405186,on perennial
5261821,5263622,53394,112.45375061035156,47.78791809082031,55942.569984,0,1480,5145,1,0.33943143184285124,on intermittent
5465266,5463467,53394,123.55874633789062,43.23875045776367,131364.00384,0,2031,6491,1,0.348862538628206,on intermittent
5373401,5377000,53394,118.66958618164062,49.93208312988281,56738.095104,0,1220,5899,1,0.16296212855962858,on intermittent
5481417,5481418,53394,124.54125213623047,48.200416564941406,107081.555968,0,1430,6611,1,0.3516151801737184,on intermittent
5501250,5499451,53394,125.60624694824219,44.90041732788086,70493.200384,0,1830,6740,1,0.32087513798957046,on intermittent
5639842,5643443,53394,133.46958923339844,45.7379150390625,69630.386176,0,1728,7693,1,0.258269748553211,on intermittent
5533561,5531761,53394,127.39458465576172,53.848751068115234,81542.930432,0,745,6956,2,0.24686831773836537,on perennial
5587597,5585797,53394,130.40042114257812,50.26958465576172,64611.38944,0,1179,7321,2,0.14797502265375642,on perennial
5567779,5567780,53394,129.33375549316406,51.957916259765625,60919.812096,0,974,7191,2,0.3813761037917121,on perennial
5281595,5283395,53394,113.49958038330078,50.42625045776367,50207.592448,0,1160,5272,2,0.11123079456099087,on perennial
5263622,5265422,53394,112.49958038330078,47.78541564941406,58228.158464,0,1480,5151,1,0.05561855807906397,on intermittent
5463467,5463468,53394,123.54875183105469,43.19791793823242,134139.82208,0,2036,6490,1,0.20260135369487303,on intermittent
5377000,5378800,53394,118.7995834350586,49.944583892822266,57294.200832,0,1218,5915,0,0.6511025411605669,near water
5481418,5479618,53394,124.50041961669922,48.126251220703125,107196.301312,0,1439,6606,0,0.44282426169510275,near water
5499451,5497651,53394,125.44208526611328,44.88458251953125,70540.713984,0,1832,6720,1,0.34126924911191,on intermittent
5643443,5641642,53394,133.45875549316406,45.756248474121094,69724.864512,0,1726,7691,2,0.3013853355387597,on perennial
5531761,5531762,53394,127.33374786376953,53.8004150390625,82194.890752,0,751,6949,2,0.040493468282855466,on perennial
5585797,5585796,53394,130.35208129882812,50.30125045776367,64640.475136,0,1175,7315,2,0.11240307570413832,on perennial
5567780,5565980,53394,129.28041076660156,51.9345817565918,60991.336448,0,977,7185,2,0.11602944752636433,on perennial
5283395,5285195,53394,113.5995864868164,50.431251525878906,50471.776256,0,1159,5284,2,0.3639877686076121,on perennial
5265422,5267221,53394,112.64375305175781,47.82041549682617,58553.561088,0,1476,5168,1,0.3205001906200984,on intermittent
5463468,5463469,53394,123.5320816040039,43.10041809082031,135783.09632,0,2048,6488,1,0.1699483447066848,on intermittent
5378800,5380600,53394,118.90958404541016,49.9787483215332,57352.032256,0,1214,5928,1,0.18496839799763307,on intermittent
5479618,5479619,53394,124.43208312988281,48.091251373291016,107225.694208,0,1443,6597,1,0.2016296256533812,on intermittent
5497651,5495851,53394,125.4004135131836,44.87041473388672,70738.04288,0,1833,6715,1,0.40626246434787483,on intermittent
5641642,5641641,53394,133.46458435058594,45.821250915527344,69831.540736,0,1718,7692,1,0.1685577713558166,on intermittent
5531762,5529963,53394,127.23458099365234,53.70874786376953,82246.934528,0,762,6937,2,0.07104012397986732,on perennial
5585796,5583997,53394,130.29708862304688,50.264583587646484,64842.40384,0,1180,7308,2,0.4353589797824903,on perennial
5565980,5565981,53394,129.2554168701172,51.90041732788086,66570.227712,0,981,7182,2,0.24589724620695497,on perennial
5285195,5286995,53394,113.7629165649414,50.42708206176758,51007.688704,0,1160,5304,1,0.14546156878916203,on intermittent
5267221,5267222,53394,112.6987533569336,47.82041549682617,58856.660992,0,1476,5175,1,0.18342064217542445,on intermittent
5328429,5328428,53394,116.08291625976562,47.09958267211914,67714.977792,0,1563,5585,0,2.2009593623339097,near water
5463469,5463470,53394,123.54624938964844,42.98291778564453,135921.328128,0,2062,6490,1,0.1648905747221004,on intermittent
5380600,5380599,53394,118.92791748046875,49.99958419799805,57410.3552,0,1212,5930,1,0.3150966709424573,on intermittent
5479619,5477819,53394,124.4004135131836,48.08208465576172,107583.881216,0,1444,6593,2,0.312608194604253,on perennial
5495851,5494051,53394,125.24541473388672,44.86375045776367,70820.265984,0,1834,6696,2,0.1891156337026019,on perennial
5641641,5643441,53394,133.4995880126953,45.86458206176758,69994.037248,0,1713,7696,1,0.28849411855954965,on intermittent
5529963,5528163,53394,127.2004165649414,53.681251525878906,82651.676672,0,765,6933,2,0.3803869519844982,on perennial
5583997,5583998,53394,130.21875,50.200416564941406,65200.3328,0,1187,7299,2,0.33700947455392155,on perennial
5565981,5564181,53394,129.18959045410156,51.83791732788086,66636.24704,0,989,7174,2,0.1437201034116357,on perennial
5286995,5288795,53394,113.84208679199219,50.422916412353516,54118.367232,0,1160,5314,1,0.3749137073357479,on intermittent
5267222,5269021,53394,112.72374725341797,47.806251525878906,59003.94496,0,1478,5178,1,0.4391239203289447,on intermittent
5328428,5328427,53394,116.06041717529297,47.26124954223633,68370.731008,0,1544,5583,0,4.567368739356002,near water
5463470,5463472,53394,123.5995864868164,42.83041763305664,147204.538368,0,2081,6496,1,0.4196537242589999,on intermittent
5380599,5382399,53394,118.95708465576172,50.00041580200195,58544.852992,0,1212,5934,0,1.3235951104813979,near water
5477819,5476020,53394,124.27874755859375,47.946250915527344,107674.353664,0,1461,6579,1,0.4332055872721186,on intermittent
5494051,5492251,53394,125.2004165649414,44.86958312988281,70980.796416,0,1833,6690,2,0.5396904719176914,on perennial
5643441,5643440,53394,133.59957885742188,45.895416259765625,71247.872,0,1709,7709,1,0.3230609794825025,on intermittent
5528163,5526363,53394,127.08457946777344,53.66374969482422,83144.974336,0,768,6919,2,0.4392216078013636,on perennial
5583998,5582198,53394,130.15208435058594,50.17791748046875,65370.988544,0,1190,7291,2,0.20512979992274333,on perennial
5564181,5562382,53394,129.07958984375,51.770416259765625,67979.546624,0,997,7161,0,0.3767456848499932,near water
5288795,5290595,53394,113.89958190917969,50.48125076293945,54840.40192,0,1153,5321,1,0.3297781156484306,on intermittent
5269021,5270821,53394,112.81708526611328,47.8720817565918,59202.371584,0,1470,5189,0,0.9827407793236382,near water
5328427,5330227,53394,116.0995864868164,47.27958297729492,69016.969216,0,1541,5587,0,2.6069390093170735,near water
5463472,5463473,53394,123.57624816894531,42.700416564941406,149744.27136,0,2096,6494,0,1.6866621465370155,near water
5382399,5382400,53394,119.0320816040039,49.98875045776367,58646.847488,0,1213,5943,1,0.12896951639332388,on intermittent
5476020,5477821,53394,124.29374694824219,47.90041732788086,109317.36576,0,1466,6581,1,0.2906687245970078,on intermittent
5492251,5492250,53394,125.15374755859375,44.90458297729492,71108.083712,0,1829,6685,2,0.2607400880215009,on perennial
5643440,5645240,53394,133.66958618164062,45.950416564941406,71428.694016,0,1702,7717,2,0.4404611843444597,on perennial
5526363,5524563,53394,127.00041961669922,53.60791778564453,83426.541568,0,774,6909,2,0.3356602798229789,on perennial
5582198,5582199,53394,130.11708068847656,50.096248626708984,65468.932096,0,1200,7286,2,0.24997738340435796,on perennial
5562382,5560582,53394,129.0004119873047,51.777915954589844,68080.427008,0,996,7151,2,0.11285885585800919,on perennial
5290595,5292395,53394,114.04541778564453,50.47458267211914,55100.338176,0,1154,5338,2,0.21638320549479761,on perennial
5270821,5272620,53394,112.88375091552734,47.89958190917969,60840.808448,0,1466,5198,0,1.1634051467311743,near water
5330227,5330226,53394,116.12708282470703,47.299583435058594,69213.14304,0,1539,5591,0,0.9909658168849452,near water
5463473,5465273,53394,123.65958404541016,42.626251220703125,149847.932928,0,2105,6504,0,0.5990805921824508,near water
5382400,5384199,53394,119.16958618164062,50.04708480834961,58818.514944,0,1206,5959,1,0.2765022773495243,on intermittent
5477821,5476021,53394,124.27958679199219,47.84375,109400.481792,0,1473,6579,2,0.09713749816949378,on perennial
5492250,5490450,53394,125.08708190917969,44.957916259765625,71271.743488,0,1823,6677,2,0.26875390124166965,on perennial
5645240,5647039,53394,133.694580078125,46.012916564941406,101271.535616,0,1695,7720,1,0.09477475101690579,on intermittent
5524563,5524564,53394,126.91458129882812,53.542083740234375,83489.685504,0,782,6898,2,0.2856911832792851,on perennial
5582199,5580399,53394,130.04624938964844,50.075416564941406,65874.665472,0,1202,7278,2,0.4509717384402539,on perennial
5560582,5558782,53394,128.90042114257812,51.73875045776367,68512.120832,0,1001,7139,2,0.12898851931778804,on perennial
5292395,5295995,53394,114.10624694824219,50.47624969482422,55251.398656,0,1154,5346,1,0.19436807565679656,on intermittent
5272620,5274420,53394,113.03874969482422,47.97541809082031,61080.18688,0,1457,5216,0,0.41937551386726846,near water
5330226,5330225,53394,116.18541717529297,47.39958190917969,69575.92576,0,1527,5598,0,12.791555211196124,far from water
5465273,5467074,53394,123.67208099365234,42.60041809082031,154591.182848,0,2109,6505,1,0.44428785125538167,on intermittent
5384199,5385999,53394,119.1995849609375,50.07875061035156,59114.283008,0,1202,5963,1,0.08594715758444127,on intermittent
5476021,5476022,53394,124.23958587646484,47.762916564941406,109451.616256,0,1483,6574,2,0.19923467026689,on perennial
5490450,5490449,53394,125.05708312988281,44.998748779296875,71383.007232,0,1818,6673,2,0.16258874836602058,on perennial
5647039,5645238,53394,133.70875549316406,46.09958267211914,101391.794176,0,1684,7722,2,0.39344509121259247,on perennial
5524564,5524565,53394,126.94625091552734,53.47291564941406,83552.935936,0,791,6902,2,0.3130595590496933,on perennial
5580399,5580400,53394,130.09042358398438,50.00041580200195,66405.138432,0,1212,7283,2,0.40898295596183354,on perennial
5295995,5295994,53394,114.27207946777344,50.49541473388672,55447.097344,0,1152,5366,1,0.40850265499430805,on intermittent
5274420,5276219,53394,113.09375,47.99958419799805,61417.32864,0,1454,5223,1,0.08842377108889003,on intermittent
5330225,5328424,53394,116.117919921875,47.50041580200195,69657.6,0,1515,5590,0,9.320034889346378,far from water
5467074,5467075,53394,123.81041717529297,42.4595832824707,154688.176128,0,2126,6522,0,0.7500278069605915,near water
5385999,5385998,53394,119.25125122070312,50.09958267211914,59423.469568,0,1200,5969,1,0.4605006799326812,on intermittent
5476022,5474223,53394,124.21041870117188,47.700416564941406,109566.844928,0,1490,6570,1,0.43452580118542833,on intermittent
5490449,5488649,53394,124.9679183959961,45.06708526611328,71524.360192,0,1810,6662,2,0.4501673353115606,on perennial
5645238,5647038,53394,133.6979217529297,46.16208267211914,104640.618496,0,1677,7720,1,0.3343324426621769,on intermittent
5524565,5524566,53394,126.92124938964844,53.40041732788086,100033.683456,0,799,6899,2,0.4130213179197808,on perennial
5580400,5578600,53394,129.99790954589844,49.93791580200195,66603.974656,0,1219,7272,2,0.13533810261013016,on perennial
5295994,5297795,53394,114.2995834350586,50.501251220703125,56593.391616,0,1151,5369,2,0.15161696307827938,on perennial
5276219,5278019,53394,113.21708679199219,48.008750915527344,61523.095552,0,1453,5238,1,0.04241559615406988,on intermittent
5328424,5326624,53394,115.93624877929688,47.556251525878906,69743.32928,0,1508,5568,0,9.72915705833411,far from water
5467075,5468875,53394,123.79708099365234,42.41875076293945,155251.42528,0,2131,6520,1,0.4705602209473056,on intermittent
5385998,5387798,53394,119.31791687011719,50.16291809082031,59477.061632,0,1192,5977,1,0.27768212679189463,on intermittent
5474223,5472424,53394,124.08875274658203,47.610416412353516,109971.677184,0,1501,6556,1,0.3032080919547363,on intermittent
5488649,5486848,53394,124.89208221435547,45.11958312988281,71796.563968,0,1803,6653,2,0.1802042759573546,on perennial
5647038,5647037,53394,133.79208374023438,46.1995849609375,106320.60928,0,1672,7732,1,0.2669533082119392,on intermittent
5524566,5526366,53394,127.02625274658203,53.33958435058594,100212.867072,0,807,6912,2,0.20441081367231384,on perennial
5578600,5580401,53394,130.06875610351562,49.882083892822266,66694.639616,0,1226,7281,1,0.27101239911284825,on intermittent
5297795,5299595,53394,114.39958190917969,50.4787483215332,56676.405248,0,1154,5381,2,0.4063077022541662,on perennial
5278019,5279819,53394,113.2995834350586,48.027915954589844,61618.417664,0,1451,5248,0,0.6518585478686962,near water
5326624,5324823,53394,115.89708709716797,47.602081298828125,69916.049408,0,1502,5563,0,5.438791417372591,far from water
5468875,5468876,53394,123.89958190917969,42.40208435058594,161040.580608,0,2133,6533,1,0.41187795152145945,on intermittent
5387798,5387797,53394,119.32041931152344,50.21291732788086,62696.378368,0,1186,5978,1,0.2324794601382921,on intermittent
5472424,5470624,53394,124.00041961669922,47.53791809082031,116512.137216,0,1510,6545,1,0.05091632982588449,on intermittent
5486848,5485048,53394,124.8004150390625,45.16875076293945,72159.289344,0,1797,6642,2,0.20905490692816972,on perennial
5647037,5648837,53394,133.8262481689453,46.20708465576172,106438.705152,0,1671,7736,1,0.33820415445241925,on intermittent
5526366,5526367,53394,127.03291320800781,53.2904167175293,100282.793984,0,813,6913,2,0.30436815212644064,on perennial
5580401,5578602,53394,130.0087432861328,49.8004150390625,66785.46432,0,1236,7273,2,0.24128204138913292,on perennial
5299595,5301395,53394,114.5062484741211,50.479583740234375,56754.64704,0,1153,5394,0,0.8306555136203826,near water
5279819,5281619,53394,113.40625,48.027915954589844,62750.490624,0,1451,5261,0,0.6140510643666018,near water
5324823,5324822,53394,115.85208129882812,47.6995849609375,81464.475648,0,1490,5557,0,2.914987409545287,near water
5468876,5467076,53394,123.8004150390625,42.31291580200195,163157.6064,0,2143,6521,1,0.39154978887715874,on intermittent
5387797,5387796,53394,119.35874938964844,50.32291793823242,85578.080256,0,1172,5982,1,0.49274886281603963,on intermittent
5470624,5470625,53394,123.94125366210938,47.4970817565918,116553.07264,0,1515,6538,1,0.10313590211336021,on intermittent
5485048,5485047,53394,124.7195816040039,45.24208450317383,72228.118528,0,1788,6632,2,0.3305825071972217,on perennial
5648837,5650637,53394,133.90374755859375,46.257083892822266,106699.784192,0,1665,7745,2,0.38349533673541186,on perennial
5526367,5528167,53394,127.0995864868164,53.27124786376953,100637.990912,0,815,6921,2,0.20951422786594984,on perennial
5578602,5576802,53394,129.86541748046875,49.784584045410156,67858.75968,0,1238,7256,2,0.25083241711528054,on perennial
5301395,5303194,53394,114.60208129882812,50.501251220703125,56912.54784,0,1151,5406,2,0.1661427699714271,on perennial
5281619,5283419,53394,113.49958038330078,48.03541564941406,62840.680448,0,1450,5272,0,0.6988766556418498,near water
5324822,5323022,53394,115.8187484741211,47.74541473388672,81700.913152,0,1485,5553,1,0.19800496949169288,on intermittent
5467076,5465276,53394,123.6745834350586,42.305416107177734,163223.38816,0,2144,6506,1,0.43036928610842984,on intermittent
5387796,5385996,53394,119.3004150390625,50.35625076293945,85705.60512,0,1168,5975,1,0.44144810383725447,on intermittent
5470625,5470626,53394,123.9245834350586,47.39875030517578,117403.385856,0,1527,6536,1,0.13526804578618418,on intermittent
5485047,5485046,53394,124.7245864868164,45.299583435058594,72459.812864,0,1781,6633,2,0.36599395533808504,on perennial
5650637,5648836,53394,133.91542053222656,46.332916259765625,106921.500672,0,1656,7747,1,0.15438535686821386,on intermittent
5528167,5528168,53394,127.17791748046875,53.18708419799805,101514.575872,0,825,6930,2,0.2953569681287251,on perennial
5576802,5576803,53394,129.84625244140625,49.6995849609375,67921.48992,0,1248,7254,2,0.24468992591197897,on perennial
5303194,5304994,53394,114.6995849609375,50.536251068115234,57154.048,0,1147,5418,1,0.4086478349697878,on intermittent
5283419,5285219,53394,113.5995864868164,48.04458236694336,62982.176768,0,1449,5284,1,0.3763305530098633,on intermittent
5323022,5323022,53394,115.7870864868164,47.7279167175293,82915.65568,1,1487,5549,2,0.27856675395388036,on perennial
5465276,5465277,53394,123.64041900634766,42.3004150390625,163452.731392,0,2145,6501,1,0.26531501353009573,on intermittent
5385996,5384196,53394,119.14875030517578,50.360416412353516,85779.74272,0,1168,5957,1,0.07475366985429775,on intermittent
5470626,5468827,53394,123.87958526611328,47.282081604003906,118605.037568,0,1541,6530,2,0.23133277103301758,on perennial
5485046,5483246,53394,124.6987533569336,45.362083435058594,72551.243776,0,1774,6630,1,0.29398281202317467,on intermittent
5648836,5650636,53394,133.8995819091797,46.36541748046875,107411.29216,0,1652,7745,2,0.17311712885437047,on perennial
5528168,5531768,53394,127.1995849609375,53.159584045410156,103134.486528,0,829,6933,2,0.350008005824539,on perennial
5576803,5575002,53394,129.7762451171875,49.67375183105469,68464.480256,0,1251,7245,2,0.1650282897416023,on perennial
5304994,5306794,53394,114.86958312988281,50.52708435058594,57775.538176,0,1148,5438,1,0.2819810110555985,on intermittent
5285219,5287019,53394,113.70874786376953,48.04708480834961,63013.654528,0,1448,5298,0,0.44935272225864803,near water
5465277,5463477,53394,123.57041931152344,42.235416412353516,164585.209856,0,2153,6493,0,0.6327067303388423,near water
5384196,5384195,53394,119.13375091552734,50.39958190917969,94713.315328,0,1163,5955,1,0.18247029792727254,on intermittent
5468827,5467027,53394,123.8004150390625,47.248748779296875,118762.758144,0,1545,6521,2,0.17714050845707538,on perennial
5483246,5483245,53394,124.6570816040039,45.43541717529297,72597.356544,0,1765,6625,1,0.27165349944601125,on intermittent
5650636,5650635,53394,133.92958068847656,46.40791702270508,107537.719296,0,1647,7749,2,0.2918315105064255,on perennial
5531768,5533568,53394,127.4245834350586,53.12708282470703,103511.056384,0,833,6960,2,0.3857079415502712,on perennial
5575002,5575003,53394,129.742919921875,49.64125061035156,69076.205568,0,1255,7241,1,0.10484678330411175,on intermittent
5306794,5308594,53394,114.91874694824219,50.534584045410156,57897.65632,0,1147,5444,1,0.19865254644256283,on intermittent
5287019,5288819,53394,113.7995834350586,48.05291748046875,63456.854016,0,1448,5309,0,0.4735773230327381,near water
5463477,5461678,53394,123.45957946777344,42.17625045776367,165412.831232,0,2160,6479,2,0.30810838505323584,on perennial
5384195,5385995,53394,119.22875213623047,50.44124984741211,94789.967872,0,1158,5967,1,0.25408550847870454,on intermittent
5467027,5465228,53394,123.6379165649414,47.17958450317383,123884.888064,0,1553,6501,1,0.4511438639485665,on intermittent
5650635,5648835,53394,133.8420867919922,46.465415954589844,107603.058688,0,1640,7738,1,0.06560981337516046,on intermittent
5533568,5533569,53394,127.40374755859375,53.08041763305664,103654.268928,0,838,6958,0,0.3642352446977173,near water
5575003,5573203,53394,129.70042419433594,49.63041687011719,69450.432512,0,1256,7236,2,0.3878253184584238,on perennial
5308594,5310394,53394,114.99958038330078,50.52124786376953,57976.68864,0,1148,5454,0,0.7065067214171126,near water
5288819,5290620,53394,113.89958190917969,48.00208282470703,64674.480128,0,1454,5321,1,0.2815112713482465,on intermittent
5461678,5459878,53394,123.4004135131836,42.1470832824707,165936.594944,0,2163,6472,1,0.48741373354934514,on intermittent
5385995,5385994,53394,119.22792053222656,50.50374984741211,94931.92704,0,1151,5967,1,0.49059578698082185,on intermittent
5465228,5465229,53394,123.61624908447266,47.0745849609375,124052.733952,0,1566,6498,2,0.3390243904301884,on perennial
5648835,5648834,53394,133.86541748046875,46.51124954223633,108277.399552,0,1635,7741,0,0.665008258054489,near water
5533569,5535370,53394,127.52375030517578,53.00374984741211,103846.100992,0,848,6972,2,0.4328909711445213,on perennial
5573203,5573204,53394,129.63792419433594,49.59375,69499.871232,0,1261,7228,2,0.23739343655875406,on perennial
5310394,5312194,53394,115.0995864868164,50.526248931884766,58096.406528,0,1148,5466,1,0.16721148895747326,on intermittent
5290620,5290619,53394,113.99208068847656,48.0120849609375,65659.056128,0,1453,5332,0,0.6598030667495128,near water
5459878,5458078,53394,123.3004150390625,42.16958236694336,166219.44832,0,2161,6460,1,0.24222903397957488,on intermittent
5385994,5385993,53394,119.27458190917969,50.59958267211914,99147.85792,0,1139,5972,1,0.11473263518621937,on intermittent
5465229,5463429,53394,123.60041809082031,47.01874923706055,124971.098112,0,1573,6497,1,0.300284631976746,on intermittent
5648834,5650634,53394,133.8995819091797,46.56458282470703,108793.806848,0,1628,7745,2,0.06878778526871754,on perennial
5535370,5537170,53394,127.6137466430664,52.9345817565918,104009.367552,0,856,6983,2,0.07905729241949512,on perennial
5573204,5571404,53394,129.60208129882812,49.575416564941406,69558.665216,0,1263,7224,2,0.0788374887772813,on perennial
5312194,5313994,53394,115.21125030517578,50.52124786376953,58147.241984,0,1148,5480,1,0.45162696214436654,on intermittent
5290619,5292419,53394,114.03291320800781,48.01374816894531,65750.642688,0,1452,5337,0,2.9798777137398957,near water
5458078,5456278,53394,123.1937484741211,42.15791702270508,166319.095808,0,2162,6447,1,0.22389799276407488,on intermittent
5385993,5387793,53394,119.32624816894531,50.639583587646484,99364.143104,0,1134,5978,1,0.27023228758608325,on intermittent
5463429,5463430,53394,123.53458404541016,46.98125076293945,125123.207168,0,1578,6489,0,0.5478742626408887,near water
5650634,5650633,53394,133.92208862304688,46.59958267211914,108886.204416,0,1624,7748,2,0.2997901693588836,on perennial
5537170,5538970,53394,127.6995849609375,52.901248931884766,104114.601984,0,860,6993,2,0.219277109704827,on perennial
5571404,5571405,53394,129.5004119873047,49.51541519165039,69826.920448,0,1270,7212,2,0.3829831655534461,on perennial
5751370,5754970,53394,139.59957885742188,52.946250915527344,52598.19008,0,854,8436,1,0.4701325010022076,on intermittent
5313994,5315794,53394,115.36958312988281,50.568748474121094,58198.085632,0,1143,5499,2,0.30565360618120746,on perennial
5292419,5294219,53394,114.12291717529297,48.01541519165039,66076.672,0,1452,5348,0,1.0920984297682048,near water
5456278,5454478,53394,123.0745849609375,42.104583740234375,166476.791808,0,2169,6433,1,0.36062186772772237,on intermittent
5387793,5389593,53394,119.39958190917969,50.68208312988281,99592.921088,0,1129,5987,1,0.19740442414126763,on intermittent
5463430,5461631,53394,123.50375366210938,46.90041732788086,144684.384256,0,1587,6485,1,0.32530342953656877,on intermittent
5650633,5652433,53394,134.00791931152344,46.64125061035156,109140.70528,0,1619,7758,0,0.6938082285271943,near water
5538970,5538971,53394,127.7629165649414,52.86708450317383,114674.827264,0,864,7001,2,0.09511976061342338,on perennial
5315794,5317594,53394,115.39958190917969,50.590415954589844,58681.87648,0,1140,5502,2,0.28395529605356035,on perennial
5294219,5296019,53394,114.1995849609375,48.02541732788086,66338.07872,0,1451,5357,1,0.03606117586685307,on intermittent
5454478,5454479,53394,123.04208374023438,42.10041809082031,169345.368064,0,2169,6429,1,0.1713459643375372,on intermittent
5389593,5389592,53394,119.4495849609375,50.707916259765625,99641.696256,0,1126,5993,1,0.2836636601415158,on intermittent
5461631,5465231,53394,123.569580078125,46.84791564941406,144756.015104,0,1594,6493,0,0.5664064293938371,near water
5652433,5650632,53394,134.02542114257812,46.6995849609375,109273.161728,0,1612,7760,2,0.3171325007024235,on perennial
5538971,5538972,53394,127.77124786376953,52.79375076293945,114757.943296,0,873,7002,2,0.044153290105868624,on perennial
5317594,5319394,53394,115.49958038330078,50.58041763305664,58858.504192,0,1141,5515,0,0.4273908092108895,near water
5296019,5297819,53394,114.2995834350586,48.033748626708984,66558.701568,0,1450,5369,0,2.977604987169013,near water
5454479,5452679,53394,122.98291778564453,42.07624816894531,169382.05184,0,2172,6422,0,0.46275067010345133,near water
5389592,5391392,53394,119.50375366210938,50.77708435058594,100059.799552,0,1117,6000,1,0.39456756803439597,on intermittent
5465231,5465232,53394,123.58875274658203,46.81291580200195,144874.913792,0,1598,6495,1,0.0898775809155037,on intermittent
5650632,5652432,53394,134.02207946777344,46.73625183105469,109375.32416,0,1607,7760,2,0.26016030172732146,on perennial
5538972,5540773,53394,127.7995834350586,52.7287483215332,115163.103232,0,881,7006,1,0.29945145102821114,on intermittent
5319394,5319393,53394,115.60124969482422,50.610416412353516,58938.028032,0,1138,5527,1,0.3410565267227749,on intermittent
5297819,5299619,53394,114.40625,48.03708267211914,66641.477632,0,1450,5382,0,0.7780864018902459,near water
5452679,5450880,53394,122.89875030517578,41.963748931884766,171421.827072,0,2186,6411,1,0.41514962776818487,on intermittent
5391392,5389591,53394,119.49208068847656,50.827083587646484,100133.904384,0,1111,5999,0,0.4607697235073158,near water
5465232,5467032,53394,123.73625183105469,46.76374816894531,162436.825088,0,1604,6513,2,0.09754430920018645,on perennial
5652432,5652431,53394,134.02125549316406,46.80458450317383,109477.822464,0,1599,7760,2,0.2243012475235615,on perennial
5540773,5540774,53394,127.87208557128906,52.60041809082031,115451.281408,0,896,7014,2,0.4187717618031107,on perennial
5319393,5321193,53394,115.6379165649414,50.6129150390625,59021.062144,0,1137,5531,1,0.36994294810786776,on intermittent
5299619,5301419,53394,114.49958038330078,48.049583435058594,67539.738624,0,1448,5393,0,0.8521217577409207,near water
5450880,5452680,53394,122.89958190917969,41.94791793823242,171559.944192,0,2188,6412,1,0.4476067735746654,on intermittent
5389591,5389590,53394,119.51041412353516,50.895416259765625,100217.479168,0,1103,6001,1,0.15850512208732495,on intermittent
5467032,5467033,53394,123.76041412353516,46.700416564941406,162600.665088,0,1612,6516,1,0.39751862855775083,on intermittent
5652431,5650630,53394,134.0429229736328,46.89958190917969,132278.10816,0,1587,7762,2,0.4309253940706408,on perennial
5540774,5542574,53394,127.91874694824219,52.57624816894531,120219.353088,0,899,7020,2,0.3209078409106239,on perennial
5321193,5321192,53394,115.68624877929688,50.727081298828125,66312.589312,0,1123,5537,1,0.4685827603878798,on intermittent
5301419,5303219,53394,114.5995864868164,48.0595817565918,67706.200064,0,1447,5406,0,2.746315876724808,near water
5452680,5450881,53394,122.9004135131836,41.91291809082031,171787.894784,0,2192,6412,1,0.2525756950386946,on intermittent
5389590,5391390,53394,119.569580078125,50.94708251953125,102021.922816,0,1097,6008,1,0.16650461662365457,on intermittent
5467033,5468834,53394,123.79792022705078,46.60041809082031,162687.123456,0,1624,6520,1,0.40502157146622525,on intermittent
5650630,5652430,53394,134.05458068847656,46.97041702270508,132474.339328,0,1579,7764,2,0.24064694876572437,on perennial
5542574,5544374,53394,127.99958038330078,52.5595817565918,120451.751936,0,901,7030,2,0.36553026374891173,on perennial
5321192,5321191,53394,115.64708709716797,50.81458282470703,66687.664128,0,1113,5532,1,0.2980457109680666,on intermittent
5303219,5303218,53394,114.66041564941406,48.09958267211914,67834.5728,0,1442,5413,0,1.1542865846902717,near water
5450881,5449082,53394,122.8004150390625,41.82791519165039,177402.445824,0,2202,6400,1,0.34761981927776897,on intermittent
5391390,5393190,53394,119.60541534423828,50.98875045776367,103858.356224,0,1092,6012,1,0.263040485505852,on intermittent
5468834,5468835,53394,123.83208465576172,46.47041702270508,162997.338112,0,1639,6525,1,0.4832089218998157,on intermittent
5652430,5654229,53394,134.08375549316406,46.99958419799805,132625.03936,0,1575,7767,2,0.31647477787409073,on perennial
5544374,5546175,53394,128.12290954589844,52.50541687011719,120591.392768,0,908,7045,0,0.3961267223977842,near water
5321191,5321190,53394,115.64291381835938,50.89958190917969,70522.241024,0,1103,5532,2,0.38467650784472485,on perennial
5303218,5305018,53394,114.72792053222656,48.133750915527344,67863.506944,0,1438,5421,1,0.15826091224372651,on intermittent
5449082,5447285,53394,122.6937484741211,41.63041687011719,177497.341952,0,2226,6387,0,0.4389460327946139,near water
5393190,5393189,53394,119.63041687011719,51.01041793823242,103953.055744,0,1089,6015,2,0.2227974510506409,on perennial
5468835,5468836,53394,123.84708404541016,46.40041732788086,163217.260544,0,1648,6526,1,0.2720155997287626,on intermittent
5654229,5654228,53394,134.1995849609375,47.08708190917969,132802.666496,0,1565,7781,2,0.32036389102973895,on perennial
5546175,5544376,53394,128.0954132080078,52.39208221435547,121550.716928,0,922,7041,2,0.364862814217882,on perennial
5321190,5319390,53394,115.59874725341797,50.946250915527344,70593.536,0,1097,5527,0,0.36554596409293916,near water
5305018,5306818,53394,114.80874633789062,48.174583435058594,67927.965696,0,1433,5431,0,0.5387125222680803,near water
5447285,5440088,53394,122.65291595458984,41.35708236694336,177622.30272,0,2259,6382,0,0.5152270749099653,near water
5393189,5394989,53394,119.7195816040039,51.055416107177734,104120.582144,0,1084,6026,2,0.2903617716209608,on perennial
5468836,5470637,53394,123.84625244140625,46.3004150390625,163712.86016,0,1660,6526,1,0.20822388692638016,on intermittent
5654228,5656028,53394,134.2237548828125,47.14374923706055,133185.052672,0,1558,7784,2,0.19633147285016492,on perennial
5544376,5546176,53394,128.1445770263672,52.367916107177734,121672.941568,0,925,7047,2,0.4093658293704606,on perennial
5319390,5321189,53394,115.59874725341797,51.00541687011719,70866.034688,0,1090,5527,1,0.31534971115728055,on intermittent
5306818,5306817,53394,114.8245849609375,48.1995849609375,68132.753408,0,1430,5433,0,1.5150371773443438,near water
5440088,5438288,53394,122.15791320800781,41.19291687011719,177725.538304,0,2279,6322,1,0.26368957431749435,on intermittent
5394989,5394988,53394,119.74458312988281,51.11458206176758,104265.68704,0,1077,6029,2,0.44801531997277544,on perennial
5470637,5470638,53394,123.95124816894531,46.200416564941406,186135.773184,0,1672,6539,1,0.1646942112821023,on intermittent
5656028,5654227,53394,134.2120819091797,47.1995849609375,134234.742784,0,1551,7783,2,0.1481819995697511,on perennial
5546176,5546177,53394,128.13458251953125,52.3004150390625,124369.641472,0,933,7046,2,0.2094224362370653,on perennial
5321189,5322989,53394,115.6995849609375,51.08791732788086,72007.671808,0,1080,5539,2,0.2443189515456675,on perennial
5306817,5308617,53394,114.91708374023438,48.2379150390625,68244.82816,0,1425,5444,1,0.19016379523575783,on intermittent
5438288,5436488,53394,122.14875030517578,41.1995849609375,177793.581056,0,2278,6321,0,0.4959772929099751,near water
5394988,5396787,53394,119.80374908447266,51.23374938964844,104811.626496,0,1062,6036,2,0.19549429827569073,on perennial
5470638,5472438,53394,124.00458526611328,46.16041564941406,186189.037568,0,1677,6546,1,0.31200265918149256,on intermittent
5654227,5654226,53394,134.16958618164062,47.31791687011719,134355.51744,0,1537,7778,1,0.34267011108546824,on intermittent
5546177,5547978,53394,128.22125244140625,52.178749084472656,125051.691008,0,948,7057,2,0.4805265456037078,on perennial
5322989,5322988,53394,115.7629165649414,51.10791778564453,72143.773696,0,1077,5547,2,0.4086398672568289,on perennial
5308617,5308616,53394,114.9679183959961,48.299583435058594,68555.169792,0,1418,5450,0,0.8462109087172373,near water
5436488,5434688,53394,121.92958068847656,41.13874816894531,179793.297408,0,2286,6294,0,0.7361076124554166,near water
5396787,5396786,53394,119.87541961669922,51.32291793823242,105272.582144,0,1051,6045,2,0.24543399250829734,on perennial
5472438,5470639,53394,124.007080078125,46.08958435058594,188792.635392,0,1686,6546,1,0.376227558255788,on intermittent
5654226,5656026,53394,134.24208068847656,47.35541534423828,159071.649792,0,1532,7786,2,0.3067647154018756,on perennial
5547978,5549779,53394,128.26124572753906,52.10041809082031,125537.132544,0,957,7061,2,0.26538802385924315,on perennial
5322988,5324788,53394,115.82791900634766,51.13541793823242,72275.099648,0,1074,5554,2,0.22988205549593937,on perennial
5308616,5310416,53394,115.02708435058594,48.338748931884766,68596.57216,0,1413,5457,1,0.2007332525461467,on intermittent
5434688,5432889,53394,121.9004135131836,41.10124969482422,179982.548992,0,2290,6290,2,0.39574695655890846,on perennial
5396786,5398586,53394,119.89958190917969,51.346248626708984,105408.47104,0,1048,6048,0,0.6701450451067472,near water
5470639,5472439,53394,123.99958038330078,46.05791473388672,188849.700864,0,1689,6545,1,0.41709430493783917,on intermittent
5656026,5657825,53394,134.29042053222656,47.40208435058594,159488.147456,0,1527,7792,2,0.47294801914149115,on perennial
5549779,5551579,53394,128.3995819091797,52.04291534423828,125839.335424,0,964,7078,2,0.13391387190120457,on perennial
5324788,5326587,53394,115.92208099365234,51.23625183105469,72448.221184,0,1062,5566,0,0.511403595756085,near water
5310416,5312215,53394,115.09541320800781,48.4345817565918,68653.764608,0,1401,5466,0,5.548399181346214,far from water
5432889,5432889,53394,121.8495864868164,40.991249084472656,190332.141568,1,2304,6284,2,0.42830487111528176,on perennial
5398586,5400386,53394,119.96458435058594,51.39958190917969,105917.15328,0,1042,6056,0,0.46601695124015247,near water
5472439,5472440,53394,123.98458099365234,46.01625061035156,188900.376576,0,1694,6543,1,0.46184052819362664,on intermittent
5657825,5659625,53394,134.3995819091797,47.43791580200195,161174.110208,0,1522,7806,2,0.34466243385920364,on perennial
5551579,5551580,53394,128.4570770263672,51.97541809082031,126025.547776,0,972,7085,2,0.19958790732152876,on perennial
5326587,5326586,53394,115.944580078125,51.299583435058594,73101.303808,0,1054,5569,0,0.3219979814899143,near water
5312215,5314014,53394,115.19708251953125,48.57041549682617,68771.250176,0,1385,5478,0,3.0732263890862295,near water
5400386,5398585,53394,119.98625183105469,51.446250915527344,106045.341696,0,1036,6058,2,0.38511098032583624,on perennial
5472440,5470640,53394,123.96375274658203,45.93541717529297,188954.263552,0,1704,6541,1,0.39134995427501185,on intermittent
5659625,5661425,53394,134.50209045410156,47.450416564941406,161223.819264,0,1521,7818,2,0.3129999471839361,on perennial
5551580,5553381,53394,128.51292419433594,51.9162483215332,126347.829248,0,979,7092,2,0.3201688353350623,on perennial
5326586,5328386,53394,115.99958038330078,51.342918395996094,73420.070912,0,1049,5575,1,0.1863215870463034,on intermittent
5314014,5315813,53394,115.26041412353516,48.59958267211914,69145.02656,0,1381,5486,1,0.4125374934526304,on intermittent
5398585,5398584,53394,119.97958374023438,51.50374984741211,108962.750464,0,1029,6058,2,0.38277606570430145,on perennial
5470640,5472441,53394,124.0120849609375,45.89875030517578,189691.281408,0,1709,6546,1,0.35712590854155274,on intermittent
5661425,5661424,53394,134.57208251953125,47.50458526611328,161715.666944,0,1514,7826,2,0.27415656198189403,on perennial
5553381,5555181,53394,128.59957885742188,51.87458419799805,126686.175232,0,984,7102,2,0.45559700347582177,on perennial
5328386,5330185,53394,116.07958221435547,51.41791534423828,73526.116352,0,1040,5585,1,0.2334423013973044,on intermittent
5315813,5317613,53394,115.42041778564453,48.59958267211914,69472.223232,0,1381,5505,1,0.3383065223257413,on intermittent
5398584,5400384,53394,120.03624725341797,51.577083587646484,109139.443712,0,1020,6064,2,0.5087971977537151,on perennial
5472441,5472443,53394,124.05958557128906,45.79875183105469,189805.215744,0,1721,6552,1,0.16887994988899338,on intermittent
5661424,5663224,53394,134.6495819091797,47.57624816894531,161807.761408,0,1505,7836,2,0.3929225997287624,on perennial
5555181,5556981,53394,128.7070770263672,51.881248474121094,126870.44608,0,984,7116,2,0.4668172149824538,on perennial
5330185,5328385,53394,116.04875183105469,51.44208526611328,82716.090368,0,1037,5581,1,0.18833979109356042,on intermittent
5317613,5317614,53394,115.43624877929688,48.55458450317383,69559.902208,0,1387,5507,1,0.16870768119852553,on intermittent
5400384,5400383,53394,120.09541320800781,51.65625,109546.487808,0,1011,6072,0,0.4020055447043453,near water
5472443,5474243,53394,124.13041687011719,45.632083892822266,233234.579456,0,1741,6561,1,0.16371069843969416,on intermittent
5663224,5663223,53394,134.67958068847656,47.59958267211914,162508.423168,0,1503,7839,2,0.47437159953722896,on perennial
5556981,5558781,53394,128.79959106445312,51.818748474121094,126967.087104,0,991,7127,2,0.2192543489211951,on perennial
5328385,5326585,53394,116.00041961669922,51.485416412353516,82923.216896,0,1032,5575,2,0.43141186471141113,on perennial
5317614,5315815,53394,115.39375305175781,48.46458435058594,70322.724864,0,1398,5502,0,1.106196963051196,near water
5400383,5402183,53394,120.0995864868164,51.67791748046875,109656.236032,0,1008,6072,2,0.23985992060948141,on perennial
5474243,5476043,53394,124.20625305175781,45.62874984741211,233362.2272,0,1741,6570,1,0.43186739981268746,on intermittent
5663223,5665023,53394,134.6995849609375,47.6470832824707,162604.908544,0,1497,7842,1,0.17990041548833682,on intermittent
5558781,5558782,53394,128.8504180908203,51.8004150390625,127910.232064,0,993,7133,0,0.6155338833160885,near water
5326585,5326584,53394,115.98625183105469,51.527915954589844,83009.626112,0,1026,5574,0,0.5116144382024116,near water
5315815,5314016,53394,115.33041381835938,48.39458465576172,71233.273856,0,1406,5494,0,1.7259438712787707,near water
5402183,5403982,53394,120.21375274658203,51.71291732788086,109826.596864,0,1004,6086,2,0.009980774159697158,on perennial
5476043,5476044,53394,124.22041320800781,45.60041809082031,233726.11584,0,1745,6572,1,0.22866464185112748,on intermittent
5665023,5665022,53394,134.7554168701172,47.702083587646484,162907.308032,0,1490,7849,2,0.26385934553189605,on perennial
5558782,5558783,53394,128.86375427246094,51.678749084472656,196592.8448,0,1008,7135,2,0.3104765513076703,on perennial
5326584,5324784,53394,115.8379135131836,51.532081604003906,83262.62784,0,1026,5556,2,0.23563168470713594,on perennial
5314016,5315816,53394,115.34708404541016,48.36708450317383,71333.019648,0,1410,5496,1,0.4185191389418422,on intermittent
5403982,5405782,53394,120.2995834350586,51.7720832824707,110075.486208,0,997,6096,2,0.28796190929771776,on perennial
5476044,5477844,53394,124.2995834350586,45.539581298828125,233871.310848,0,1752,6581,1,0.30762339767679503,on intermittent
5665022,5663221,53394,134.6879119873047,47.811248779296875,165841.190912,0,1477,7840,2,0.29118000536631294,on perennial
5558783,5556983,53394,128.77792358398438,51.63291549682617,197030.559744,0,1014,7124,2,0.28781779771575045,on perennial
5324784,5322983,53394,115.80291748046875,51.59958267211914,92172.394496,0,1018,5551,2,0.3231458521813739,on perennial
5315816,5317617,53394,115.39958190917969,48.303749084472656,71438.024704,0,1417,5502,0,7.718398467720809,far from water
5405782,5405781,53394,120.3812484741211,51.80875015258789,110169.858048,0,992,6106,2,0.3914884762283804,on perennial
5477844,5477845,53394,124.38458251953125,45.44291687011719,233938.567168,0,1764,6592,1,0.2764117340674653,on intermittent
5663221,5661420,53394,134.64874267578125,47.89958190917969,190487.085056,0,1466,7836,2,0.26700925614777277,on perennial
5556983,5556984,53394,128.77291870117188,51.60041809082031,197345.738752,0,1018,7123,2,0.43875620293851486,on perennial
5322983,5324783,53394,115.7995834350586,51.652915954589844,92500.025344,0,1011,5551,2,0.2464571314635305,on perennial
5317617,5317618,53394,115.46125030517578,48.18708419799805,71794.40128,0,1431,5510,0,8.312895493315947,far from water
5405781,5407581,53394,120.44625091552734,51.84208297729492,110502.633472,0,988,6114,2,0.32994094830255316,on perennial
5477845,5479645,53394,124.4437484741211,45.45458221435547,234026.795008,0,1763,6599,1,0.4186852400829018,on intermittent
5661420,5661419,53394,134.5745849609375,48.03791809082031,190897.340416,0,1449,7827,1,0.445968615859805,on intermittent
5556984,5555183,53394,128.69207763671875,51.582916259765625,197402.13248,0,1020,7114,2,0.2872273841600173,on perennial
5324783,5324782,53394,115.84541320800781,51.70541763305664,92546.678784,0,1005,5557,2,0.28687669321919995,on perennial
5317618,5319418,53394,115.507080078125,48.1470832824707,71881.883648,0,1436,5516,0,11.60437242494613,far from water
5407581,5409381,53394,120.49958038330078,51.88541793823242,110721.55648,0,983,6121,2,0.20729167017725297,on perennial
5479645,5481445,53394,124.50791931152344,45.42041778564453,234209.411072,0,1767,6607,2,0.400396527661362,on perennial
5661419,5663218,53394,134.6304168701172,48.11125183105469,194249.670656,0,1441,7833,2,0.5026879539754413,on perennial
5555183,5555184,53394,128.64625549316406,51.591251373291016,197529.567232,0,1019,7108,2,0.24900662794018463,on perennial
5324782,5326582,53394,115.90875244140625,51.77708435058594,130161.655808,0,996,5564,2,0.2284322324345052,on perennial
5319418,5319419,53394,115.53874969482422,48.10041809082031,72050.343936,0,1442,5519,0,10.143113457131845,far from water
5409381,5409380,53394,120.61541748046875,51.91958236694336,111006.564352,0,979,6135,2,0.17604695458805736,on perennial
5481445,5483245,53394,124.64208221435547,45.43375015258789,273038.032896,0,1765,6623,1,0.1703878320117042,on intermittent
5663218,5665018,53394,134.66458129882812,48.1995849609375,194486.714368,0,1430,7838,2,0.26266286104975073,on perennial
5555184,5553384,53394,128.5520782470703,51.54541778564453,198395.019264,0,1024,7097,2,0.31603548947643795,on perennial
5326582,5326581,53394,115.94208526611328,51.799583435058594,130307.2768,0,993,5568,2,0.46918105733918763,on perennial
5319419,5321219,53394,115.6362533569336,48.08208465576172,72299.692032,0,1444,5531,0,4.527804270693138,near water
5409380,5411180,53394,120.65625,51.944583892822266,111077.318656,0,976,6140,0,0.37676097897384564,near water
5483245,5485045,53394,124.6995849609375,45.44708251953125,345729.007616,0,1763,6630,1,0.4768429342790474,on intermittent
5665018,5663217,53394,134.6679229736328,48.23875045776367,195496.558592,0,1425,7838,2,0.09971721319102367,on perennial
5553384,5551584,53394,128.5004119873047,51.50958251953125,198546.014208,0,1029,7090,2,0.42052532239919693,on perennial
5326581,5328381,53394,116.00125122070312,51.818748474121094,130348.6464,0,991,5575,2,0.2779948548300708,on perennial
5321219,5323018,53394,115.7004165649414,48.12874984741211,72390.541312,0,1438,5539,1,0.4045324161423032,on intermittent
5411180,5411179,53394,120.71208190917969,52.00958251953125,111158.329344,0,968,6146,2,0.23882820187182224,on perennial
5485045,5486845,53394,124.82125091552734,45.45458221435547,345961.92256,0,1763,6645,1,0.5012659525660187,on intermittent
5663217,5665017,53394,134.6995849609375,48.26708221435547,195790.094336,0,1422,7842,2,0.31071674586428416,on perennial
5551584,5551585,53394,128.42958068847656,51.50041580200195,198646.284288,0,1030,7082,2,0.2381629641018586,on perennial
5328381,5330181,53394,116.14624786376953,51.85041809082031,130621.882368,0,987,5593,2,0.3011216265589152,on perennial
5323018,5324818,53394,115.83041381835938,48.15458297729492,72611.258368,0,1435,5555,1,0.3364936324669587,on intermittent
5411179,5412979,53394,120.7129135131836,52.07374954223633,127027.257344,0,960,6147,2,0.3593872084166952,on perennial
5486845,5490445,53394,124.91458129882812,45.49625015258789,346168.229888,0,1758,6656,1,0.44738240362382725,on intermittent
5665017,5666816,53394,134.78375244140625,48.30458450317383,195901.014016,0,1417,7852,2,0.12465835295864605,on perennial
5551585,5549785,53394,128.40042114257812,51.452083587646484,200776.974336,0,1036,7078,2,0.40599829863892833,on perennial
5330181,5331981,53394,116.22708129882812,51.876251220703125,130736.857088,0,984,5603,2,0.21854480379067567,on perennial
5324818,5326617,53394,115.89958190917969,48.18958282470703,72816.975872,0,1431,5563,1,0.07987883577727728,on intermittent
5412979,5412978,53394,120.75958251953125,52.12791442871094,127115.026432,0,954,6152,2,0.2993887252447831,on perennial
5490445,5492245,53394,125.08125305175781,45.37958526611328,362739.367936,0,1772,6676,2,0.30153417584799586,on perennial
5666816,5668616,53394,134.8995819091797,48.340415954589844,196064.62464,0,1413,7866,2,0.21133226957400073,on perennial
5549785,5547985,53394,128.3004150390625,51.42208480834961,200934.375424,0,1039,7066,2,0.25859239458640626,on perennial
5331981,5333781,53394,116.2995834350586,51.87291717529297,132248.715264,0,985,5612,2,0.4394660125477774,on perennial
5326617,5328417,53394,115.99958038330078,48.23958206176758,73061.097472,0,1425,5575,0,0.7372894135371021,near water
5412978,5411178,53394,120.7379150390625,52.22458267211914,129579.655168,0,942,6150,1,0.2537557868906704,on intermittent
5492245,5494045,53394,125.16874694824219,45.40041732788086,362946.134016,0,1769,6687,2,0.27870606104408946,on perennial
5668616,5670416,53394,135.00125122070312,48.36541748046875,196199.46496,0,1410,7878,2,0.351209337769941,on perennial
5547985,5546185,53394,128.2062530517578,51.39958190917969,200962.29376,0,1042,7055,2,0.1148477356958854,on perennial
5333781,5335581,53394,116.45375061035156,51.85041809082031,132349.149184,0,987,5630,2,0.33453438437466076,on perennial
5328417,5330217,53394,116.10375213623047,48.27458190917969,73234.661376,0,1421,5588,0,0.7070974028331637,near water
5411178,5412977,53394,120.75041961669922,52.256248474121094,133895.307264,0,938,6151,2,0.13063400467556413,on perennial
5494045,5495845,53394,125.30791473388672,45.40041732788086,363003.707392,0,1769,6703,2,0.3427980124481385,on perennial
5670416,5670415,53394,135.0762481689453,48.39875030517578,196280.81152,0,1406,7888,2,0.3894658115160668,on perennial
5546185,5546186,53394,128.19125366210938,51.37458419799805,205595.19744,0,1045,7053,2,0.009566456605678161,on perennial
5335581,5337381,53394,116.49958038330078,51.88041687011719,133011.0464,0,984,5636,1,0.30187602850039896,on intermittent
5330217,5330216,53394,116.11458587646484,48.36708450317383,73316.794368,0,1410,5589,0,0.5127431447400822,near water
5412977,5411177,53394,120.68875122070312,52.28874969482422,133985.886208,0,934,6144,0,0.3776997491126885,near water
5495845,5495846,53394,125.33708190917969,45.39374923706055,363164.336128,0,1770,6707,2,0.04463966920557318,on perennial
5546186,5546187,53394,128.1579132080078,51.292083740234375,205854.425088,0,1055,7049,2,0.03243719756241966,on perennial
5337381,5339180,53394,116.57125091552734,51.89958190917969,133192.179712,0,981,5645,2,0.44109033400144865,on perennial
5330216,5330215,53394,116.14291381835938,48.39958190917969,73945.300992,0,1406,5593,0,0.5021512993962713,near water
5411177,5411176,53394,120.61541748046875,52.348751068115234,134488.948736,0,927,6135,0,0.3995620404746572,near water
5495846,5497645,53394,125.37374877929688,45.39958190917969,365042.72896,0,1769,6711,2,0.37826575197540463,on perennial
5546187,5544387,53394,128.08291625976562,51.2287483215332,206032.273408,0,1063,7040,2,0.3036010420157246,on perennial
5339180,5340980,53394,116.6995849609375,51.93208312988281,160806.731776,0,977,5660,2,0.39509901290690574,on perennial
5330215,5332015,53394,116.1995849609375,48.422916412353516,74030.891008,0,1403,5599,0,2.277431794405911,near water
5411176,5411175,53394,120.6570816040039,52.39958190917969,134605.094912,0,921,6140,0,0.4739994129130036,near water
5497645,5499445,53394,125.50791931152344,45.47291564941406,365368.508416,0,1760,6728,2,0.37129845560080715,on perennial
5544387,5544388,53394,128.0120849609375,51.200416564941406,207094.677504,0,1066,7031,2,0.1872609334634925,on perennial
5340980,5342780,53394,116.82708740234375,51.972084045410156,161128.644608,0,973,5676,1,0.4737530179572214,on intermittent
5332015,5333815,53394,116.30291748046875,48.472084045410156,74089.422848,0,1397,5612,1,0.16295838921518804,on intermittent
5411175,5412974,53394,120.68208312988281,52.50541687011719,134892.21632,0,908,6143,2,0.13542246264396252,on perennial
5499445,5501244,53394,125.66374969482422,45.50374984741211,365554.630656,0,1757,6747,1,0.4243346348641312,on intermittent
5544388,5544389,53394,128.03707885742188,51.10041809082031,208136.142848,0,1078,7034,2,0.27695881937104866,on perennial
5342780,5344580,53394,116.89958190917969,51.992916107177734,161373.831168,0,970,5684,1,0.17579079566724398,on intermittent
5333815,5333814,53394,116.31375122070312,48.50041580200195,74693.951488,0,1393,5613,2,0.39748008602902585,on perennial
5412974,5411174,53394,120.7004165649414,52.5504150390625,135058.251776,0,902,6145,2,0.4403371416952861,on perennial
5501244,5503044,53394,125.6995849609375,45.51541519165039,386889.449472,0,1755,6751,2,0.19146062064646188,on perennial
5544389,5542589,53394,127.92958068847656,51.088748931884766,209064.460288,0,1080,7021,2,0.35476309473760453,on perennial
5344580,5344579,53394,116.96375274658203,52.00374984741211,161412.284416,0,969,5692,2,0.24014855067349591,on perennial
5333814,5335614,53394,116.35624694824219,48.50041580200195,75023.261696,0,1393,5618,0,1.3018455993162983,near water
5411174,5409373,53394,120.57958221435547,52.592918395996094,136974.155776,0,897,6130,2,0.36121580816302956,on perennial
5503044,5504844,53394,125.7995834350586,45.51124954223633,387567.058944,0,1756,6763,1,0.26974659821104624,on intermittent
5542589,5540789,53394,127.86958312988281,51.05125045776367,209162.715136,0,1084,7014,2,0.1806648110860318,on perennial
5344579,5346379,53394,117.02375030517578,52.03708267211914,161500.807168,0,965,5699,2,0.3366988694229692,on perennial
5335614,5337413,53394,116.50041961669922,48.5504150390625,75402.829824,0,1387,5636,0,1.339232815581665,near water
5409373,5407573,53394,120.4879150390625,52.62458419799805,137066.151936,0,893,6119,0,0.8272058608572652,near water
5504844,5506644,53394,125.9312515258789,45.56708526611328,387629.350912,0,1749,6779,1,0.05897829804388863,on intermittent
5540789,5540790,53394,127.87041473388672,51.00041580200195,224703.11936,0,1090,7014,2,0.3336563474725553,on perennial
5346379,5348179,53394,117.10624694824219,52.068748474121094,168752.08704,0,961,5709,2,0.23268801539013664,on perennial
5337413,5337414,53394,116.55374908447266,48.5845832824707,75826.757632,0,1383,5642,1,0.2866957635263367,on intermittent
5407573,5405773,53394,120.39208221435547,52.616249084472656,137327.337472,0,895,6108,0,0.5778346709997345,near water
5506644,5508443,53394,125.95958709716797,45.59958267211914,387724.476416,0,1745,6782,1,0.30828578525192435,on intermittent
5540790,5540791,53394,127.86708068847656,50.90041732788086,224888.897536,0,1102,7014,2,0.474866260198411,on perennial
5348179,5349979,53394,117.1995849609375,52.07958221435547,168862.089216,0,960,5721,2,0.45418468091283065,on perennial
5337414,5339214,53394,116.60624694824219,48.58208465576172,76048.87552,0,1383,5649,1,0.4757556306749758,on intermittent
5405773,5403973,53394,120.3004150390625,52.61958312988281,137450.422272,0,894,6097,2,0.28145087020119886,on perennial
5508443,5510243,53394,126.10874938964844,45.67375183105469,388073.160704,0,1736,6801,2,0.2820307264481921,on perennial
5540791,5538991,53394,127.79374694824219,50.83541488647461,224917.25824,0,1110,7005,2,0.3484399077005945,on perennial
5349979,5351778,53394,117.29708099365234,52.10041809082031,169033.416704,0,957,5732,2,0.2711906423960197,on perennial
5339214,5341013,53394,116.6995849609375,48.57875061035156,76313.329664,0,1384,5660,0,1.851712974081939,near water
5403973,5402173,53394,120.23291778564453,52.60041809082031,137835.64288,0,896,6088,2,0.4281699767591491,on perennial
5510243,5512043,53394,126.15374755859375,45.6995849609375,390284.148736,0,1733,6806,2,0.10716644985712025,on perennial
5538991,5540792,53394,127.7804183959961,50.78708267211914,225314.783232,0,1116,7003,2,0.2269162626448022,on perennial
5351778,5353578,53394,117.45458221435547,52.158748626708984,169347.334144,0,950,5752,2,0.24521884896709523,on perennial
5341013,5342813,53394,116.81375122070312,48.64374923706055,77261.791232,0,1376,5674,1,0.06570273878085692,on intermittent
5402173,5402174,53394,120.1370849609375,52.58374786376953,137923.62496,0,898,6077,2,0.4319758637940343,on perennial
5512043,5513843,53394,126.26875305175781,45.696250915527344,390355.124224,0,1733,6820,2,0.2655623001420777,on perennial
5540792,5538992,53394,127.75208282470703,50.7279167175293,227860.791296,0,1123,7000,2,0.38461359542018,on perennial
5353578,5355378,53394,117.49958038330078,52.193748474121094,170489.28256,0,946,5757,2,0.2642896938795622,on perennial
5342813,5344613,53394,116.89958190917969,48.655418395996094,77383.237632,0,1375,5684,1,0.4082655414103612,on intermittent
5402174,5400374,53394,120.08708190917969,52.5845832824707,142277.18144,0,898,6071,2,0.363277777115003,on perennial
5513843,5513842,53394,126.31124877929688,45.700416564941406,390857.785344,0,1733,6825,2,0.2104535320876453,on perennial
5538992,5538993,53394,127.74541473388672,50.69124984741211,228016.029696,0,1128,6999,2,0.15627659412071213,on perennial
5355378,5355377,53394,117.56625366210938,52.20624923706055,170525.40928,0,944,5765,2,0.19043391521235162,on perennial
5344613,5346412,53394,117.04624938964844,48.770416259765625,77520.871424,0,1361,5702,2,0.31372959062441597,on perennial
5400374,5400373,53394,120.03125,52.62791442871094,142376.22272,0,893,6064,0,0.5039973085041002,near water
5513842,5515642,53394,126.4437484741211,45.737083435058594,390946.193408,0,1728,6841,2,0.3281995660329992,on perennial
5538993,5537194,53394,127.72291564941406,50.598751068115234,228205.69088,0,1139,6996,2,0.13304885354507096,on perennial
5355377,5357177,53394,117.61708068847656,52.21125030517578,170636.32896,0,944,5771,2,0.40428983101697397,on perennial
5346412,5348211,53394,117.1187515258789,48.827083587646484,77627.072512,0,1354,5711,2,0.20702390317981675,on perennial
5400373,5398573,53394,120.06041717529297,52.6995849609375,142473.887744,0,884,6067,2,0.4368089398151641,on perennial
5515642,5517442,53394,126.49958038330078,45.762916564941406,391063.502848,0,1725,6848,1,0.194610471277002,on intermittent
5537194,5538995,53394,127.66542053222656,50.50041580200195,228315.250688,0,1151,6989,2,0.14824667909372108,on perennial
5357177,5358977,53394,117.6995849609375,52.251251220703125,172803.899392,0,939,5781,2,0.2802324229475929,on perennial
5348211,5350011,53394,117.24624633789062,48.84541702270508,81167.07328,0,1352,5726,2,0.4380867294645449,on perennial
5398573,5400372,53394,120.04541778564453,52.74041748046875,143907.995648,0,879,6066,0,0.5340369450930322,near water
5517442,5519241,53394,126.5995864868164,45.77958297729492,391548.665856,0,1723,6860,2,0.17516027113342084,on perennial
5538995,5538996,53394,127.72541809082031,50.346248626708984,228407.033856,0,1170,6997,2,0.42537293216270866,on perennial
5358977,5360778,53394,117.81458282470703,52.23208236694336,172987.039744,0,941,5795,2,0.13102705070823853,on perennial
5350011,5350011,53394,117.29125213623047,48.87541580200195,119982.825472,1,1348,5732,2,0.14958794861548338,on perennial
5400372,5402171,53394,120.0995864868164,52.79708480834961,144190.83264,0,873,6072,2,0.39706475033104,on perennial
5519241,5521041,53394,126.70625305175781,45.82958221435547,391805.140992,0,1717,6873,2,0.11633695451585807,on perennial
5538996,5537196,53394,127.69125366210938,50.31791687011719,232124.90752,0,1173,6992,2,0.23567945829463366,on perennial
5360778,5360777,53394,117.85375213623047,52.24625015258789,173081.083904,0,939,5800,2,0.3206751587750414,on perennial
5402171,5403971,53394,120.20958709716797,52.83541488647461,144350.134272,0,868,6086,0,0.2892423829286247,near water
5521041,5521040,53394,126.76374816894531,45.90791702270508,395564.908544,0,1708,6880,1,0.3395122304833182,on intermittent
5537196,5535397,53394,127.59124755859375,50.31291580200195,232267.644928,0,1174,6980,2,0.3202153516163693,on perennial
5360777,5362577,53394,117.89958190917969,52.2720832824707,173772.488704,0,936,5806,2,0.33965989422063764,on perennial
5403971,5405771,53394,120.2995834350586,52.89624786376953,144595.451904,0,861,6096,2,0.4648739683894373,on perennial
5521040,5522840,53394,126.7995834350586,45.92958450317383,431841.148928,0,1705,6884,2,0.1901906727135383,on perennial
5362577,5364376,53394,118.00875091552734,52.284584045410156,173935.263744,0,935,5819,2,0.3092623893212225,on perennial
5405771,5405770,53394,120.3629150390625,52.943748474121094,156713.074688,0,855,6104,2,0.18812438547447657,on perennial
5522840,5524639,53394,126.93708038330078,46.02375030517578,433285.20192,0,1694,6901,2,0.3760060693702734,on perennial
5364376,5366176,53394,118.0995864868164,52.313751220703125,174440.054784,0,931,5830,2,0.2062446223996051,on perennial
5405770,5407570,53394,120.39958190917969,52.95458221435547,156883.632128,0,853,6109,2,0.5163750434201503,on perennial
5524639,5526439,53394,127.0112533569336,46.032081604003906,433645.355008,0,1693,6910,2,0.38542671008523627,on perennial
5366176,5367976,53394,118.21208190917969,52.33541488647461,174533.656576,0,929,5843,2,0.4744184329939782,on perennial
5407570,5407569,53394,120.44291687011719,53.007083892822266,156950.626304,0,847,6114,2,0.16267468402693555,on perennial
5526439,5528240,53394,127.10958099365234,46.01124954223633,433721.344,0,1695,6922,2,0.1263989937443314,on perennial
5367976,5369776,53394,118.31291961669922,52.3345832824707,176763.994112,0,929,5856,2,0.3945152457173802,on perennial
5407569,5409369,53394,120.52375030517578,53.04624938964844,157229.154304,0,842,6124,0,0.47644103302429786,near water
5528240,5530040,53394,127.20458221435547,45.9779167175293,433806.737408,0,1699,6933,2,0.28190574219294684,on perennial
5369776,5371576,53394,118.4312515258789,52.37541580200195,176934.305792,0,924,5870,2,0.2836599785452709,on perennial
5409369,5411169,53394,120.5995864868164,53.097084045410156,157522.264064,0,836,6133,2,0.23220346721914806,on perennial
5530040,5531840,53394,127.34208679199219,45.966251373291016,436350.910464,0,1701,6950,2,0.4048114930128934,on perennial
5371576,5373376,53394,118.49958038330078,52.37291717529297,177067.982848,0,924,5878,2,0.1328275452140171,on perennial
5411169,5411168,53394,120.66542053222656,53.137916564941406,157949.427712,0,831,6141,2,0.27802760695720674,on perennial
5531840,5533640,53394,127.39958190917969,45.92625045776367,436663.74656,0,1705,6957,1,0.3755735896494395,on intermittent
5373376,5373375,53394,118.57708740234375,52.4154167175293,178315.231232,0,919,5888,0,0.38158242897386585,near water
5411168,5412967,53394,120.6995849609375,53.180416107177734,158207.328256,0,826,6145,2,0.11891338350501032,on perennial
5533640,5535440,53394,127.53791809082031,45.96125030517578,436742.06208,0,1701,6974,1,0.20192393371997527,on intermittent
5373375,5375175,53394,118.64375305175781,52.457916259765625,178557.321216,0,914,5896,2,0.3250836707202597,on perennial
5412967,5414768,53394,120.7995834350586,53.23208236694336,158668.55424,0,820,6157,2,0.13496817622461846,on perennial
5535440,5535439,53394,127.54792022705078,45.99958419799805,437085.405184,0,1697,6975,1,0.4402572008083729,on intermittent
5375175,5375174,53394,118.6137466430664,52.532081604003906,178807.619584,0,905,5892,2,0.2763799133832484,on perennial
5414768,5414767,53394,120.82291412353516,53.270416259765625,158823.186432,0,815,6160,2,0.20636103837965347,on perennial
5535439,5537239,53394,127.60458374023438,46.030418395996094,437549.891584,0,1693,6982,2,0.21500949537104258,on perennial
5375174,5376973,53394,118.6987533569336,52.59958267211914,179162.677248,0,897,5902,2,0.4881691924677258,on perennial
5414767,5416567,53394,120.89958190917969,53.28541564941406,159018.008576,0,813,6169,2,0.365770824415915,on perennial
5537239,5537240,53394,127.69625091552734,46.00041580200195,437649.73568,0,1696,6993,2,0.3847651857901475,on perennial
5376973,5378772,53394,118.7995834350586,52.69291687011719,179951.386624,0,885,5915,2,0.2920320827354605,on perennial
5416567,5418367,53394,121.02291870117188,53.28874969482422,159184.32256,0,813,6184,2,0.05454936837605009,on perennial
5537240,5539040,53394,127.74708557128906,45.950416564941406,437712.912384,0,1702,6999,1,0.4499980423973999,on intermittent
5378772,5380572,53394,118.90791320800781,52.75958251953125,180479.377408,0,877,5928,2,0.18864788295199222,on perennial
5418367,5418366,53394,121.05958557128906,53.299583435058594,159282.249728,0,812,6189,0,0.42257686447637494,near water
5539040,5540840,53394,127.8629150390625,45.924583435058594,439301.373952,0,1706,7013,2,0.3761240968643647,on perennial
5380572,5380571,53394,118.9254150390625,52.80458450317383,180710.211584,0,872,5930,2,0.31206975348505717,on perennial
5418366,5420167,53394,121.12958526611328,53.276248931884766,159345.410048,0,815,6197,2,0.4587740273806327,on perennial
5540840,5542640,53394,127.89958190917969,45.93291473388672,441271.025664,0,1705,7018,1,0.43497122567876106,on intermittent
5380571,5382371,53394,118.99208068847656,52.89958190917969,181128.265728,0,860,5938,2,0.14834796200046776,on perennial
5420167,5421967,53394,121.21875,53.27958297729492,159468.961792,0,814,6208,2,0.12693690897630697,on perennial
5542640,5544440,53394,128.00457763671875,45.938751220703125,441443.155968,0,1704,7030,2,0.24824279468479588,on perennial
5382371,5382370,53394,119.03541564941406,52.91958236694336,181224.2432,0,858,5943,2,0.2662974832938555,on perennial
5421967,5425566,53394,121.36958312988281,53.32208251953125,159601.393664,0,809,6226,2,0.08147361802297412,on perennial
5544440,5546240,53394,128.14041137695312,45.91041564941406,442016.39936,0,1707,7047,2,0.32184384028202906,on perennial
5382370,5384169,53394,119.0995864868164,52.98208236694336,193467.170816,0,850,5951,2,0.14502636243711278,on perennial
5546240,5548040,53394,128.2554168701172,45.94541549682617,442333.069312,0,1703,7061,2,0.17072160495532412,on perennial
5384169,5385968,53394,119.1995849609375,53.08791732788086,193760.0512,0,837,5963,2,0.30478993879311395,on perennial
5548040,5549840,53394,128.29959106445312,45.96875,442523.451392,0,1700,7066,2,0.24780469614158812,on perennial
5385968,5387768,53394,119.33041381835938,53.14624786376953,194609.47968,0,830,5979,2,0.23851837393898487,on perennial
5549840,5551640,53394,128.42041015625,45.95624923706055,443205.38624,0,1702,7081,2,0.257884206430051,on perennial
5387768,5389568,53394,119.41291809082031,53.194583892822266,194802.040832,0,824,5989,2,0.36721846519379575,on perennial
5551640,5553440,53394,128.4995880126953,45.91875076293945,443378.991104,0,1706,7090,2,0.371054918287153,on perennial
5389568,5389567,53394,119.4887466430664,53.1995849609375,194988.867584,0,824,5998,2,0.20429142609761478,on perennial
5553440,5555240,53394,128.64291381835938,45.91208267211914,443432.79616,0,1707,7108,2,0.20663282860957025,on perennial
5389567,5391367,53394,119.55374908447266,53.23208236694336,195167.420416,0,820,6006,2,0.13450706346309838,on perennial
5555240,5557040,53394,128.71542358398438,45.94041442871094,443817.263104,0,1704,7117,2,0.4160488663312289,on perennial
5391367,5393167,53394,119.617919921875,53.27541732788086,195349.512192,0,815,6014,1,0.38324501119658105,on intermittent
5557040,5558840,53394,128.79959106445312,45.972084045410156,456696.233984,0,1700,7127,2,0.2218764697566094,on perennial
5393167,5391366,53394,119.65374755859375,53.299583435058594,195495.755776,0,812,6018,2,0.3102666210130626,on perennial
5558840,5558841,53394,128.9012451171875,45.917083740234375,456755.970048,0,1707,7139,2,0.4411226709605192,on perennial
5391366,5393166,53394,119.65125274658203,53.347084045410156,196858.724352,0,806,6018,2,0.1204724019839488,on perennial
5558841,5560641,53394,128.8995819091797,45.88291549682617,457086.009344,0,1711,7139,2,0.32603476083603866,on perennial
5393166,5394966,53394,119.6995849609375,53.37291717529297,196943.085568,0,803,6024,2,0.26097512800002426,on perennial
5560641,5562440,53394,128.9995880126953,45.887916564941406,457287.696384,0,1710,7151,2,0.05560499740896263,on perennial
5394966,5394965,53394,119.7620849609375,53.407081604003906,197009.096704,0,799,6031,2,0.3599219776120825,on perennial
5562440,5564240,53394,129.12957763671875,45.92041778564453,457537.486848,0,1706,7167,2,0.20714492488873043,on perennial
5394965,5396765,53394,119.80958557128906,53.41875076293945,197094.146048,0,797,6037,2,0.2088725584516346,on perennial
5564240,5566039,53394,129.1995849609375,45.97458267211914,458241.835008,0,1700,7175,1,0.4329357875223847,on intermittent
5396765,5398565,53394,119.89958190917969,53.41791534423828,197417.61536,0,797,6048,2,0.3034421568853027,on perennial
5566039,5567838,53394,129.30624389648438,46.075416564941406,458919.837696,0,1687,7188,2,0.31328733698607086,on perennial
5398565,5400365,53394,120.007080078125,53.42625045776367,197775.720448,0,796,6061,2,0.292489596898706,on perennial
5567838,5567837,53394,129.35791015625,46.1995849609375,460242.583552,0,1672,7194,2,0.35883982475643855,on perennial
5400365,5402165,53394,120.0995864868164,53.48458480834961,198325.010432,0,789,6072,2,0.24660808453711708,on perennial
5567837,5569637,53394,129.40957641601562,46.26541519165039,460335.054848,0,1664,7201,2,0.3479820688790026,on perennial
5402165,5403965,53394,120.1995849609375,53.45541763305664,198400.114688,0,793,6084,2,0.25741604694250064,on perennial
5569637,5569636,53394,129.46292114257812,46.299583435058594,460826.673152,0,1660,7207,2,0.1645732198121426,on perennial
5403965,5405765,53394,120.33374786376953,53.4345817565918,198787.366912,0,795,6101,2,0.3710817877508951,on perennial
5569636,5571436,53394,129.56124877929688,46.348751068115234,498125.144064,0,1654,7219,2,0.18283800883065532,on perennial
5405765,5407565,53394,120.43208312988281,53.43208312988281,198868.123648,0,796,6112,2,0.4427382020403651,on perennial
5571436,5571435,53394,129.55792236328125,46.39958190917969,511234.637824,0,1648,7219,0,0.40752126750018036,near water
5407565,5409365,53394,120.49958038330078,53.460418701171875,199036.895232,0,792,6121,2,0.24586735498947487,on perennial
5571435,5573235,53394,129.60125732421875,46.457916259765625,511347.163136,0,1641,7224,2,0.07393562948884014,on perennial
5409365,5411165,53394,120.6137466430664,53.48875045776367,199388.20096,0,789,6134,2,0.3608556363147704,on perennial
5573235,5573234,53394,129.6512451171875,46.50541687011719,511540.396032,0,1635,7230,2,0.1921479001685258,on perennial
5411165,5412965,53394,120.6995849609375,53.46125030517578,199601.127424,0,792,6145,2,0.0869515225700671,on perennial
5573234,5575034,53394,129.71292114257812,46.5120849609375,511732.482048,0,1634,7237,2,0.4554907419379171,on perennial
5412965,5414764,53394,120.82291412353516,53.491249084472656,200046.772224,0,788,6160,2,0.4110640623755032,on perennial
5575034,5576834,53394,129.80792236328125,46.555416107177734,511850.151936,0,1629,7249,2,0.13880694022925513,on perennial
5414764,5416565,53394,120.95124816894531,53.49541473388672,200114.25792,0,788,6175,2,0.23106185668814133,on perennial
5576834,5578633,53394,129.9129180908203,46.626251220703125,511966.806016,0,1621,7262,2,0.45311855789057687,on perennial
5416565,5418365,53394,121.069580078125,53.49625015258789,200362.22976,0,788,6190,2,0.20415431620555516,on perennial
5578633,5578632,53394,129.96542358398438,46.72541809082031,532825.800704,0,1609,7268,2,0.42238668591115996,on perennial
5418365,5420165,53394,121.1137466430664,53.430416107177734,200588.00128,0,796,6195,2,0.18083199681148093,on perennial
5578632,5580432,53394,130.01124572753906,46.76791763305664,532979.580928,0,1603,7274,2,0.439811180360792,on perennial
5420165,5420164,53394,121.17874908447266,53.50791549682617,200736.407552,0,786,6203,2,0.3847698334646135,on perennial
5580432,5580431,53394,130.09957885742188,46.748748779296875,533576.941568,0,1606,7284,2,0.3234609781029617,on perennial
5420164,5421964,53394,121.2129135131836,53.520416259765625,200895.03744,0,785,6207,2,0.11160151322275844,on perennial
5580431,5582231,53394,130.09957885742188,46.813751220703125,534199.00928,0,1598,7284,2,0.24143106163017433,on perennial
5421964,5421965,53394,121.25291442871094,53.50041580200195,200978.989056,0,787,6212,0,0.6111250289711581,near water
5582231,5584031,53394,130.21875,46.81541442871094,534256.910336,0,1598,7299,2,0.37466434844285557,on perennial
5421965,5423765,53394,121.34041595458984,53.43541717529297,201039.085568,0,795,6223,0,0.36983476156845957,near water
5584031,5585831,53394,130.29959106445312,46.844581604003906,534598.221824,0,1594,7309,2,0.30100451539791045,on perennial
5423765,5423766,53394,121.3870849609375,53.40041732788086,201263.316992,0,799,6228,2,0.4322652082116087,on perennial
5585831,5587631,53394,130.42291259765625,46.8537483215332,534652.485632,0,1593,7323,2,0.3073342247820942,on perennial
5423766,5425566,53394,121.4629135131836,53.3345832824707,201390.374912,0,807,6237,2,0.4585786211115924,on perennial
5587631,5589430,53394,130.54959106445312,46.922916412353516,534704.750592,0,1585,7339,0,0.6433040643915143,near water
5425566,5427366,53394,121.5112533569336,53.33708190917969,363292.09856,0,807,6243,2,0.19592947040847475,on perennial
5589430,5589429,53394,130.5887451171875,47.01374816894531,534757.113856,0,1574,7344,1,0.45425930463359177,on intermittent
5427366,5429166,53394,121.64875030517578,53.3720817565918,363517.575168,0,803,6260,2,0.1092521184486999,on perennial
5589429,5591229,53394,130.63792419433594,47.04458236694336,537350.242304,0,1570,7350,2,0.31089990755012126,on perennial
5429166,5430966,53394,121.6995849609375,53.39125061035156,363719.819264,0,801,6266,2,0.4081450302910664,on perennial
5591229,5593029,53394,130.7062530517578,47.04624938964844,537417.121792,0,1570,7358,2,0.33609840265237856,on perennial
5430966,5432766,53394,121.77708435058594,53.39958190917969,363768.741888,0,800,6276,0,0.49778325710789784,near water
5593029,5593028,53394,130.7745819091797,47.14374923706055,537483.739136,0,1558,7366,2,0.1690804314983317,on perennial
5432766,5432765,53394,121.87374877929688,53.42625045776367,363813.011456,0,796,6287,2,0.3171444178818161,on perennial
5593028,5594828,53394,130.81625366210938,47.18208312988281,537776.881664,0,1553,7371,2,0.2006254753018828,on perennial
5432765,5434565,53394,121.9312515258789,53.42625045776367,363856.03584,0,796,6294,2,0.3110972799755546,on perennial
5594828,5596627,53394,130.9012451171875,47.20291519165039,542446.485504,0,1551,7381,1,0.42631583781467436,on intermittent
5434565,5436365,53394,122.06291961669922,53.42041778564453,364547.801088,0,797,6310,2,0.08882851857040977,on perennial
5596627,5598427,53394,130.9995880126953,47.22624969482422,544205.602816,0,1548,7393,2,0.28676511752503275,on perennial
5436365,5438165,53394,122.1370849609375,53.452083587646484,375623.221248,0,793,6319,2,0.18919803515522735,on perennial
5598427,5600228,53394,131.07791137695312,47.19541549682617,544270.614528,0,1552,7403,2,0.4003622938568054,on perennial
5438165,5439965,53394,122.1995849609375,53.465415954589844,375865.278464,0,792,6327,2,0.42191232442877136,on perennial
5600228,5600227,53394,131.1145782470703,47.1995849609375,544942.391296,0,1551,7407,2,0.2128774307766351,on perennial
5439965,5441764,53394,122.2995834350586,53.48625183105469,377802.09664,0,789,6339,2,0.09499497990497838,on perennial
5600227,5602028,53394,131.1995849609375,47.216251373291016,544998.326272,0,1549,7418,2,0.2333337990734628,on perennial
5441764,5441765,53394,122.34874725341797,53.50041580200195,377974.29248,0,787,6345,0,0.5315858553614533,near water
5602028,5603828,53394,131.3312530517578,47.180416107177734,545048.625152,0,1553,7434,2,0.43847279923788085,on perennial
5441765,5443565,53394,122.4504165649414,53.44291687011719,378165.067776,0,794,6357,2,0.2819020540737699,on perennial
5603828,5605627,53394,131.36708068847656,47.1995849609375,546072.428544,0,1551,7438,2,0.0727810226930651,on perennial
5443565,5445365,53394,122.53458404541016,53.45124816894531,378322.255872,0,793,6367,2,0.3194178050591975,on perennial
5605627,5607427,53394,131.5245819091797,47.256248474121094,547415.851008,0,1544,7457,2,0.18153452184274219,on perennial
5445365,5447165,53394,122.5995864868164,53.463748931884766,380596.289536,0,792,6375,2,0.23718270417250986,on perennial
5607427,5609227,53394,131.59957885742188,47.235416412353516,549202.231296,0,1547,7466,1,0.2647762160136641,on intermittent
5447165,5448965,53394,122.74624633789062,53.46291732788086,380672.344064,0,792,6393,2,0.11621427726425664,on perennial
5609227,5611027,53394,131.71041870117188,47.23875045776367,549239.390208,0,1546,7480,2,0.40429833880177257,on perennial
5448965,5450765,53394,122.81541442871094,53.45541763305664,384224.919552,0,793,6401,2,0.2832557410967498,on perennial
5611027,5612827,53394,131.84625244140625,47.26708221435547,549621.301248,0,1543,7496,2,0.106871034158352,on perennial
5450765,5452565,53394,122.89958190917969,53.465415954589844,384303.071232,0,792,6412,2,0.4583015726377446,on perennial
5612827,5614627,53394,131.9479217529297,47.25791549682617,549722.718208,0,1544,7508,2,0.21111352318312532,on perennial
5452565,5454364,53394,123.04624938964844,53.50374984741211,384425.885696,0,787,6429,2,0.20239990309334685,on perennial
5614627,5616426,53394,132.04624938964844,47.3245849609375,549824.036864,0,1536,7520,2,0.17852569333271598,on perennial
5454364,5456165,53394,123.11042022705078,53.50208282470703,384539.492352,0,787,6437,2,0.13493712759274606,on perennial
5616426,5618225,53394,132.09957885742188,47.3870849609375,550109.970432,0,1528,7527,2,0.35514468487054296,on perennial
5456165,5456164,53394,123.14707946777344,53.49958419799805,384701.530112,0,787,6442,2,0.4582629872476795,on perennial
5618225,5620025,53394,132.23458862304688,47.4254150390625,550314.31168,0,1524,7543,1,0.28749695438375394,on intermittent
5456164,5457964,53394,123.22291564941406,53.54875183105469,384760.05376,0,781,6451,2,0.44970818769817583,on perennial
5620025,5621825,53394,132.30291748046875,47.457916259765625,550363.79136,0,1520,7551,2,0.32224779870614423,on perennial
5457964,5459764,53394,123.30791473388672,53.55708312988281,385098.186752,0,780,6461,2,0.4231416661468622,on perennial
5621825,5621824,53394,132.34458923339844,47.49958419799805,550421.594112,0,1515,7556,2,0.37749837860803637,on perennial
5459764,5461564,53394,123.42208099365234,53.536251068115234,395045.863424,0,783,6475,2,0.05431207504500333,on perennial
5621824,5623624,53394,132.40708923339844,47.5404167175293,550475.923456,0,1510,7564,2,0.22704481951501887,on perennial
5461564,5463364,53394,123.47041320800781,53.50041580200195,395149.213696,0,787,6481,0,0.5135352943778104,near water
5623624,5623623,53394,132.4495849609375,47.59958267211914,550641.00864,0,1503,7569,1,0.39503545703404763,on intermittent
5463364,5465164,53394,123.63541412353516,53.5412483215332,395222.679552,0,782,6501,1,0.3710285031433066,on intermittent
5623623,5625422,53394,132.4995880126953,47.69041442871094,550753.861632,0,1492,7575,2,0.4139275437377573,on perennial
5465164,5466965,53394,123.68624877929688,53.50041580200195,395707.121664,0,787,6507,2,0.30408329865688466,on perennial
5466965,5468765,53394,123.86541748046875,53.485416412353516,395856.412672,0,789,6529,2,0.23738287072687725,on perennial
5468765,5470565,53394,123.93875122070312,53.45291519165039,398160.986112,0,793,6538,2,0.2683680939370404,on perennial
5470565,5472365,53394,123.99958038330078,53.408748626708984,398251.065344,0,798,6545,1,0.40665988407522846,on intermittent
5472365,5474166,53394,124.08875274658203,53.367916107177734,398498.824192,0,803,6556,1,0.389982198516665,on intermittent
5474166,5475966,53394,124.1995849609375,53.37291717529297,414810.505216,0,803,6569,2,0.21483992925672166,on perennial
5475966,5477767,53394,124.33208465576172,53.30875015258789,414949.834752,0,811,6585,2,0.41879868543721843,on perennial
5477767,5479567,53394,124.41041564941406,53.24625015258789,415020.711936,0,818,6595,1,0.20596279704857715,on intermittent
5479567,5481367,53394,124.49958038330078,53.20375061035156,419933.814784,0,823,6606,1,0.37718634321382094,on intermittent
5481367,5483167,53394,124.64875030517578,53.20541763305664,420034.838528,0,823,6624,2,0.23811896370867563,on perennial
5483167,5484968,53394,124.68541717529297,53.200416564941406,420140.253184,0,824,6628,2,0.2832788356315193,on perennial
5484968,5486768,53394,124.8012466430664,53.14208221435547,420385.390592,0,831,6642,2,0.22154723997411654,on perennial
5486768,5488568,53394,124.8812484741211,53.151248931884766,420658.741248,0,830,6652,2,0.343195063039687,on perennial
5488568,5490367,53394,124.99958038330078,53.18958282470703,420826.841088,0,825,6666,2,0.06382458719739285,on perennial
5490367,5492167,53394,125.0995864868164,53.20291519165039,420955.553792,0,823,6678,2,0.3800716999336346,on perennial
5492167,5493968,53394,125.19125366210938,53.196250915527344,421017.059328,0,824,6689,2,0.26340719967512216,on perennial
5493968,5495768,53394,125.34541320800781,53.13874816894531,424901.050368,0,831,6708,2,0.15429910098317157,on perennial
5495768,5497568,53394,125.39958190917969,53.123748779296875,427608.047616,0,833,6715,2,0.22016873037962972,on perennial
5497568,5497569,53394,125.49624633789062,53.06541442871094,427679.055872,0,840,6726,2,0.18248389550357075,on perennial
5497569,5499369,53394,125.5495834350586,53.063751220703125,427884.740608,0,840,6733,2,0.2647621091184801,on perennial
5499369,5501169,53394,125.63541412353516,53.05208206176758,427969.380352,0,842,6743,2,0.31810616540736,on perennial
5501169,5502970,53394,125.69291687011719,53.00041580200195,428057.165824,0,848,6750,2,0.10530810652066094,on perennial
5502970,5501170,53394,125.68374633789062,52.92791748046875,428131.024896,0,857,6749,2,0.256124972671264,on perennial
5501170,5501171,53394,125.65625,52.876251220703125,428236.14464,0,863,6746,0,0.3945245779528709,near water
5501171,5502971,53394,125.6995849609375,52.87041473388672,428618.776576,0,864,6751,2,0.28307613366148066,on perennial
5502971,5504771,53394,125.84791564941406,52.889583587646484,428873.351168,0,861,6769,2,0.33959123394814134,on perennial
5504771,5506571,53394,125.89958190917969,52.827083587646484,431910.289408,0,869,6775,2,0.12550781501739325,on perennial
5506571,5506572,53394,125.95708465576172,52.7620849609375,431953.805312,0,877,6782,2,0.18973961023506847,on perennial
5506572,5508372,53394,126.00125122070312,52.777915954589844,432170.27072,0,875,6788,2,0.2750058174869339,on perennial
5508372,5508373,53394,126.055419921875,52.75041580200195,433000.841216,0,878,6794,2,0.22432648518874496,on perennial
5508373,5506573,53394,126.00041961669922,52.6754150390625,433242.27584,0,887,6787,2,0.38459176960362135,on perennial
5506573,5508374,53394,126.0112533569336,52.58041763305664,433435.967488,0,899,6789,2,0.20300377260567223,on perennial
5508374,5510174,53394,126.1129150390625,52.58208465576172,433563.2384,0,899,6801,2,0.3311158332926302,on perennial
5510174,5510175,53394,126.20124816894531,52.532081604003906,433781.9648,0,905,6812,2,0.3012232307155631,on perennial
5510175,5511975,53394,126.1995849609375,52.465415954589844,433966.841856,0,913,6812,2,0.31172741920311375,on perennial
5511975,5513775,53394,126.31208038330078,52.428749084472656,434072.256512,0,917,6825,2,0.23849485904445822,on perennial
5513775,5513776,53394,126.31208038330078,52.33041763305664,435300.466688,0,929,6825,2,0.17734924206404576,on perennial
5513776,5515577,53394,126.39958190917969,52.30291748046875,435443.007488,0,932,6836,0,0.6337162142937218,near water
5515577,5513777,53394,126.3379135131836,52.25791549682617,435491.667968,0,938,6828,2,0.19908522200651516,on perennial
5513777,5513778,53394,126.31458282470703,52.1995849609375,435650.72384,0,945,6826,2,0.27552175899514475,on perennial
5513778,5515578,53394,126.39958190917969,52.18375015258789,435706.92096,0,947,6836,2,0.12609569886563465,on perennial
5515578,5517378,53394,126.54624938964844,52.1370849609375,435865.288704,0,953,6854,2,0.44843859718420837,on perennial
5517378,5517379,53394,126.53958129882812,52.10041809082031,436761.264128,0,957,6853,2,0.12465972287867,on perennial
5517379,5515579,53394,126.47208404541016,52.0404167175293,437159.559168,0,964,6845,2,0.3540939816660413,on perennial
5515579,5515580,53394,126.444580078125,52.00041580200195,437385.396224,0,969,6841,2,0.20215203553723202,on perennial
5515580,5517381,53394,126.50458526611328,51.91875076293945,437508.276224,0,979,6849,0,0.3087133886578203,near water
5517381,5519182,53394,126.5995864868164,51.80125045776367,437768.552448,0,993,6860,1,0.26593734773680733,on intermittent
5519182,5520982,53394,126.70625305175781,51.7287483215332,437798.895616,0,1002,6873,2,0.07018788539735848,on perennial
5520982,5520983,53394,126.72208404541016,51.66875076293945,438993.420288,0,1009,6875,2,0.3242222051716369,on perennial
5520983,5519184,53394,126.7004165649414,51.62041473388672,470189.99808,0,1015,6872,2,0.24737297723015006,on perennial
5519184,5520984,53394,126.70791625976562,51.569583892822266,470272.114688,0,1021,6873,2,0.3545365556904044,on perennial
5520984,5522784,53394,126.7995834350586,51.54875183105469,470687.08864,0,1024,6884,2,0.19596940299538246,on perennial
5522784,5520985,53394,126.81625366210938,51.50041580200195,472819.95776,0,1030,6886,2,0.2908699529611746,on perennial
5520985,5522785,53394,126.805419921875,51.41958236694336,472884.772864,0,1040,6885,2,0.4122527343937401,on perennial
5522785,5524586,53394,126.89958190917969,51.405418395996094,474030.604288,0,1041,6896,2,0.34307076693590877,on perennial
5524586,5522786,53394,126.86458587646484,51.342918395996094,474102.857728,0,1049,6892,2,0.17601308628266327,on perennial
5522786,5522787,53394,126.81041717529297,51.29291534423828,474241.92512,0,1055,6886,1,0.2397450137613363,on intermittent
5522787,5526386,53394,126.94291687011719,51.33208465576172,474316.210176,0,1050,6902,2,0.23661195363889373,on perennial
5526386,5524587,53394,126.97624969482422,51.3095817565918,474489.192448,0,1053,6906,0,0.4219815583353659,near water
5524587,5522788,53394,126.89958190917969,51.21125030517578,474618.331136,0,1065,6896,2,0.301080757107418,on perennial
5522788,5524588,53394,126.89958190917969,51.174583435058594,474742.554624,0,1069,6896,2,0.3310739102527528,on perennial
5524588,5522789,53394,126.91542053222656,51.090415954589844,477049.061376,0,1079,6898,2,0.4563037069852552,on perennial
5522789,5524589,53394,126.95208740234375,51.04458236694336,477149.724672,0,1085,6903,2,0.12506090101348355,on perennial
5524589,5526390,53394,127.01791381835938,50.991249084472656,477386.99776,0,1091,6911,0,0.6160103585274945,near water
5526390,5528190,53394,127.0995864868164,50.94041442871094,477575.446528,0,1098,6921,2,0.39038505102660614,on perennial
5528190,5528191,53394,127.1504135131836,50.89374923706055,478276.64896,0,1103,6927,2,0.28336228982309536,on perennial
5528191,5529992,53394,127.1995849609375,50.82208251953125,479250.18624,0,1112,6933,2,0.1278419167217491,on perennial
5529992,5529993,53394,127.2995834350586,50.74541473388672,480027.017216,0,1121,6945,2,0.25200204661840897,on perennial
5529993,5531793,53394,127.32041931152344,50.632083892822266,480112.574464,0,1135,6947,2,0.2500247483358844,on perennial
5531793,5531794,53394,127.34874725341797,50.60041809082031,480975.42144,0,1139,6951,1,0.16434618552628183,on intermittent
5531794,5529995,53394,127.3004150390625,50.4879150390625,481332.002816,0,1152,6945,2,0.44033728451205634,on perennial
5529995,5531795,53394,127.35874938964844,50.43708419799805,481429.454848,0,1159,6952,2,0.3320066048492543,on perennial
5531795,5531796,53394,127.34708404541016,50.38041687011719,484795.121664,0,1166,6951,0,0.5931634744374565,near water
5531796,5531797,53394,127.36042022705078,50.3004150390625,485151.965184,0,1175,6952,2,0.25045692023198346,on perennial
5531797,5533597,53394,127.43875122070312,50.2720832824707,485230.379008,0,1179,6962,2,0.3548813118629972,on perennial
5533597,5535397,53394,127.56375122070312,50.243751525878906,485298.896896,0,1182,6977,2,0.08230358716287266,on perennial
5535397,5537198,53394,127.60458374023438,50.2379150390625,717694.042112,0,1183,6982,2,0.21237388332008855,on perennial
5537198,5535398,53394,127.57125091552734,50.12874984741211,717837.631488,0,1196,6978,2,0.09893271210039355,on perennial
5535398,5535399,53394,127.53541564941406,50.10041809082031,718755.004416,0,1199,6973,2,0.5029453738644137,on perennial
5535399,5533599,53394,127.49958038330078,50.05458450317383,718792.753152,0,1205,6969,2,0.08617439643867755,on perennial
5533599,5535400,53394,127.4887466430664,50.00041580200195,719624.863744,0,1212,6968,2,0.40585903714592647,on perennial
5535400,5535401,53394,127.5320816040039,49.89291763305664,719710.912512,0,1225,6973,2,0.3696071633296262,on perennial
5535401,5537201,53394,127.5687484741211,49.786251068115234,722733.694976,0,1238,6978,2,0.5130497218711806,on perennial
5537201,5537202,53394,127.65208435058594,49.776248931884766,723338.395648,0,1239,6988,2,0.32163789551507255,on perennial
5537202,5537203,53394,127.67208099365234,49.700416564941406,723629.637632,0,1248,6990,2,0.06857022650522851,on perennial
5537203,5539003,53394,127.6995849609375,49.659584045410156,723818.053632,0,1253,6993,2,0.25447659758057833,on perennial
5539003,5540804,53394,127.79708099365234,49.60041809082031,723907.182592,0,1260,7005,2,0.13302949718962248,on perennial
5540804,5542603,53394,127.9070816040039,49.575416564941406,724272.218112,0,1263,7019,2,0.2846350961077605,on perennial
5542603,5544404,53394,127.9887466430664,49.60041809082031,725776.728064,0,1260,7028,2,0.2658991390708784,on perennial
5544404,5546204,53394,128.1054229736328,49.54708480834961,725880.602624,0,1267,7043,2,0.5058702369328012,on perennial
5546204,5548004,53394,128.1995849609375,49.53874969482422,725976.612864,0,1268,7054,2,0.4308566894546289,on perennial
5548004,5549804,53394,128.29959106445312,49.555416107177734,726293.348352,0,1266,7066,2,0.4547230317078756,on perennial
5549804,5551604,53394,128.44041442871094,49.58708190917969,727491.477504,0,1262,7083,2,0.32080144736404165,on perennial
5551604,5553403,53394,128.4995880126953,49.59208297729492,727677.927424,0,1261,7090,2,0.22191243411668365,on perennial
5553403,5553404,53394,128.5629119873047,49.59791564941406,729096.454144,0,1260,7098,2,0.3297145741705351,on perennial
5553404,5555204,53394,128.62290954589844,49.588748931884766,729220.05504,0,1261,7105,2,0.46812156843101776,on perennial
5555204,5557004,53394,128.7695770263672,49.58708190917969,732182.085632,0,1262,7123,2,0.30521988186919213,on perennial
5557004,5557005,53394,128.7687530517578,49.52958297729492,732792.553472,0,1269,7123,2,0.329030262588468,on perennial
5557005,5558805,53394,128.79959106445312,49.47291564941406,733063.675904,0,1276,7127,2,0.4786510566414887,on perennial
5558805,5560606,53394,128.8995819091797,49.4787483215332,733241.540608,0,1275,7139,2,0.2032488196350707,on perennial
5560606,5560605,53394,128.95458984375,49.45624923706055,748928.761856,0,1278,7146,1,0.5202481434499294,on intermittent
5560605,5562405,53394,128.9995880126953,49.45375061035156,754632.2944,0,1278,7151,2,0.1543614108776723,on perennial
5562405,5562406,53394,129.04624938964844,49.38041687011719,754685.116416,0,1287,7157,2,0.34080137973457236,on perennial
5562406,5564206,53394,129.09957885742188,49.3529167175293,755001.524224,0,1290,7163,2,0.07208281520628076,on perennial
5564206,5566006,53394,129.26292419433594,49.39125061035156,755116.015616,0,1285,7183,2,0.3814733451306249,on perennial
5566006,5567806,53394,129.29959106445312,49.36125183105469,755451.101184,0,1289,7187,2,0.2010257097528224,on perennial
5567806,5567805,53394,129.36708068847656,49.402915954589844,755757.54752,0,1284,7196,1,0.2926762505106618,on intermittent
5567805,5569605,53394,129.3995819091797,49.43791580200195,756747.862016,0,1280,7199,2,0.3512007226472503,on perennial
5569605,5571405,53394,129.50209045410156,49.422916412353516,756805.926912,0,1282,7212,2,0.4008345053562451,on perennial
5571405,5571406,53394,129.53457641601562,49.40041732788086,826939.342848,0,1284,7216,2,0.2953627201095425,on perennial
5571406,5571407,53394,129.5629119873047,49.28791809082031,827109.146624,0,1298,7219,2,0.15960488339430565,on perennial
5571407,5573207,53394,129.59957885742188,49.276248931884766,827338.063872,0,1299,7224,2,0.3693112914579365,on perennial
5573207,5575007,53394,129.7237548828125,49.278751373291016,827410.415616,0,1299,7239,2,0.15930829598142077,on perennial
5575007,5576808,53394,129.75291442871094,49.200416564941406,827739.275264,0,1309,7242,2,0.45323412830718735,on perennial
5576808,5578609,53394,129.91207885742188,49.06458282470703,837200.314368,0,1325,7262,2,0.25839984819253575,on perennial
5578609,5580410,53394,130.0120849609375,49.01708221435547,837567.381504,0,1331,7274,2,0.2857915441676151,on perennial
5580410,5582210,53394,130.0987548828125,48.95375061035156,840116.14208,0,1338,7284,2,0.4202179909313376,on perennial
5582210,5584011,53394,130.19708251953125,48.897918701171875,841763.38944,0,1345,7296,2,0.20223086896513368,on perennial
5584011,5585811,53394,130.29959106445312,48.87041473388672,842018.127872,0,1349,7309,1,0.5041610258508529,on intermittent
5585811,5587611,53394,130.40625,48.902915954589844,843376.951296,0,1345,7321,2,0.4627497544539351,on perennial
5587611,5589411,53394,130.5120849609375,48.854583740234375,843730.78016,0,1350,7334,2,0.4583783537136536,on perennial
5589411,5591211,53394,130.59957885742188,48.87541580200195,843923.718144,0,1348,7345,2,0.08370335164583066,on perennial
5591211,5591212,53394,130.6245880126953,48.797916412353516,846148.07552,0,1357,7348,2,0.3037388809614781,on perennial
5591212,5589412,53394,130.59124755859375,48.742916107177734,846323.318784,0,1364,7344,2,0.06450176161782037,on perennial
5589412,5589413,53394,130.54042053222656,48.653751373291016,846432.960512,0,1375,7338,2,0.24275022957527692,on perennial
5589413,5591214,53394,130.57542419433594,48.59958267211914,848075.48928,0,1381,7342,1,0.33861399110086055,on intermittent
5591214,5591215,53394,130.61041259765625,48.50041580200195,848312.205312,0,1393,7346,2,0.3803761780217284,on perennial
5591215,5593014,53394,130.6995849609375,48.506248474121094,848559.341568,0,1393,7357,2,0.2921272375002086,on perennial
5593014,5593015,53394,130.7554168701172,48.50041580200195,848893.771776,0,1393,7364,2,0.3783887700483665,on perennial
5593015,5593016,53394,130.7495880126953,48.40041732788086,849291.902976,0,1406,7363,2,0.45255885189453876,on perennial
5593016,5594816,53394,130.8129119873047,48.34208297729492,851459.11296,0,1413,7371,2,0.41097331762801,on perennial
5594816,5594817,53394,130.83457946777344,48.3004150390625,852136.165376,0,1418,7373,2,0.4128650789817969,on perennial
5594817,5593017,53394,130.77291870117188,48.25374984741211,852278.96832,0,1423,7366,2,0.2692321992077437,on perennial
5593017,5593018,53394,130.75457763671875,48.200416564941406,852384.022528,0,1430,7364,0,0.47976357306133227,near water
5593018,5591218,53394,130.6687469482422,48.13041687011719,852472.561664,0,1438,7353,2,0.2799923806369722,on perennial
5591218,5591219,53394,130.65957641601562,48.09375,852561.166336,0,1443,7352,2,0.3111565291500251,on perennial
5591219,5593019,53394,130.70208740234375,48.03791809082031,852756.332544,0,1449,7357,2,0.4588753780230828,on perennial
5593019,5593020,53394,130.75457763671875,47.998748779296875,852935.31136,0,1454,7364,2,0.2619588831119019,on perennial
5593020,5594820,53394,130.84625244140625,47.946250915527344,853025.42336,0,1461,7375,2,0.420907603264068,on perennial
5594820,5596620,53394,130.89874267578125,47.90041732788086,853134.016512,0,1466,7381,2,0.14742725513581867,on perennial
5596620,5596621,53394,130.9270782470703,47.85708236694336,853432.7296,0,1471,7385,2,0.4182849377569457,on perennial
5596621,5596622,53394,130.95291137695312,47.79875183105469,853506.195456,0,1478,7388,2,0.43548576771906217,on perennial
5596622,5598423,53394,130.9879150390625,47.700416564941406,854470.16448,0,1490,7392,2,0.3293384293179025,on perennial
5598423,5600223,53394,131.09957885742188,47.6845817565918,854522.59328,0,1492,7406,2,0.3959282513352345,on perennial
5600223,5602022,53394,131.19207763671875,47.707916259765625,854567.550976,0,1489,7417,2,0.4467835899476091,on perennial
5602022,5603822,53394,131.29959106445312,47.73291778564453,854612.508672,0,1486,7430,2,0.4134248880579939,on perennial
5603822,5605622,53394,131.4495849609375,47.74458312988281,854650.454016,0,1485,7448,2,0.040647119133447325,on perennial
5605622,5607423,53394,131.4995880126953,47.73625183105469,856470.913024,0,1486,7454,2,0.013972308206902146,on perennial
5607423,5609222,53394,131.59957885742188,47.65625,856797.937664,0,1496,7466,2,0.2735816043705712,on perennial
5609222,5611023,53394,131.75958251953125,47.68541717529297,856863.997952,0,1492,7486,1,0.3432862173451818,on intermittent
5611023,5612823,53394,131.83041381835938,47.67041778564453,856930.123776,0,1494,7494,2,0.059256564922535934,on perennial
5612823,5612822,53394,131.9045867919922,47.68708419799805,857132.433408,0,1492,7503,1,0.05813732046337193,on intermittent
5612822,5614623,53394,131.9429168701172,47.66208267211914,859140.653056,0,1495,7508,2,0.16543394779838647,on perennial
5614623,5616422,53394,131.98875427246094,47.6995849609375,859333.066752,0,1490,7513,2,0.4575018656355072,on perennial
5616422,5618222,53394,132.1162567138672,47.70375061035156,859393.2288,0,1490,7529,2,0.16392263237661125,on perennial
5618222,5620022,53394,132.25791931152344,47.71208190917969,859816.525824,0,1489,7546,2,0.07327314975181229,on perennial
5620022,5623622,53394,132.29959106445312,47.75374984741211,867433.51296,0,1484,7551,2,0.09956769968247552,on perennial
5623622,5625422,53394,132.5195770263672,47.71125030517578,869315.969024,0,1489,7578,2,0.2318219212653709,on perennial
5625422,5625421,53394,132.59042358398438,47.77375030517578,1420158.173184,0,1481,7586,2,0.4513238682825974,on perennial
5625421,5627221,53394,132.60125732421875,47.81624984741211,1420681.019392,0,1476,7588,2,0.41061640187495274,on perennial
5627221,5627220,53394,132.67041015625,47.89958190917969,1420831.227904,0,1466,7596,2,0.20638152197820278,on perennial
5627220,5629020,53394,132.71124267578125,47.96125030517578,1421736.804352,0,1459,7601,2,0.2509137681544722,on perennial
5629020,5630820,53394,132.79959106445312,47.92958450317383,1422084.407296,0,1463,7612,2,0.4661639588678404,on perennial
5630820,5632619,53394,132.90042114257812,48.012916564941406,1424481.189888,0,1452,7624,2,0.45804130790509673,on perennial
5632619,5634419,53394,133.02374267578125,48.06458282470703,1424823.943168,0,1446,7639,2,0.2545977180719077,on perennial
5634419,5634418,53394,133.069580078125,48.10958480834961,1424997.74464,0,1441,7644,2,0.284106694729557,on perennial
5634418,5636219,53394,133.14625549316406,48.10874938964844,1425345.7408,0,1441,7654,2,0.27968022870949616,on perennial
5636219,5638019,53394,133.26292419433594,48.09375,1425445.35552,0,1443,7668,2,0.3345379979270338,on perennial
5638019,5639818,53394,133.29959106445312,48.097084045410156,1425575.77216,0,1442,7672,2,0.2770330642996858,on perennial
5639818,5643418,53394,133.46958923339844,48.1129150390625,1436819.78368,0,1440,7693,2,0.3548299388388929,on perennial
5643418,5645218,53394,133.59957885742188,48.19708251953125,1438942.101504,0,1430,7709,2,0.3159437553469481,on perennial
5645218,5647017,53394,133.6995849609375,48.18541717529297,1439335.841792,0,1432,7721,2,0.44488480532584973,on perennial
5647017,5648817,53394,133.79959106445312,48.26041793823242,1440474.464256,0,1422,7733,2,0.45939499272508366,on perennial
5648817,5650616,53394,133.9370880126953,48.30208206176758,1440509.984768,0,1417,7749,2,0.4802344621267149,on perennial
5650616,5652416,53394,134.00625610351562,48.311248779296875,1440740.016128,0,1416,7758,2,0.3090718569739557,on perennial
5652416,5654216,53394,134.15541076660156,48.347084045410156,1441333.641216,0,1412,7776,2,0.057675075875991126,on perennial
5654216,5656016,53394,134.2637481689453,48.37874984741211,1441402.191872,0,1408,7789,2,0.1281110957549497,on perennial
5656016,5657816,53394,134.29959106445312,48.37874984741211,1443926.50752,0,1408,7793,2,0.26845914027815476,on perennial
5657816,5659615,53394,134.40708923339844,48.38874816894531,1443966.48448,0,1407,7806,2,0.2650253323579727,on perennial
5659615,5661415,53394,134.51458740234375,48.42041778564453,1444135.56736,0,1403,7819,2,0.285020539981732,on perennial
5661415,5663215,53394,134.59957885742188,48.41041564941406,1445467.652096,0,1404,7830,2,0.31239780724662725,on perennial
5663215,5665016,53394,134.6995849609375,48.40208435058594,1445559.533568,0,1405,7842,2,0.29275448468820997,on perennial
5665016,5666815,53394,134.86209106445312,48.403751373291016,1445725.863936,0,1405,7862,2,0.27837242595219985,on perennial
5666815,5668615,53394,134.8995819091797,48.438751220703125,1445816.172544,0,1401,7866,2,0.14375571206851656,on perennial
5668615,5670415,53394,135.05125427246094,48.45624923706055,1445877.51424,0,1399,7885,2,0.3848871043368482,on perennial
5670415,5670414,53394,135.0245819091797,48.49958419799805,1642335.961088,0,1393,7881,2,0.47783348258294833,on perennial
5670414,5670413,53394,135.0137481689453,48.616249084472656,1642585.915392,0,1379,7880,2,0.32098513941146084,on perennial
5670413,5672213,53394,135.09957885742188,48.6370849609375,1672679.391232,0,1377,7890,2,0.27104806512938995,on perennial
5672213,5674012,53394,135.21875,48.72624969482422,1672788.836352,0,1366,7905,2,0.12000628000039451,on perennial
5674012,5677612,53394,135.29959106445312,48.77124786376953,1674544.283648,0,1361,7915,2,0.46926193237348307,on perennial
5677612,5679412,53394,135.4995880126953,48.748748779296875,1674840.506368,0,1363,7939,2,0.2805665213290079,on perennial
5679412,5681212,53394,135.64625549316406,48.76124954223633,1675643.584512,0,1362,7957,2,0.30940892416732363,on perennial
5681212,5683012,53394,135.6995849609375,48.74625015258789,1679630.66368,0,1364,7963,2,0.37889353089535727,on perennial
5683012,5684811,53394,135.79959106445312,48.78125,1679720.841216,0,1359,7975,2,0.3435227312392665,on perennial
5684811,5686611,53394,135.8995819091797,48.83708190917969,1680027.680768,0,1353,7987,2,0.43244556795378614,on perennial
5686611,5686610,53394,135.96542358398438,48.922916412353516,1680104.620032,0,1342,7995,2,0.24693588751992987,on perennial
5686610,5688410,53394,135.9995880126953,48.95624923706055,1680316.301312,0,1338,7999,2,0.2986061676762882,on perennial
5688410,5690210,53394,136.1195831298828,48.963748931884766,1680529.16224,0,1337,8014,2,0.20863193661888654,on perennial
5690210,5692009,53394,136.23374938964844,49.03708267211914,1680608.4608,0,1328,8028,2,0.3262833840920948,on perennial
5692009,5692008,53394,136.2929229736328,49.1462516784668,1687711.645696,0,1315,8035,2,0.09717172909112615,on perennial
5692008,5693807,53394,136.30792236328125,49.23958206176758,1688063.83616,0,1304,8037,2,0.2171465658377398,on perennial
5693807,5693806,53394,136.34375,49.299583435058594,1688154.800128,0,1297,8041,2,0.45131014960255184,on perennial
5693806,5695605,53394,136.40208435058594,49.382083892822266,1688308.678656,0,1287,8048,2,0.462496908081253,on perennial
5695605,5697405,53394,136.4995880126953,49.45624923706055,1704304.443392,0,1278,8060,2,0.43209417790582694,on perennial
5697405,5699205,53394,136.62791442871094,49.47041702270508,1704452.554752,0,1276,8076,2,0.2884835649751768,on perennial
5699205,5701005,53394,136.6995849609375,49.471248626708984,1704552.431616,0,1276,8084,2,0.3182123952346111,on perennial
5701005,5702804,53394,136.8229217529297,49.508750915527344,1704626.225152,0,1271,8099,2,0.21256468515873692,on perennial
5702804,5702803,53394,136.85874938964844,49.59958267211914,1704772.108288,0,1260,8104,2,0.2825435338094647,on perennial
5702803,5702802,53394,136.82958984375,49.6995849609375,1705668.640768,0,1248,8100,2,0.046452109752854846,on perennial
5702802,5701002,53394,136.7987518310547,49.75958251953125,1706368.827392,0,1241,8096,2,0.2880692491946484,on perennial
5701002,5701001,53394,136.7204132080078,49.83958435058594,1706485.219328,0,1231,8087,2,0.12084381338929508,on perennial
5701001,5701000,53394,136.7637481689453,49.89958190917969,1721210.765312,0,1224,8092,2,0.19497757430989082,on perennial
5701000,5700999,53394,136.7762451171875,49.99958419799805,1721321.39008,0,1212,8094,1,0.38615381023109413,on intermittent
5700999,5702799,53394,136.82208251953125,50.055416107177734,1721355.206656,0,1205,8099,2,0.1231670655647916,on perennial
5702799,5702798,53394,136.85208129882812,50.09958267211914,1723128.348672,0,1200,8103,2,0.43167137438598774,on perennial
5702798,5704597,53394,136.8995819091797,50.18958282470703,1734929.154048,0,1189,8109,1,0.4255565335952969,on intermittent
5704597,5706397,53394,137.00291442871094,50.243751525878906,1735443.349504,0,1182,8121,2,0.07923205753858265,on perennial
5706397,5708196,53394,137.0762481689453,50.30875015258789,1735505.215488,0,1174,8130,2,0.1826460325438633,on perennial
5708196,5706396,53394,137.06459045410156,50.35708236694336,1737332.752384,0,1168,8129,1,0.4104963171270641,on intermittent
5706396,5706395,53394,137.06040954589844,50.42625045776367,1738223.910912,0,1160,8128,1,0.04636044809126058,on intermittent
5706395,5706394,53394,137.03958129882812,50.49958419799805,1738687.77472,0,1151,8126,2,0.29226032790942674,on perennial
5706394,5709993,53394,137.16958618164062,50.60958480834961,1740142.149632,0,1138,8141,2,0.29107567128108874,on perennial
5709993,5711793,53394,137.29959106445312,50.680416107177734,1740882.313216,0,1129,8157,2,0.13528220479621175,on perennial
5711793,5713593,53394,137.44874572753906,50.67124938964844,1740927.533056,0,1130,8175,2,0.24419242666377847,on perennial
5713593,5715393,53394,137.53208923339844,50.67625045776367,1741073.678336,0,1130,8185,2,0.34179429305108266,on perennial
5715393,5717192,53394,137.6195831298828,50.70291519165039,1741220.872192,0,1126,8196,2,0.3997430648268745,on perennial
5717192,5718992,53394,137.70291137695312,50.7095832824707,1763704.700928,0,1126,8206,2,0.36026702426624996,on perennial
5718992,5720792,53394,137.84375,50.76124954223633,1763883.08992,0,1119,8223,2,0.3198576088012583,on perennial
5720792,5722592,53394,137.91624450683594,50.783748626708984,1764226.49856,0,1117,8232,2,0.371643115923571,on perennial
5722592,5722591,53394,137.95291137695312,50.799583435058594,1766067.011584,0,1115,8236,2,0.30081773135004186,on perennial
5722591,5724391,53394,138.04208374023438,50.867916107177734,1766272.794624,0,1106,8247,2,0.3848907027091302,on perennial
5724391,5726191,53394,138.12374877929688,50.87708282470703,1766689.865728,0,1105,8257,2,0.28607146066320827,on perennial
5726191,5726190,53394,138.15625,50.89958190917969,1766844.792832,0,1103,8261,2,0.3924047808603553,on perennial
5726190,5727990,53394,138.21292114257812,50.96291732788086,1767001.94816,0,1095,8268,2,0.1777199731131771,on perennial
5727990,5729789,53394,138.29959106445312,50.99791717529297,1767299.219456,0,1091,8278,2,0.33959758940515183,on perennial
5729789,5731589,53394,138.3995819091797,51.05875015258789,1767938.588672,0,1083,8290,2,0.3353171157680512,on perennial
5731589,5731588,53394,138.45791625976562,51.102081298828125,1768073.068544,0,1078,8297,2,0.2494089186308139,on perennial
5731588,5733388,53394,138.49874877929688,51.110416412353516,1768155.250688,0,1077,8302,2,0.2193025991888916,on perennial
5733388,5735188,53394,138.59957885742188,51.14458465576172,1769076.031488,0,1073,8315,2,0.2534923264842814,on perennial
5735188,5735187,53394,138.6304168701172,51.1995849609375,1769274.08128,0,1066,8318,2,0.27831140184274983,on perennial
5735187,5736987,53394,138.71292114257812,51.229583740234375,1769354.166272,0,1063,8328,2,0.4310718482775513,on perennial
5736987,5738787,53394,138.79959106445312,51.243751525878906,1769589.440512,0,1061,8339,2,0.15387960175246643,on perennial
5738787,5738786,53394,138.89125061035156,51.32958221435547,1769831.399424,0,1050,8350,2,0.4225404752613763,on perennial
5738786,5740586,53394,138.8995819091797,51.37458419799805,1771144.216576,0,1045,8351,2,0.020843456317667486,on perennial
5740586,5742386,53394,139.02207946777344,51.39374923706055,1771300.061184,0,1043,8366,2,0.3108824229187355,on perennial
5742386,5744186,53394,139.1304168701172,51.34791564941406,1771383.02976,0,1048,8379,2,0.2201811172707423,on perennial
5744186,5745986,53394,139.2587432861328,51.35708236694336,1771540.054016,0,1047,8394,2,0.3085678844137867,on perennial
5745986,5747786,53394,139.29959106445312,51.387916564941406,1772295.684096,0,1043,8399,2,0.4401891405183528,on perennial
5747786,5747785,53394,139.37875366210938,51.403751373291016,1772367.249408,0,1041,8409,2,0.43152830987250046,on perennial
5747785,5749585,53394,139.46958923339844,51.463748931884766,1772438.683648,0,1034,8420,2,0.1836484910735303,on perennial
5749585,5749584,53394,139.46958923339844,51.52291488647461,1772616.548352,0,1027,8420,2,0.03971700217636344,on perennial
5749584,5751384,53394,139.4995880126953,51.553749084472656,1776427.073536,0,1023,8424,2,0.31711441651717864,on perennial
5751384,5753184,53394,139.66958618164062,51.5412483215332,1776484.352,0,1025,8444,2,0.24810222940299875,on perennial
5753184,5754984,53394,139.71958923339844,51.56291580200195,1776734.437376,0,1022,8450,2,0.261362950680965,on perennial
5754984,5756784,53394,139.79959106445312,51.575416564941406,1776895.26272,0,1021,8460,2,0.3120748518683025,on perennial
5756784,5758583,53394,139.90875244140625,51.616249084472656,1777110.745088,0,1016,8473,2,0.31086133096255536,on perennial
5758583,5760382,53394,140.0087432861328,51.68708419799805,1777815.912448,0,1007,8485,255,0.8092280177698844,near water
5760371,5758571,53394,139.96624755859375,52.846248626708984,1801816.375296,0,867,8480,2,0.37544622435877445,on perennial
5758571,5756771,53394,139.8629150390625,52.87041473388672,1801851.502592,0,864,8468,2,0.3189931728390871,on perennial
5756771,5754970,53394,139.7362518310547,52.930416107177734,1803237.45792,0,856,8452,2,0.4380034285195384,on perennial
5754970,5753170,53394,139.70042419433594,52.96125030517578,1858162.52416,0,853,8448,2,0.2926080930944558,on perennial
5753170,5754969,53394,139.7012481689453,53.001251220703125,1858237.628416,0,848,8448,2,0.17049024665210738,on perennial
5754969,5756769,53394,139.80291748046875,53.06541442871094,1858283.241472,0,840,8460,2,0.2585258456559267,on perennial
5756769,5756768,53394,139.8312530517578,53.13874816894531,1858433.18784,0,831,8464,2,0.16377229513214236,on perennial
5756768,5756767,53394,139.8504180908203,53.1995849609375,1858583.26528,0,824,8466,2,0.224540660433871,on perennial
5756767,5760367,53394,139.8995819091797,53.222084045410156,1865084.305408,0,821,8472,2,0.11412986902457092,on perennial
4578007,4578006,47784,74.30874633789062,29.299583435058594,67896.324096,0,3721,522,1,0.28392102350846177,on intermittent
4578006,4576206,47784,74.24791717529297,29.34375,68286.304256,0,3715,514,0,1.3314434432956412,near water
4576206,4574406,47784,74.2004165649414,29.352916717529297,68391.043072,0,3714,509,0,4.293318983269481,near water
4534845,4533045,47784,71.9004135131836,25.427082061767578,50589.884416,0,4190,230,0,31.609933516499755,far from water
4574406,4572606,47784,74.069580078125,29.366249084472656,68487.360512,0,3713,493,0,3.965041346510178,near water
4533045,4533046,47784,71.81541442871094,25.37791633605957,50800.095232,0,4196,220,0,22.743699622324332,far from water
4572606,4570806,47784,73.93624877929688,29.34291648864746,69399.535616,0,3716,477,0,0.6823752401438243,near water
4533046,4531247,47784,71.78874969482422,25.282917022705078,50879.930368,0,4208,216,0,12.068363209704824,far from water
4570806,4569006,47784,73.9004135131836,29.339582443237305,70152.347648,0,3716,472,1,0.23536613581417284,on intermittent
4531247,4531248,47784,71.75291442871094,25.178749084472656,51257.131008,0,4220,212,0,2.725537664158282,near water
4569006,4567206,47784,73.77708435058594,29.346250534057617,70265.479168,0,3715,457,0,1.342030837063695,near water
4531248,4531249,47784,71.73291778564453,25.061248779296875,54026.780672,0,4235,210,0,14.226559571463456,far from water
4567206,4563607,47784,73.62958526611328,29.282917022705078,70499.131392,0,3723,439,0,6.242194518055794,far from water
4531249,4529450,47784,71.7004165649414,25.022083282470703,61924.29056,0,4239,206,0,12.19891601440723,far from water
4563607,4561808,47784,73.50375366210938,29.200416564941406,71547.363328,0,3733,424,0,15.653010358307197,far from water
4529450,4527650,47784,71.53541564941406,24.914583206176758,62296.43264,0,4252,186,0,4.36818697367667,near water
4561808,4560008,47784,73.34375,29.144582748413086,72495.808512,0,3740,405,0,20.356053432020637,far from water
4527650,4525851,47784,71.5112533569336,24.90041732788086,64566.583296,0,4254,183,0,3.922885460876037,near water
4560008,4558208,47784,73.28624725341797,29.171249389648438,72555.47904,0,3736,398,0,27.501710808769356,far from water
4612244,4614043,47784,76.29624938964844,25.6704158782959,53937.934336,0,4161,763,2,0.40687810244533407,on perennial
4525851,4524052,47784,71.35791778564453,24.777915954589844,67738.284032,0,4269,164,0,5.706155715413638,far from water
4558208,4554607,47784,73.15291595458984,29.21875,72615.1168,0,3731,382,0,19.780569071170316,far from water
4614043,4614042,47784,76.3620834350586,25.74708366394043,59900.567552,0,4151,771,2,0.43878919772574276,on perennial
4524052,4522252,47784,71.27124786376953,24.75291633605957,67820.916736,0,4272,154,1,0.36014224316149646,on intermittent
4554607,4552808,47784,73.01041412353516,29.200416564941406,73242.083328,0,3733,364,0,24.747738131442585,far from water
4614042,4615842,47784,76.39958190917969,25.762083053588867,60728.6272,0,4150,775,2,0.44634658241701025,on perennial
4522252,4520453,47784,71.12958526611328,24.630416870117188,70523.830272,0,4287,136,0,0.749166020238565,near water
4552808,4551008,47784,72.89208221435547,29.126249313354492,73336.99584,0,3742,350,0,38.49102286272937,far from water
4615842,4615841,47784,76.47125244140625,25.80791664123535,60855.566336,0,4144,784,2,0.08746955002153733,on perennial
4876858,4878658,47784,90.99958038330078,24.137916564941406,64222.978048,0,4346,2545,2,0.39292295663210197,on perennial
4520453,4520454,47784,71.1504135131836,24.60041618347168,71863.836672,0,4290,139,1,0.332297608712086,on intermittent
4551008,4549208,47784,72.7437515258789,29.14208221435547,73472.876544,0,3740,332,0,45.29501960758682,far from water
4615841,4617641,47784,76.56625366210938,25.85041618347168,76257.132544,0,4139,795,1,0.36732044030476646,on intermittent
4878658,4878659,47784,91.05458068847656,24.10041618347168,65604.141056,0,4351,2552,2,0.3612104049697928,on perennial
4520454,4522255,47784,71.20124816894531,24.505416870117188,73025.421312,0,4302,145,1,0.14569329814241233,on intermittent
4549208,4547409,47784,72.6754150390625,29.081249237060547,73559.77728,0,3747,324,0,54.77134833911509,far from water
4617641,4619441,47784,76.5995864868164,25.874584197998047,76519.612416,0,4136,799,2,0.3796090865885908,on perennial
4878659,4876859,47784,90.99624633789062,24.0454158782959,65696.489472,0,4358,2544,2,0.5380361095721109,on perennial
4522255,4520455,47784,71.17958068847656,24.421249389648438,73148.506112,0,4312,142,1,0.4064952700018623,on intermittent
4547409,4545609,47784,72.55374908447266,29.06041717529297,73668.681728,0,3750,309,0,65.11463459155368,far from water
4619441,4619440,47784,76.66124725341797,25.910415649414062,76633.022464,0,4132,807,0,0.5274069934857342,near water
4736455,4738255,47784,83.1995849609375,24.46875,52757.557248,0,4306,1599,2,0.47558346684846764,on perennial
4808430,4808431,47784,87.16625213623047,26.880416870117188,53923.074048,0,4014,2080,2,0.21102223759618605,on perennial
4876859,4876860,47784,90.93291473388672,23.98208236694336,65796.673536,0,4365,2537,2,0.31928774397893345,on perennial
4509555,4509556,47784,70.5512466430664,34.39374923706055,63732.69504,0,3103,66,1,0.3572815247225115,on intermittent
4520455,4520456,47784,71.17958068847656,24.360416412353516,78761.41056,0,4319,142,1,0.574981991827955,on intermittent
4545609,4545610,47784,72.56291961669922,28.97458267211914,73778.987008,0,3760,310,0,64.6529841956095,far from water
4619440,4621240,47784,76.74041748046875,25.9112491607666,124240.707584,0,4131,817,1,0.5851547560471033,on intermittent
4738255,4740054,47784,83.2995834350586,24.477083206176758,52915.843072,0,4305,1612,1,0.4564419481630342,on intermittent
4808431,4808432,47784,87.14458465576172,26.800416946411133,54045.896704,0,4024,2078,0,0.5892806361227444,near water
4876860,4875060,47784,90.84874725341797,23.966249465942383,65905.74592,0,4367,2527,2,0.38012089298690693,on perennial
4509556,4511356,47784,70.66958618164062,34.40041732788086,64454.791168,0,3102,81,1,0.5090486997455562,on intermittent
4520456,4518656,47784,71.10041809082031,24.347084045410156,79657.828352,0,4321,133,1,0.11408608681037725,on intermittent
4545610,4543810,47784,72.47792053222656,28.924583435058594,73911.484416,0,3766,300,0,71.15726210499092,far from water
4621240,4623040,47784,76.7995834350586,25.95541763305664,126301.26592,0,4126,824,1,0.2755012053343187,on intermittent
4740054,4741854,47784,83.41374969482422,24.51041603088379,52996.571136,0,4301,1625,2,0.42060388468557675,on perennial
4824677,4826478,47784,88.15791320800781,22.18291664123535,70773.522432,0,4583,2200,2,0.5285927458534545,on perennial
4808432,4806633,47784,87.08125305175781,26.70458221435547,54124.937216,0,4035,2070,1,0.2851489973319951,on intermittent
4875060,4875061,47784,90.8629150390625,23.87874984741211,65973.624832,0,4378,2528,2,0.32225506242349566,on perennial
4511356,4513156,47784,70.72875213623047,34.367916107177734,64771.055616,0,3106,88,2,0.4047261815478565,on perennial
4518656,4518657,47784,71.01625061035156,24.300416946411133,79818.940416,0,4327,123,1,0.36835896210322594,on intermittent
4543810,4542009,47784,72.4004135131836,28.952083587646484,79566.594048,0,3763,290,0,61.17123177129753,far from water
4623040,4623039,47784,76.81625366210938,26.000415802001953,126361.075712,0,4121,826,1,0.3904717867206164,on intermittent
4631953,4630153,47784,77.3004150390625,34.686248779296875,50154.078208,0,3068,884,1,0.33738557003159164,on intermittent
4741854,4743654,47784,83.52124786376953,24.53041648864746,53091.188736,0,4299,1638,1,0.39361799598827335,on intermittent
4826478,4828279,47784,88.1995849609375,22.126249313354492,71296.016384,0,4590,2206,2,0.47858796351964245,on perennial
4806633,4804834,47784,86.93208312988281,26.53208351135254,54194.331648,0,4056,2052,2,0.22455658931335004,on perennial
4875061,4873261,47784,90.73374938964844,23.834583282470703,68382.322688,0,4383,2513,2,0.3173431945751,on perennial
4513156,4514956,47784,70.79875183105469,34.32791519165039,65212.985344,0,3111,96,1,0.3443276978009947,on intermittent
4518657,4518658,47784,71.02124786376953,24.130416870117188,79922.675712,0,4347,123,1,0.3855653090506825,on intermittent
4542009,4542010,47784,72.35541534423828,28.949583053588867,80011.845632,0,3763,285,0,58.21177452655003,far from water
4623039,4624838,47784,76.89958190917969,26.090415954589844,127172.067328,0,4110,836,1,0.2743188245669774,on intermittent
4641026,4641027,47784,77.86125183105469,27.25208282470703,55363.70688,0,3969,952,1,0.3132598402309944,on intermittent
4698617,4696818,47784,80.99958038330078,28.193750381469727,51212.94336,0,3855,1333,0,0.6579572598906189,near water
4630153,4630152,47784,77.25458526611328,34.6995849609375,50262.46656,0,3066,879,1,0.23134356571222803,on intermittent
4743654,4745454,47784,83.66291809082031,24.507083892822266,53192.9088,0,4302,1656,2,0.4427324007379343,on perennial
4828279,4826479,47784,88.18374633789062,22.047916412353516,71391.502336,0,4600,2204,2,0.415671956940763,on perennial
4804834,4803035,47784,86.9004135131836,26.512083053588867,55510.9376,0,4059,2048,1,0.330171433142746,on intermittent
4873261,4873262,47784,90.73208618164062,23.76708221435547,69157.011456,0,4391,2512,2,0.5262781806828495,on perennial
4514956,4514957,47784,70.83374786376953,34.3004150390625,65899.180032,0,3115,101,2,0.4948225981738912,on perennial
4518658,4516859,47784,71.0129165649414,24.10041618347168,80080.592896,0,4351,122,0,0.6056618611881208,near water
4542010,4540209,47784,72.2820816040039,29.005416870117188,80122.55232,0,3756,276,0,48.789068152690625,far from water
4624838,4626638,47784,76.99958038330078,26.131250381469727,127291.1872,0,4105,848,1,0.18873511504084664,on intermittent
4641027,4642827,47784,77.94291687011719,27.27541732788086,55479.574528,0,3966,962,1,0.25029162697078106,on intermittent
4696818,4696819,47784,80.97125244140625,28.068750381469727,51330.90816,0,3870,1329,2,0.2853944999023542,on perennial
4630152,4628352,47784,77.19041442871094,34.74458312988281,50341.707776,0,3061,871,1,0.22324325259283806,on intermittent
4745454,4747254,47784,83.7437515258789,24.50374984741211,53964.120064,0,4302,1665,2,0.3486370921651829,on perennial
4826479,4826480,47784,88.14041900634766,21.977916717529297,71487.315968,0,4608,2198,2,0.3611334004855889,on perennial
4803035,4799436,47784,86.79624938964844,26.44791603088379,55712.157696,0,4066,2035,0,0.6298212944184819,near water
4873262,4871463,47784,90.6812515258789,23.694583892822266,69512.790016,0,4400,2506,2,0.3035332582525541,on perennial
4514957,4516756,47784,70.92791748046875,34.26041793823242,67010.097152,0,3119,112,2,0.4126479557865769,on perennial
4516859,4516860,47784,70.94708251953125,23.99791717529297,80193.503232,0,4363,114,1,0.4353745699507905,on intermittent
4540209,4540210,47784,72.21624755859375,29.000415802001953,80391.790592,0,3757,268,0,45.049449939238166,far from water
4626638,4628437,47784,77.1129150390625,26.203750610351562,132230.520832,0,4096,862,1,0.27071945895591365,on intermittent
4642827,4644627,47784,77.99958038330078,27.265417098999023,55595.577344,0,3967,969,1,0.3238187424354098,on intermittent
4696819,4696820,47784,80.99958038330078,28.062915802001953,70582.091776,0,3871,1333,0,2.5852668617358914,near water
4628352,4626551,47784,77.10791778564453,34.799583435058594,51414.396928,0,3054,861,1,0.10101207249134438,on intermittent
4747254,4749054,47784,83.82791900634766,24.53791618347168,54075.10528,0,4298,1676,1,0.3298315718613944,on intermittent
4826480,4824681,47784,88.08875274658203,21.887916564941406,71582.84288,0,4619,2192,2,0.14916782966151648,on perennial
4799436,4799437,47784,86.65458679199219,26.300416946411133,55793.442816,0,4084,2018,1,0.336078466947761,on intermittent
4871463,4869664,47784,90.59708404541016,23.60041618347168,69756.502016,0,4412,2496,2,0.4057073242507742,on perennial
4516756,4516757,47784,70.96458435058594,34.25374984741211,67149.16864,0,3120,116,2,0.3961397281778465,on perennial
4516860,4515060,47784,70.9004135131836,23.944583892822266,86600.0896,0,4370,109,1,0.32961912823200307,on intermittent
4540210,4538410,47784,72.12958526611328,28.96875,80489.005056,0,3761,258,0,43.6423581177441,far from water
4628437,4630237,47784,77.20208740234375,26.23041534423828,132411.523072,0,4093,872,1,0.4425378322242624,on intermittent
4644627,4644628,47784,78.03291320800781,27.200416564941406,55678.758912,0,3975,973,1,0.24337312458510774,on intermittent
4696820,4698620,47784,81.00541687011719,27.937915802001953,70654.009344,0,3886,1333,1,0.43244682877367324,on intermittent
4626551,4626552,47784,77.0370864868164,34.80125045776367,51521.654784,0,3054,852,1,0.37458127032294364,on intermittent
4749054,4750854,47784,83.91041564941406,24.548749923706055,65430.7328,0,4297,1686,2,0.47551193175151035,on perennial
4824681,4822882,47784,88.0129165649414,21.800416946411133,75456.954368,0,4630,2183,2,0.247679697500886,on perennial
4799437,4797637,47784,86.56124877929688,26.200416564941406,55832.539136,0,4096,2007,1,0.3896030704501478,on intermittent
4869664,4871464,47784,90.58374786376953,23.500415802001953,83407.085568,0,4424,2494,2,0.5065319647827177,on perennial
4516757,4518557,47784,70.99958038330078,34.24625015258789,67475.165184,0,3121,121,1,0.29892043766641363,on intermittent
4515060,4513260,47784,70.79374694824219,23.930416107177734,87363.321856,0,4372,96,1,0.46201848013469926,on intermittent
4538410,4536610,47784,72.0687484741211,28.956249237060547,80724.041728,0,3762,250,0,42.74460565287211,far from water
4630237,4632036,47784,77.2995834350586,26.29291534423828,132934.590464,0,4085,884,2,0.31016963480137394,on perennial
4644628,4646428,47784,78.07708740234375,27.199583053588867,55726.952448,0,3975,979,1,0.46926172877044287,on intermittent
4698620,4698621,47784,81.02041625976562,27.852083206176758,70728.245248,0,3896,1335,1,0.3195552811510705,on intermittent
4626552,4624751,47784,77.00041961669922,34.79624938964844,51651.145728,0,3055,848,0,0.9050451317375319,near water
4750854,4750853,47784,83.98374938964844,24.612083435058594,65712.00512,0,4289,1694,1,0.4200515103491707,on intermittent
4822882,4822883,47784,87.95791625976562,21.7237491607666,75639.68512,0,4639,2176,2,0.1896939639616425,on perennial
4797637,4797638,47784,86.53125,26.15541648864746,55924.69504,0,4102,2003,1,0.2638237045262362,on intermittent
4871464,4869665,47784,90.58291625976562,23.437084197998047,86415.245312,0,4431,2494,2,0.4765197578709923,on perennial
4518557,4520357,47784,71.0995864868164,34.227081298828125,67910.488064,0,3123,133,2,0.4787612936337067,on perennial
4513260,4511460,47784,70.68541717529297,23.970417022705078,87478.59968,0,4367,83,1,0.43404062635203206,on intermittent
4536610,4534811,47784,71.96541595458984,28.856250762939453,80824.85248,0,3774,238,0,51.91700407079574,far from water
4632036,4633836,47784,77.39958190917969,26.362083435058594,133237.547008,0,4077,896,1,0.3806886131734743,on intermittent
4646428,4648228,47784,78.1995849609375,27.175416946411133,59964.60032,0,3978,993,1,0.38500487806572775,on intermittent
4698621,4700422,47784,81.04624938964844,27.79458236694336,70881.460224,0,3903,1338,1,0.3956335281632686,on intermittent
4624751,4622951,47784,76.88458251953125,34.83958435058594,52346.769408,0,3049,834,1,0.22694329225764237,on intermittent
4750853,4752653,47784,83.99958038330078,24.666250228881836,65969.831936,0,4282,1696,1,0.4925846374676617,on intermittent
4822883,4822883,47784,87.95874786376953,21.687915802001953,77176.815616,1,4643,2176,2,0.4480862000066395,on perennial
4797638,4795839,47784,86.50375366210938,26.089584350585938,56378.949632,0,4110,2000,1,0.13949347008716445,on intermittent
4869665,4871466,47784,90.60541534423828,23.355417251586914,86685.278208,0,4441,2497,2,0.2674780862919887,on perennial
4520357,4520356,47784,71.15208435058594,34.299583435058594,68005.650432,0,3115,139,2,0.2950763771019769,on perennial
4511460,4509660,47784,70.58374786376953,23.987916946411133,87785.250816,0,4365,70,1,0.424857241515714,on intermittent
4534811,4533011,47784,71.8879165649414,28.833749771118164,82034.802688,0,3777,228,0,54.461110140962816,far from water
4633836,4633835,47784,77.43458557128906,26.39875030517578,133333.639168,0,4072,901,2,0.4448679702086134,on perennial
4648228,4648229,47784,78.22374725341797,27.081249237060547,60077.645824,0,3990,996,1,0.4117590980760555,on intermittent
4700422,4700421,47784,81.13874816894531,27.801250457763672,70976.43008,0,3902,1350,1,0.4480814778047044,on intermittent
4622951,4621150,47784,76.79042053222656,34.91041564941406,52698.406912,0,3041,823,0,0.5362015907140716,near water
4752653,4752652,47784,84.02958679199219,24.699583053588867,66308.296704,0,4278,1700,2,0.3139361726160812,on perennial
4795839,4795840,47784,86.44208526611328,26.000415802001953,57315.229696,0,4121,1992,1,0.5029481225125252,on intermittent
4871466,4871467,47784,90.64208221435547,23.300416946411133,87318.462464,0,4448,2502,2,0.36679680326378017,on perennial
4520356,4522156,47784,71.20708465576172,34.32958221435547,68071.292928,0,3111,146,2,0.15378161099510104,on perennial
4509660,4507860,47784,70.48958587646484,23.956249237060547,87910.834176,0,4368,59,1,0.4239139998145344,on intermittent
4533011,4531211,47784,71.79624938964844,28.840415954589844,82342.100992,0,3776,217,0,43.88493791565114,far from water
4633835,4635635,47784,77.51374816894531,26.407917022705078,133564.973056,0,4071,910,2,0.3240195156686304,on perennial
4648229,4650028,47784,78.29708099365234,27.12125015258789,60224.053248,0,3985,1005,1,0.247311469526526,on intermittent
4700421,4702222,47784,81.17375183105469,27.800416946411133,71235.862528,0,3902,1354,1,0.4484174591644957,on intermittent
4621150,4619350,47784,76.68624877929688,34.9254150390625,53180.342272,0,3039,810,1,0.14748976206557302,on intermittent
4752652,4754451,47784,84.1312484741211,24.823749542236328,66391.478272,0,4263,1712,2,0.4112590029465719,on perennial
4795840,4795841,47784,86.44625091552734,25.847084045410156,57441.153024,0,4139,1993,2,0.22728355649965418,on perennial
4522156,4523957,47784,71.27874755859375,34.3004150390625,68158.107648,0,3115,154,0,0.6690099602823514,near water
4507860,4506059,47784,70.39208221435547,23.986249923706055,89920.954368,0,4365,47,1,0.181905756114183,on intermittent
4531211,4529411,47784,71.7004165649414,28.8579158782959,82743.45984,0,3774,206,0,34.96720118916652,far from water
4635635,4637435,47784,77.5995864868164,26.449583053588867,133653.553152,0,4066,921,2,0.34171710074810824,on perennial
4650028,4650029,47784,78.33541870117188,27.10041618347168,60538.249216,0,3987,1010,1,0.32401169383511785,on intermittent
4702222,4702223,47784,81.2629165649414,27.68291664123535,71351.386112,0,3917,1365,1,0.351474082959046,on intermittent
4619350,4617550,47784,76.57041931152344,34.9595832824707,53551.845376,0,3035,796,1,0.2808122335367733,on intermittent
4754451,4756250,47784,84.18791961669922,24.89958381652832,66540.199936,0,4254,1719,1,0.22419959787875865,on intermittent
4795841,4797643,47784,86.4495849609375,25.800416946411133,57847.058432,0,4145,1993,1,0.33319967702666936,on intermittent
4523957,4522158,47784,71.3004150390625,34.21458435058594,68244.512768,0,3125,157,2,0.09573976026744789,on perennial
4506059,4506060,47784,70.37041473388672,24.00958251953125,90084.384768,0,4362,44,1,0.3349481294116406,on intermittent
4529411,4529410,47784,71.67791748046875,28.90041732788086,82831.31904,0,3769,203,0,34.14800690395055,far from water
4637435,4639235,47784,77.67041778564453,26.499584197998047,133730.025472,0,4060,929,2,0.2488465907924178,on perennial
4650029,4651829,47784,78.39958190917969,27.057083129882812,60649.84064,0,3993,1018,0,0.6121387707192402,near water
4702223,4704024,47784,81.30958557128906,27.62791633605957,77665.4848,0,3923,1370,1,0.46082886327112965,on intermittent
4617550,4617549,47784,76.52375030517578,34.99958419799805,53801.459712,0,3030,790,2,0.23570040868648026,on perennial
4756250,4758049,47784,84.32791900634766,25.042917251586914,66649.018368,0,4237,1736,2,0.31246096309765514,on perennial
4797643,4799443,47784,86.64208221435547,25.610416412353516,57946.402816,0,4168,2017,1,0.23765125230269124,on intermittent
4522158,4523958,47784,71.305419921875,34.16875076293945,68452.02432,0,3131,158,2,0.4513332646064354,on perennial
4506060,4504260,47784,70.3004150390625,23.956249237060547,90220.347392,0,4368,36,2,0.40957072695555785,on perennial
4529410,4527610,47784,71.60041809082031,28.94041633605957,95313.625088,0,3764,193,0,28.966633786723552,far from water
4639235,4639234,47784,77.7387466430664,26.518749237060547,133805.30176,0,4058,938,1,0.41503795871447186,on intermittent
4651829,4651830,47784,78.4487533569336,26.985416412353516,60889.346048,0,4001,1024,1,0.4146395174848638,on intermittent
4704024,4704025,47784,81.35292053222656,27.484582901000977,77839.900672,0,3941,1376,1,0.38382453065483546,on intermittent
4617549,4615749,47784,76.49541473388672,35.06791687011719,53938.388992,0,3022,787,1,0.4156581000704122,on intermittent
4758049,4759848,47784,84.39958190917969,25.067916870117188,66834.866176,0,4234,1745,1,0.29371488853747907,on intermittent
4799443,4799444,47784,86.66041564941406,25.577083587646484,59121.70496,0,4172,2019,1,0.05158109130709121,on intermittent
4523958,4525758,47784,71.42375183105469,34.17791748046875,68547.043328,0,3129,172,2,0.41627092549994876,on perennial
4504260,4502459,47784,70.15958404541016,24.005416870117188,90451.542016,0,4362,19,2,0.459243604470126,on perennial
4527610,4525810,47784,71.48625183105469,28.908750534057617,95394.111488,0,3768,180,0,17.504280126518232,far from water
4639234,4641034,47784,77.81124877929688,26.546249389648438,133879.07072,0,4055,946,0,0.5277919156295154,near water
4651830,4653630,47784,78.52291870117188,26.9204158782959,79086.698496,0,4009,1033,1,0.36810654932263637,on intermittent
4704025,4705826,47784,81.37458038330078,27.40041732788086,78020.657152,0,3951,1378,1,0.19575400690766667,on intermittent
4615749,4615748,47784,76.47208404541016,35.09958267211914,54053.625856,0,3018,784,1,0.2455105521357542,on intermittent
4759848,4761647,47784,84.49958038330078,25.193750381469727,66920.153088,0,4218,1757,1,0.40356916931962955,on intermittent
4799444,4801244,47784,86.71624755859375,25.546249389648438,61811.245056,0,4176,2026,1,0.3558053906860842,on intermittent
4525758,4527558,47784,71.49958038330078,34.181251525878906,68645.425152,0,3129,181,1,0.20707473942570306,on intermittent
4502459,4500659,47784,70.10041809082031,24.006250381469727,99790.086144,0,4362,12,2,0.4430765588103143,on perennial
4525810,4525811,47784,71.45124816894531,28.886249542236328,95497.732096,0,3771,175,0,13.299612643343984,far from water
4641034,4641033,47784,77.8379135131836,26.606250762939453,134100.21376,0,4047,950,1,0.4237796540542037,on intermittent
4653630,4655430,47784,78.61958312988281,26.929582595825195,79196.889088,0,4008,1044,1,0.24585202345956775,on intermittent
4705826,4704026,47784,81.3870849609375,27.335416793823242,78093.84448,0,3959,1380,1,0.24746753757124146,on intermittent
4615748,4613948,47784,76.39458465576172,35.17375183105469,57792.495616,0,3009,775,1,0.38127614839091056,on intermittent
4761647,4763447,47784,84.5995864868164,25.235416412353516,66973.339648,0,4213,1769,1,0.377014088507247,on intermittent
4801244,4801245,47784,86.742919921875,25.500415802001953,83732.914176,0,4181,2029,1,0.2498616663714313,on intermittent
4527558,4529358,47784,71.6362533569336,34.14875030517578,68979.335168,0,3133,198,1,0.12698971912462187,on intermittent
4525811,4524011,47784,71.4004135131836,28.855417251586914,95582.04416,0,3775,169,0,7.324031959548001,far from water
4641033,4642833,47784,77.89958190917969,26.65625,134214.8608,0,4041,957,2,0.15426966493196112,on perennial
4655430,4655431,47784,78.6362533569336,26.886249542236328,79311.159296,0,4013,1046,1,0.3711014917499581,on intermittent
4704026,4705827,47784,81.42208099365234,27.271249771118164,78200.438784,0,3967,1384,1,0.34748639703695167,on intermittent
4613948,4612147,47784,76.27708435058594,35.2095832824707,58025.824256,0,3004,760,1,0.4541548852647085,on intermittent
4763447,4765246,47784,84.69625091552734,25.31708335876465,67023.044608,0,4203,1781,2,0.4633958492962472,on perennial
4801245,4803045,47784,86.80708312988281,25.463748931884766,84034.183168,0,4186,2037,1,0.35017374420861885,on intermittent
4529358,4531159,47784,71.70708465576172,34.116249084472656,69105.00864,0,3137,206,1,0.325964545214597,on intermittent
4524011,4522212,47784,71.26875305175781,28.79458236694336,95635.554304,0,3782,153,0,3.653733146630652,near water
4642833,4644633,47784,78.05374908447266,26.68458366394043,134347.014144,0,4038,976,1,0.34064240833988596,on intermittent
4655431,4657230,47784,78.73542022705078,26.921249389648438,79425.49504,0,4009,1058,1,0.28026142684547484,on intermittent
4705827,4705828,47784,81.47792053222656,27.18541717529297,78294.327296,0,3977,1391,1,0.19469577968497903,on intermittent
4612147,4610347,47784,76.2004165649414,35.23625183105469,58212.491264,0,3001,751,1,0.16041615218199495,on intermittent
4765246,4765245,47784,84.77124786376953,25.438749313354492,67072.83968,0,4189,1790,2,0.23922964152270954,on perennial
4803045,4804845,47784,86.91791534423828,25.48208236694336,84360.51968,0,4183,2050,1,0.4678081637934461,on intermittent
4531159,4532959,47784,71.79875183105469,34.05791473388672,87622.311936,0,3144,218,1,0.3568315111984446,on intermittent
4522212,4520412,47784,71.1762466430664,28.720417022705078,95696.03584,0,3791,142,0,14.307732796130386,far from water
4644633,4644632,47784,78.09208679199219,26.720417022705078,134491.742208,0,4033,980,1,0.46235794435818495,on intermittent
4657230,4657231,47784,78.76458740234375,26.90041732788086,79565.25056,0,4012,1062,1,0.40710669897931107,on intermittent
4705828,4705829,47784,81.48542022705078,27.06041717529297,80138.641408,0,3992,1392,1,0.31306675584296323,on intermittent
4610347,4610348,47784,76.1812515258789,35.193748474121094,58696.06912,0,3006,749,1,0.35004159880104274,on intermittent
4765245,4767043,47784,84.79708099365234,25.570415496826172,67122.171904,0,4173,1793,1,0.2113132854886091,on intermittent
4804845,4806645,47784,86.99958038330078,25.44791603088379,84980.072448,0,4188,2060,1,0.3412250513287633,on intermittent
4532959,4534759,47784,71.89958190917969,34.042083740234375,89062.408192,0,3146,230,2,0.20408003445992162,on perennial
4520412,4518612,47784,71.10041809082031,28.715415954589844,95795.552256,0,3792,133,0,17.68065485391508,far from water
4644632,4646432,47784,78.11541748046875,26.742082595825195,134663.184384,0,4031,983,1,0.26616572452115017,on intermittent
4657231,4659031,47784,78.83457946777344,26.840415954589844,79678.865408,0,4019,1070,1,0.32639242197255114,on intermittent
4705829,4707629,47784,81.555419921875,27.03208351135254,80398.057472,0,3996,1400,1,0.3791253344375501,on intermittent
4610348,4608548,47784,76.117919921875,35.194583892822266,58836.189184,0,3006,741,2,0.2052253160150955,on perennial
4767043,4767042,47784,84.84625244140625,25.700416564941406,67248.447488,0,4157,1799,1,0.04435481593572674,on intermittent
4806645,4808445,47784,87.0995864868164,25.437084197998047,85325.529088,0,4189,2072,1,0.15538528397639956,on intermittent
4534759,4536559,47784,72.00958251953125,34.014583587646484,89306.914816,0,3149,243,2,0.23617612372862548,on perennial
4518612,4518613,47784,71.07041931152344,28.700416564941406,95947.792384,0,3793,129,0,18.79105876941882,far from water
4646432,4646431,47784,78.18458557128906,26.799583435058594,134797.705216,0,4024,992,1,0.3993714277672031,on intermittent
4659031,4660832,47784,78.89375305175781,26.7954158782959,79905.46432,0,4024,1078,1,0.4716590778530689,on intermittent
4677028,4678828,47784,79.92874908447266,27.145416259765625,64872.419328,0,3982,1203,1,0.11645137227055125,on intermittent
4707629,4709430,47784,81.59791564941406,26.98208236694336,80585.76896,0,4002,1405,1,0.3924428503541586,on intermittent
4608548,4606747,47784,75.97541809082031,35.20624923706055,59013.111808,0,3005,724,1,0.23805437454473566,on intermittent
4808445,4810245,47784,87.20625305175781,25.421249389648438,85453.53728,0,4191,2085,1,0.15299582805012757,on intermittent
4536559,4538359,47784,72.0995864868164,34.008750915527344,92211.52768,0,3150,254,1,0.04195043210307648,on intermittent
4518613,4516813,47784,71.00041961669922,28.638750076293945,96010.89536,0,3801,121,0,17.539310126620276,far from water
4646431,4650031,47784,78.26958465576172,26.813749313354492,134930.628608,0,4022,1002,1,0.12449685510340598,on intermittent
4660832,4662633,47784,79.00041961669922,26.74041748046875,80025.993216,0,4031,1090,1,0.37821906160181845,on intermittent
4678828,4678829,47784,79.9745864868164,27.03041648864746,71371.546624,0,3996,1209,1,0.412544005702194,on intermittent
4709430,4711231,47784,81.6995849609375,26.9112491607666,80774.111232,0,4010,1418,0,0.5680963155938997,near water
4538359,4540160,47784,72.17375183105469,33.9970817565918,92322.783232,0,3151,263,1,0.338584136557159,on intermittent
4516813,4516814,47784,70.9679183959961,28.597915649414062,96049.061888,0,3806,117,0,15.311191504250028,far from water
4650031,4651831,47784,78.39958190917969,26.818750381469727,135126.319104,0,4021,1018,1,0.5261281472336644,on intermittent
4662633,4664433,47784,79.09041595458984,26.60041618347168,80146.702336,0,4048,1101,1,0.30827860887597264,on intermittent
4678829,4680630,47784,79.99791717529297,27.000415802001953,80818.159616,0,3999,1211,1,0.5108345406489452,on intermittent
4711231,4713031,47784,81.82041931152344,26.839584350585938,83183.927296,0,4019,1432,1,0.2332941304660499,on intermittent
4540160,4540161,47784,72.23625183105469,33.90208435058594,92549.873664,0,3163,271,1,0.35099118492907566,on intermittent
4516814,4515014,47784,70.9004135131836,28.56708335876465,96165.986304,0,3810,109,0,11.70680472912594,far from water
4651831,4653632,47784,78.51374816894531,26.78125,135232.290816,0,4026,1031,1,0.3847309497272056,on intermittent
4563573,4561773,47784,73.50041961669922,32.68291473388672,72622.178304,0,3311,424,2,0.34885806992905816,on perennial
4664433,4664434,47784,79.17041778564453,26.58791732788086,80243.482624,0,4049,1111,1,0.41579264575164365,on intermittent
4680630,4682431,47784,80.09375,26.88458251953125,80911.147008,0,4013,1223,1,0.4496748552481017,on intermittent
4713031,4714832,47784,81.90458679199219,26.805416107177734,83602.382848,0,4023,1442,1,0.4010158539621418,on intermittent
4631958,4630157,47784,77.29125213623047,34.20624923706055,53997.326336,0,3126,883,2,0.21904924555439595,on perennial
4515014,4513214,47784,70.78958129882812,28.543750762939453,96215.924736,0,3812,95,0,11.759545081642914,far from water
4653632,4655432,47784,78.61708068847656,26.755416870117188,135387.734016,0,4029,1044,2,0.1344101262518579,on perennial
4561773,4559973,47784,73.4004135131836,32.626251220703125,72720.637952,0,3318,412,1,0.5002576843109574,on intermittent
4664434,4666234,47784,79.24458312988281,26.51791763305664,80341.48352,0,4058,1120,1,0.07562049180099498,on intermittent
4682431,4682432,47784,80.14041900634766,26.7954158782959,83459.350528,0,4024,1229,1,0.4010622890236383,on intermittent
4714832,4716632,47784,82.06541442871094,26.79291534423828,83708.461056,0,4025,1462,1,0.36646661218820703,on intermittent
4630157,4628357,47784,77.17791748046875,34.22041702270508,54230.564864,0,3124,870,1,0.43692364466952205,on intermittent
4513214,4509615,47784,70.7004165649414,28.56624984741211,97427.038208,0,3810,84,0,14.719870090526765,far from water
4655432,4657232,47784,78.6995849609375,26.793750762939453,135521.19808,0,4024,1054,1,0.4586120896788797,on intermittent
4559973,4558174,47784,73.29708099365234,32.6129150390625,72783.01184,0,3319,399,2,0.17567183271970926,on perennial
4682432,4684233,47784,80.1754150390625,26.700416564941406,83579.224064,0,4036,1233,1,0.19615479083453985,on intermittent
4716632,4718431,47784,82.0995864868164,26.798749923706055,84049.313792,0,4024,1466,1,0.13627804050346434,on intermittent
4628357,4626557,47784,77.09041595458984,34.251251220703125,54574.157824,0,3121,859,0,0.5158696691266704,near water
4509615,4509616,47784,70.53375244140625,28.397916793823242,97538.121728,0,3830,64,0,16.785165018881017,far from water
4657232,4659032,47784,78.7995834350586,26.762083053588867,135607.427072,0,4028,1066,1,0.3247066051214659,on intermittent
4558174,4556374,47784,73.17208099365234,32.58541488647461,72844.82048,0,3322,384,1,0.44036444228680977,on intermittent
4684233,4684234,47784,80.27958679199219,26.60041618347168,84637.548544,0,4048,1246,1,0.4059851666365473,on intermittent
4718431,4720232,47784,82.26958465576172,26.766250610351562,86044.827648,0,4028,1487,1,0.27404840505299294,on intermittent
4617589,4615790,47784,76.53458404541016,31.000415802001953,50253.570048,0,3515,792,0,0.5790973567712654,near water
4626557,4624756,47784,76.9870834350586,34.3004150390625,54786.584576,0,3115,846,0,0.6364705815658954,near water
4817408,4817407,47784,87.67958068847656,29.199583053588867,50180.399104,0,3733,2142,2,0.3984654866027823,on perennial
4509616,4507815,47784,70.49708557128906,28.39291763305664,126922.866688,0,3831,60,0,14.81788523387249,far from water
4659032,4660833,47784,78.91291809082031,26.707082748413086,135688.445952,0,4035,1080,1,0.11997709697364806,on intermittent
4556374,4554574,47784,73.08125305175781,32.56541442871094,73291.24352,0,3325,373,1,0.08852137819243974,on intermittent
4684234,4686034,47784,80.3012466430664,26.563749313354492,84943.839232,0,4052,1248,2,0.3650244876919265,on perennial
4720232,4722032,47784,82.2995834350586,26.741249084472656,86168.45312,0,4031,1490,1,0.3192659080163012,on intermittent
4615790,4613990,47784,76.39541625976562,30.957082748413086,50604.781568,0,3520,775,0,0.5683277915588434,near water
4624756,4622956,47784,76.9004135131836,34.31791687011719,55093.334016,0,3112,836,2,0.4449483050274948,on perennial
4817407,4819207,47784,87.7245864868164,29.24708366394043,50358.775808,0,3727,2148,1,0.12703281017766782,on intermittent
4507815,4507816,47784,70.45625305175781,28.40041732788086,134615.056384,0,3830,55,0,14.918957925661507,far from water
4660833,4662634,47784,78.99958038330078,26.676250457763672,135771.05408,0,4039,1090,1,0.3769423373226115,on intermittent
4554574,4552774,47784,73.00041961669922,32.539581298828125,73405.988864,0,3328,363,1,0.14842901796078964,on intermittent
4686034,4686035,47784,80.35958099365234,26.49625015258789,85402.370048,0,4061,1255,1,0.4373930195464009,on intermittent
4722032,4722033,47784,82.39791870117188,26.674583435058594,86250.82368,0,4039,1502,1,0.2335354555526699,on intermittent
4613990,4612189,47784,76.30458068847656,30.999584197998047,50712.215552,0,3515,764,1,0.3654944659001681,on intermittent
4622956,4621156,47784,76.8004150390625,34.36958312988281,56328.855552,0,3106,824,1,0.2536338834667404,on intermittent
4819207,4819206,47784,87.75375366210938,29.299583435058594,50691.444736,0,3721,2151,1,0.434612484764816,on intermittent
4507816,4506017,47784,70.39624786376953,28.285415649414062,134720.741376,0,3844,48,0,5.639573390279515,far from water
4662634,4664435,47784,79.10375213623047,26.532917022705078,135850.84416,0,4056,1103,1,0.10722132692858752,on intermittent
4552774,4550975,47784,72.89291381835938,32.50791549682617,73494.40512,0,3332,350,2,0.1673092969251306,on perennial
4686035,4687835,47784,80.39958190917969,26.45458221435547,85570.060288,0,4066,1260,1,0.35951560124778253,on intermittent
4722033,4723833,47784,82.4629135131836,26.654582977294922,86340.886528,0,4041,1510,1,0.36168328979923403,on intermittent
4612189,4610390,47784,76.2004165649414,31.008750915527344,50955.91936,0,3514,751,1,0.37891697850426265,on intermittent
4621156,4621155,47784,76.742919921875,34.414581298828125,56609.595392,0,3101,817,1,0.25521845503471285,on intermittent
4819206,4821006,47784,87.8245849609375,29.341249465942383,50791.395328,0,3716,2160,1,0.2677668426451152,on intermittent
4506017,4507817,47784,70.41458129882812,28.25208282470703,135897.686016,0,3848,50,0,3.782329588061608,near water
4664435,4666234,47784,79.25125122070312,26.492082595825195,135935.401984,0,4061,1121,1,0.12706376576323475,on intermittent
4550975,4547375,47784,72.74958038330078,32.43541717529297,74123.239424,0,3341,333,1,0.35321689876921897,on intermittent
4687835,4687836,47784,80.47875213623047,26.387916564941406,85631.492096,0,4074,1270,1,0.4021933946152037,on intermittent
4723833,4725633,47784,82.5370864868164,26.62874984741211,86432.817152,0,4045,1519,0,0.47424011230781143,near water
4610390,4608590,47784,76.0879135131836,30.992082595825195,51004.325888,0,3516,737,1,0.49090065449123865,on intermittent
4621155,4619355,47784,76.68624877929688,34.44541549682617,56808.169472,0,3097,810,2,0.041627709125034836,on perennial
4821006,4822806,47784,87.90458679199219,29.34458351135254,50894.21312,0,3715,2170,2,0.344806680392823,on perennial
4507817,4506018,47784,70.4004135131836,28.210416793823242,136153.628672,0,3853,48,0,5.505715220857989,far from water
4666234,4666235,47784,79.21375274658203,26.43958282470703,216372.314112,0,4067,1116,2,0.4728465915147115,on perennial
4547375,4545576,47784,72.60041809082031,32.42791748046875,74847.830016,0,3342,315,1,0.4564414321429615,on intermittent
4687836,4689636,47784,80.51791381835938,26.361249923706055,85798.641664,0,4077,1274,1,0.33496000608709575,on intermittent
4725633,4727434,47784,82.61624908447266,26.602083206176758,86871.220224,0,4048,1529,1,0.3239866631753254,on intermittent
4608590,4608589,47784,76.05374908447266,30.999584197998047,51130.150912,0,3515,733,0,1.048900336686904,near water
4619355,4619354,47784,76.63375091552734,34.50208282470703,56908.832768,0,3090,804,2,0.3409420327920411,on perennial
4822806,4824606,47784,88.00541687011719,29.37708282470703,71071.260672,0,3711,2182,1,0.33887552815483607,on intermittent
4506018,4504218,47784,70.29208374023438,28.112916946411133,161658.79808,0,3865,35,2,0.37418426515469794,on perennial
4666235,4669835,47784,79.2995834350586,26.44041633605957,244195.803136,0,4067,1127,1,0.3778490102874244,on intermittent
4545576,4543776,47784,72.45708465576172,32.327083587646484,74954.30144,0,3354,297,1,0.31767605639799196,on intermittent
4689636,4689637,47784,80.56458282470703,26.291250228881836,85867.036672,0,4085,1280,1,0.378023312291759,on intermittent
4727434,4729234,47784,82.6995849609375,26.547916412353516,87302.381568,0,4054,1539,1,0.30200025669201747,on intermittent
4608589,4604989,47784,75.95958709716797,31.007083892822266,51233.792,0,3514,722,1,0.2142259065058957,on intermittent
4619354,4617554,47784,76.60041809082031,34.5595817565918,57037.06624,0,3083,800,1,0.38035980159272614,on intermittent
4824606,4826406,47784,88.0995864868164,29.367916107177734,71422.07488,0,3712,2193,2,0.5391031056545924,on perennial
4504218,4504219,47784,70.22624969482422,28.070415496826172,161813.331968,0,3870,27,0,0.6931864261899338,near water
4669835,4669836,47784,79.48958587646484,26.40041732788086,244410.662912,0,4072,1150,2,0.2598427800672128,on perennial
4543776,4541977,47784,72.40458679199219,32.3004150390625,75153.547264,0,3357,291,2,0.03576081929357066,on perennial
4689637,4691437,47784,80.62374877929688,26.20541763305664,85934.350336,0,4096,1287,1,0.25371345943362533,on intermittent
4729234,4731034,47784,82.7995834350586,26.570415496826172,87424.180224,0,4052,1551,1,0.3947522697903781,on intermittent
4604989,4604990,47784,75.85375213623047,30.992082595825195,51313.995776,0,3516,709,0,0.8963738999664925,near water
4617554,4615753,47784,76.48625183105469,34.62041473388672,58336.559104,0,3076,786,1,0.27653636105702656,on intermittent
4826406,4828206,47784,88.20625305175781,29.34458351135254,71483.71968,0,3715,2206,1,0.38045928401081375,on intermittent
4504219,4502419,47784,70.2004165649414,28.022083282470703,162639.478784,0,3876,24,0,0.7345690454811045,near water
4669836,4671636,47784,79.5062484741211,26.3579158782959,244458.78272,0,4077,1152,1,0.3545451297367734,on intermittent
4541977,4541978,47784,72.31208038330078,32.188751220703125,77975.683072,0,3371,280,1,0.4467735124951814,on intermittent
4691437,4691438,47784,80.66708374023438,26.130416870117188,86315.057152,0,4105,1292,1,0.404893704231364,on intermittent
4731034,4732834,47784,82.90125274658203,26.51708221435547,87495.729152,0,4058,1563,1,0.23880911638452032,on intermittent
4604990,4603190,47784,75.80374908447266,31.000415802001953,51389.472768,0,3515,703,1,0.36611775319783474,on intermittent
4615753,4613953,47784,76.382080078125,34.63458251953125,58619.387904,0,3074,773,1,0.10920790145335695,on intermittent
4828206,4830006,47784,88.2995834350586,29.35708236694336,73914.687488,0,3714,2218,1,0.35062380084138167,on intermittent
4502419,4500621,47784,70.02958679199219,27.930416107177734,162782.887936,0,3887,3,2,0.26418301424102564,on perennial
4671636,4671637,47784,79.52791595458984,26.300416946411133,245029.60128,0,4084,1154,2,0.42699529822011656,on perennial
4541978,4540178,47784,72.29458618164062,32.15791702270508,78076.338176,0,3374,278,1,0.3956393295274262,on intermittent
4691438,4693239,47784,80.6995849609375,26.112083435058594,89446.047744,0,4107,1296,1,0.36435859407082044,on intermittent
4732834,4732835,47784,82.97875213623047,26.484582901000977,87622.868992,0,4062,1573,1,0.26206407537633136,on intermittent
4603190,4603189,47784,75.72624969482422,31.015417098999023,51486.539776,0,3513,694,1,0.37838498718704283,on intermittent
4613953,4612152,47784,76.28458404541016,34.6904182434082,58800.152576,0,3067,761,2,0.36246186502850714,on perennial
4830006,4831806,47784,88.41542053222656,29.31624984741211,74029.039616,0,3719,2232,2,0.35295925938745787,on perennial
4671637,4673436,47784,79.5995864868164,26.25458335876465,245120.909312,0,4090,1163,2,0.15194682114890856,on perennial
4540178,4540179,47784,72.2754135131836,32.033748626708984,78147.158016,0,3389,275,0,1.06606289357791,near water
4693239,4695039,47784,80.80208587646484,26.05291748046875,89573.449728,0,4114,1309,1,0.3020875607989243,on intermittent
4732835,4734635,47784,83.04875183105469,26.436248779296875,87760.56832,0,4068,1581,1,0.20525124296273506,on intermittent
4603189,4601390,47784,75.68875122070312,30.97541618347168,51593.383936,0,3518,689,0,0.889224562702358,near water
4612152,4610351,47784,76.1937484741211,34.81041717529297,69598.994432,0,3053,750,2,0.2780242054952129,on perennial
4831806,4833606,47784,88.49958038330078,29.358749389648438,79624.445952,0,3714,2242,1,0.38863370075065895,on intermittent
4673436,4673437,47784,79.64875030517578,26.23041534423828,245203.910656,0,4093,1169,1,0.20256657275920714,on intermittent
4540179,4540180,47784,72.25041961669922,31.999584197998047,78716.43648,0,3393,272,1,0.49870282527013754,on intermittent
4695039,4696839,47784,80.89958190917969,26.055416107177734,89700.851712,0,4114,1321,1,0.2790512947305664,on intermittent
4734635,4736436,47784,83.07791900634766,26.40041732788086,87937.982464,0,4072,1585,1,0.293439296846998,on intermittent
4601390,4599590,47784,75.58041381835938,30.977083206176758,51681.837056,0,3517,676,0,0.8195359046624181,near water
4610351,4612150,47784,76.1987533569336,34.89958190917969,69975.924736,0,3042,751,2,0.10484644591796116,on perennial
4833606,4835406,47784,88.5995864868164,29.3487491607666,82149.29408,0,3715,2254,1,0.18063726058618199,on intermittent
4673437,4673438,47784,79.70458221435547,26.18958282470703,245325.119488,0,4098,1176,2,0.2897713241552542,on perennial
4540180,4540181,47784,72.23542022705078,31.84291648864746,80625.369088,0,3412,270,1,0.567680883264784,on intermittent
4696839,4698639,47784,81.02291870117188,26.06541633605957,90779.648,0,4113,1336,1,0.37715526858286236,on intermittent
4736436,4738236,47784,83.21541595458984,26.387083053588867,88450.932736,0,4074,1601,1,0.3575298956398669,on intermittent
4599590,4597790,47784,75.50041961669922,30.97458267211914,52792.680448,0,3518,666,1,0.2992254913304979,on intermittent
4612150,4610350,47784,76.2004165649414,34.96875,70357.549056,0,3034,751,0,0.5443174184493754,near water
4835406,4837206,47784,88.6995849609375,29.332082748413086,82438.045696,0,3717,2266,1,0.1869077855980982,on intermittent
4673438,4675238,47784,79.76541900634766,26.172916412353516,247784.259584,0,4100,1183,1,0.2743511374297486,on intermittent
4540181,4538382,47784,72.21125030517578,31.800416946411133,81287.348224,0,3418,268,1,0.4984968440106772,on intermittent
4698639,4702240,47784,81.12041473388672,25.96958351135254,91449.065472,0,4124,1347,1,0.5090833712124303,on intermittent
4738236,4740036,47784,83.2995834350586,26.3579158782959,93516.02176,0,4077,1612,1,0.463957084510548,on intermittent
4597790,4595990,47784,75.4004135131836,30.981250762939453,53502.930944,0,3517,654,1,0.10243149759753606,on intermittent
4610350,4610349,47784,76.12791442871094,35.01958465576172,70451.871744,0,3027,742,2,0.4454648914570005,on perennial
4837206,4839006,47784,88.81541442871094,29.355417251586914,82629.951488,0,3714,2280,1,0.1250560445788856,on intermittent
4675238,4677038,47784,79.7995834350586,26.10708236694336,248135.155712,0,4108,1187,2,0.36521619015720785,on perennial
4538382,4538383,47784,72.15791320800781,31.700416564941406,81890.34496,0,3430,261,2,0.23265228361505286,on perennial
4702240,4702241,47784,81.2179183959961,25.90041732788086,91622.514688,0,4133,1359,1,0.28547639071728736,on intermittent
4740036,4741837,47784,83.41041564941406,26.28874969482422,93579.38688,0,4086,1625,1,0.264085477999915,on intermittent
4595990,4595989,47784,75.33708190917969,30.999584197998047,53556.555776,0,3515,646,0,0.7233082805847726,near water
4610349,4608549,47784,76.0737533569336,35.05125045776367,70650.22464,0,3024,736,1,0.4329954951083517,on intermittent
4839006,4840806,47784,88.93291473388672,29.341249465942383,97389.846528,0,3716,2294,1,0.41399938898632316,on intermittent
4677038,4678838,47784,79.93875122070312,26.158750534057617,248397.692928,0,4101,1204,1,0.460380038067505,on intermittent
4538383,4538384,47784,72.12791442871094,31.546249389648438,81968.16896,0,3448,257,1,0.5244254768181251,on intermittent
4702241,4704042,47784,81.2995834350586,25.828750610351562,91765.243904,0,4141,1369,1,0.4474683367859393,on intermittent
4741837,4745437,47784,83.55374908447266,26.266250610351562,94478.483456,0,4088,1642,2,0.5093710217960131,on perennial
4595989,4594189,47784,75.28958129882812,31.027084350585938,53601.247232,0,3511,641,1,0.43031991160731453,on intermittent
4608549,4606748,47784,76.00208282470703,35.092918395996094,70737.969152,0,3019,727,0,0.495913022728788,near water
4840806,4842606,47784,89.0320816040039,29.35124969482422,97608.613888,0,3715,2306,2,0.5679766316426758,on perennial
4678838,4682439,47784,79.96708679199219,26.07208251953125,256523.71456,0,4112,1208,2,0.30433276884245364,on perennial
4538384,4538385,47784,72.132080078125,31.49708366394043,82172.256256,0,3454,258,1,0.369609047682816,on intermittent
4704042,4704043,47784,81.39958190917969,25.751249313354492,91869.10208,0,4151,1381,1,0.2539346417877713,on intermittent
4745437,4747237,47784,83.74708557128906,26.272916793823242,121502.498816,0,4088,1666,1,0.3714325409467992,on intermittent
4594189,4592389,47784,75.2004165649414,31.039583206176758,53648.052224,0,3510,630,1,0.17693057602030324,on intermittent
4606748,4606747,47784,75.91791534423828,35.21125030517578,71629.807616,0,3004,717,0,0.6428047608675383,near water
4842606,4844406,47784,89.0995864868164,29.319583892822266,105159.573504,0,3718,2315,2,0.4449365267366715,on perennial
4682439,4682440,47784,80.08374786376953,26.005416870117188,256677.003264,0,4120,1222,1,0.19438841392739883,on intermittent
4538385,4536586,47784,72.10041809082031,31.402915954589844,84930.240512,0,3466,254,1,0.18715067964798043,on intermittent
4704043,4705843,47784,81.40208435058594,25.688749313354492,91932.033024,0,4158,1382,1,0.5370371921573638,on intermittent
4747237,4747238,47784,83.7995834350586,26.215415954589844,121664.462848,0,4095,1672,1,0.3938000542922783,on intermittent
4592389,4592388,47784,75.12958526611328,31.1079158782959,53693.186048,0,3502,621,1,0.4464341573222742,on intermittent
4606747,4604947,47784,75.9004135131836,35.23291778564453,130796.519424,0,3002,715,1,0.4529602535963179,on intermittent
4844406,4846206,47784,89.1995849609375,29.342082977294922,105266.479104,0,3716,2327,1,0.4201387160802162,on intermittent
4682440,4684240,47784,80.21208190917969,25.9204158782959,256741.408768,0,4130,1237,1,0.42608945481539856,on intermittent
4536586,4538387,47784,72.0929183959961,31.300416946411133,85290.909696,0,3478,253,1,0.2625021769970249,on intermittent
4705843,4707643,47784,81.49958038330078,25.62208366394043,92571.475968,0,4167,1393,0,1.2300072054222857,near water
4747238,4749038,47784,83.8495864868164,26.187084197998047,122146.299904,0,4098,1678,1,0.19837357937679218,on intermittent
4592388,4590588,47784,75.10041809082031,31.138750076293945,58002.194432,0,3498,618,1,0.2598006307064916,on intermittent
4604947,4604946,47784,75.85791778564453,35.311248779296875,130912.13312,0,2992,710,0,0.4180412000281881,near water
4846206,4848005,47784,89.2995834350586,29.380416870117188,105646.6944,0,3711,2339,1,0.12928407543834042,on intermittent
4684240,4686040,47784,80.32958221435547,25.893749237060547,300502.286336,0,4134,1252,0,0.6020792811615151,near water
4538387,4538388,47784,72.14041900634766,31.18458366394043,85337.202688,0,3492,259,1,0.2584513962866301,on intermittent
4707643,4707644,47784,81.56041717529297,25.57958221435547,92666.10176,0,4172,1401,1,0.35941293955967196,on intermittent
4749038,4750838,47784,83.89958190917969,26.123748779296875,122615.31648,0,4106,1684,1,0.3603308723700635,on intermittent
4590588,4588788,47784,74.97541809082031,31.152915954589844,58037.121024,0,3496,603,1,0.3458101598586581,on intermittent
4604946,4603146,47784,75.8004150390625,35.35041809082031,131101.81888,0,2987,703,1,0.4348142989366242,on intermittent
4848005,4848006,47784,89.3629150390625,29.36541748046875,105810.90304,0,3713,2347,1,0.43242736248093133,on intermittent
4686040,4689641,47784,80.39958190917969,25.91374969482422,301713.293312,0,4131,1260,2,0.15960880389138216,on perennial
4538388,4538389,47784,72.16041564941406,31.10041618347168,95947.1616,0,3502,261,1,0.5268659579716574,on intermittent
4707644,4709444,47784,81.64791870117188,25.555416107177734,92999.835648,0,4175,1411,1,0.4766072260194892,on intermittent
4750838,4752638,47784,83.99958038330078,26.111249923706055,122787.233792,0,4107,1696,1,0.4031139284168785,on intermittent
4588788,4586988,47784,74.9004135131836,31.136249542236328,77566.091264,0,3498,593,1,0.40422836351121727,on intermittent
4603146,4601346,47784,75.68458557128906,35.31791687011719,131255.574528,0,2991,689,2,0.42248430312332774,on perennial
4848006,4849806,47784,89.39958190917969,29.359582901000977,106004.873216,0,3713,2351,1,0.4503581196221393,on intermittent
4689641,4687841,47784,80.50041961669922,25.834583282470703,304708.419584,0,4141,1272,2,0.31647330943119095,on perennial
4538389,4536589,47784,72.0879135131836,31.042083740234375,95983.0016,0,3510,253,1,0.5280402207460512,on intermittent
4709444,4711244,47784,81.70458221435547,25.515417098999023,93113.278464,0,4179,1418,1,0.4566902736076613,on intermittent
4752638,4754439,47784,84.1187515258789,26.076250076293945,126299.693056,0,4111,1711,1,0.44524312678748845,on intermittent
4586988,4585188,47784,74.8004150390625,31.132083892822266,78888.255488,0,3499,581,0,0.6556448139337813,near water
4601346,4599546,47784,75.60208129882812,35.32791519165039,138341.5808,0,2990,679,1,0.3479375257038644,on intermittent
4849806,4851606,47784,89.49958038330078,29.338748931884766,106546.716672,0,3716,2363,1,0.06979707285272291,on intermittent
4687841,4689642,47784,80.55374908447266,25.78208351135254,333545.96352,0,4147,1279,2,0.24232303916972686,on perennial
4536589,4536590,47784,72.07791900634766,30.987916946411133,96058.597376,0,3516,251,0,1.0818520585490066,near water
4711244,4711245,47784,81.73124694824219,25.500415802001953,93274.07104,0,4181,1421,1,0.4597297164184014,on intermittent
4754439,4756240,47784,84.1995849609375,26.00458335876465,127134.302208,0,4120,1721,1,0.3136448098758477,on intermittent
4585188,4585189,47784,74.7245864868164,31.09958267211914,78932.688896,0,3503,572,1,0.40888393452501937,on intermittent
4599546,4597746,47784,75.50791931152344,35.39958190917969,138961.010688,0,2981,667,1,0.35136596648986435,on intermittent
4851606,4853406,47784,89.60458374023438,29.356250762939453,106896.842752,0,3714,2376,1,0.1783130104264558,on intermittent
4689642,4691442,47784,80.5995864868164,25.71208381652832,333673.168896,0,4156,1284,0,0.6123992670846846,near water
4536590,4534790,47784,71.98291778564453,30.90541648864746,96149.05344,0,3526,240,0,0.818918286497537,near water
4711245,4713044,47784,81.83625030517578,25.49708366394043,93421.387776,0,4182,1434,1,0.3425283815826259,on intermittent
4756240,4758040,47784,84.2995834350586,25.94041633605957,127791.702016,0,4128,1733,1,0.18898529203664247,on intermittent
4585189,4583389,47784,74.6762466430664,31.084583282470703,79201.77152,0,3504,566,1,0.4430550091485119,on intermittent
4597746,4597745,47784,75.46208190917969,35.43958282470703,139063.37792,0,2977,662,2,0.5447146421426535,on perennial
4853406,4855206,47784,89.6995849609375,29.34375,108729.950208,0,3715,2387,2,0.4580739864062691,on perennial
4691442,4693243,47784,80.7129135131836,25.68291664123535,333772.324864,0,4159,1298,1,0.13743888978002777,on intermittent
4534790,4534791,47784,71.9629135131836,30.88458251953125,96271.19616,0,3529,237,0,1.2911635519602291,near water
4713044,4713045,47784,81.87875366210938,25.500415802001953,93568.73728,0,4181,1439,1,0.3792261857831186,on intermittent
4758040,4759840,47784,84.39958190917969,25.903749465942383,127920.472064,0,4132,1745,1,0.3564821515129918,on intermittent
4583389,4581589,47784,74.59791564941406,31.035415649414062,79280.61952,0,3510,557,1,0.35723423871300747,on intermittent
4597745,4595945,47784,75.4004135131836,35.4787483215332,139776.868352,0,2972,654,2,0.2202013334398644,on perennial
4855206,4855207,47784,89.7612533569336,29.297916412353516,108837.699584,0,3721,2395,2,0.16055768553288477,on perennial
4693243,4695042,47784,80.79624938964844,25.699583053588867,335353.249792,0,4157,1308,2,0.16160234339414525,on perennial
4534791,4532992,47784,71.89541625976562,30.782917022705078,96412.639232,0,3541,229,0,0.9836522411463152,near water
4759840,4761641,47784,84.4870834350586,25.897916793823242,127963.734016,0,4133,1756,2,0.41186760900820946,on perennial
4581589,4581590,47784,74.59708404541016,31.000415802001953,81728.315392,0,3515,557,1,0.42612122479173986,on intermittent
4595945,4595944,47784,75.35208129882812,35.50208282470703,139941.412864,0,2969,648,2,0.1842630547262785,on perennial
4855207,4857006,47784,89.79458618164062,29.299583435058594,119900.274688,0,3721,2399,1,0.251082850363325,on intermittent
4695042,4696843,47784,80.92208099365234,25.68958282470703,335468.1344,0,4158,1323,1,0.4467627596192248,on intermittent
4532992,4532993,47784,71.82125091552734,30.64291763305664,96572.506112,0,3558,220,2,0.2121439790695651,on perennial
4761641,4763442,47784,84.62208557128906,25.79458236694336,129704.361984,0,4146,1772,1,0.37151573038473257,on intermittent
4581590,4579790,47784,74.48041534423828,30.952917098999023,81824.514048,0,3520,543,1,0.46585031403563754,on intermittent
4595944,4594144,47784,75.3004150390625,35.5845832824707,140352.667648,0,2959,642,1,0.05438102579986481,on intermittent
4857006,4858806,47784,89.90374755859375,29.32208251953125,120044.494848,0,3718,2412,1,0.06856078898442071,on intermittent
4696843,4698643,47784,80.99958038330078,25.623748779296875,336046.4896,0,4166,1333,1,0.34300207362895085,on intermittent
4532993,4529394,47784,71.8004150390625,30.606250762939453,136620.777472,0,3562,218,1,0.40671661734576786,on intermittent
4579790,4577991,47784,74.4004135131836,30.93291664123535,81925.013504,0,3523,533,0,0.7239691161825967,near water
4594144,4592344,47784,75.2004165649414,35.59541702270508,140573.589504,0,2958,630,2,0.35546811201807393,on perennial
4858806,4860606,47784,89.99958038330078,29.338748931884766,120333.312,0,3716,2424,0,0.5532171461411238,near water
4698643,4696844,47784,81.00791931152344,25.58041763305664,336107.208704,0,4172,1334,0,0.7655100070523144,near water
4529394,4527594,47784,71.60041809082031,30.547082901000977,136980.430848,0,3570,193,1,0.565599664540254,on intermittent
4577991,4576192,47784,74.28874969482422,30.78708267211914,82139.029504,0,3540,519,1,0.5032155740874454,on intermittent
4592344,4592343,47784,75.14041900634766,35.6029167175293,140665.110528,0,2957,623,1,0.403197089596051,on intermittent
4860606,4862406,47784,90.0995864868164,29.34958267211914,120697.348096,0,3715,2436,0,0.6611138349492109,near water
4696844,4698644,47784,81.02041625976562,25.547916412353516,336198.36928,0,4176,1335,2,0.5166691996165714,on perennial
4527594,4527595,47784,71.53458404541016,30.484582901000977,137048.604672,0,3577,186,1,0.40418523219802116,on intermittent
4576192,4574393,47784,74.12958526611328,30.68541717529297,82259.509248,0,3553,500,1,0.20408369472249155,on intermittent
4592343,4590543,47784,75.07208251953125,35.6029167175293,140880.052224,0,2957,614,1,0.33808863198937067,on intermittent
4862406,4864206,47784,90.20458221435547,29.347084045410156,123222.802432,0,3715,2449,1,0.3676441143208613,on intermittent
4698644,4700444,47784,81.12625122070312,25.51041603088379,339302.547456,0,4180,1348,2,0.12400931469509328,on perennial
4527595,4525796,47784,71.50041961669922,30.422916412353516,148347.94496,0,3585,181,1,0.4681615311235343,on intermittent
4574393,4572593,47784,74.10041809082031,30.632915496826172,82410.217472,0,3559,497,0,0.4322081674199228,near water
4590543,4588743,47784,74.93541717529297,35.64624786376953,141531.348992,0,2951,598,1,0.47503846019908874,on intermittent
4864206,4866006,47784,90.2995834350586,29.324583053588867,123558.21568,0,3718,2460,2,0.24951484423080098,on perennial
4700444,4700445,47784,81.18875122070312,25.487083435058594,340682.244096,0,4183,1356,1,0.26101470903540014,on intermittent
4525796,4523997,47784,71.4004135131836,30.311248779296875,149202.485248,0,3598,169,1,0.23232531615069046,on intermittent
4572593,4572594,47784,74.02958679199219,30.54291534423828,82475.237376,0,3570,488,1,0.07258776799028388,on intermittent
4588743,4586942,47784,74.9004135131836,35.69791793823242,141698.564096,0,2945,593,1,0.41112466739149733,on intermittent
4866006,4866007,47784,90.3620834350586,29.299583435058594,123610.112,0,3721,2468,1,0.36662654460060157,on intermittent
4700445,4702246,47784,81.14958190917969,25.40041732788086,342469.279744,0,4193,1351,1,0.35789023260310837,on intermittent
4523997,4523998,47784,71.34791564941406,30.200416564941406,152934.15424,0,3612,163,0,0.8037485110204663,near water
4572594,4570794,47784,74.00041961669922,30.522916793823242,83405.725696,0,3572,484,1,0.5415748643741537,on intermittent
4586942,4585142,47784,74.74124908447266,35.74208450317383,141956.268032,0,2940,574,1,0.19892934838066337,on intermittent
4866007,4867807,47784,90.41708374023438,29.257083892822266,123724.693504,0,3726,2474,2,0.2512118772408026,on perennial
4702246,4704046,47784,81.36541748046875,25.342082977294922,343155.01568,0,4200,1377,2,0.43447370786289485,on perennial
4523998,4523999,47784,71.3004150390625,30.14875030517578,153788.678144,0,3618,157,2,0.18272234196020742,on perennial
4570794,4570795,47784,73.90958404541016,30.437084197998047,88159.870976,0,3583,473,1,0.3256190794715487,on intermittent
4585142,4585141,47784,74.7387466430664,35.80791473388672,142086.209536,0,2932,574,2,0.14014422233082205,on perennial
4867807,4869607,47784,90.49958038330078,29.251249313354492,123912.626176,0,3727,2484,0,0.6177266799426936,near water
4704046,4704047,47784,81.39958190917969,25.32291603088379,343295.524864,0,4203,1381,2,0.2981040310534587,on perennial
4523999,4522199,47784,71.2820816040039,30.067916870117188,153850.331136,0,3628,155,0,0.7932960043640748,near water
4570795,4568996,47784,73.90458679199219,30.40041732788086,93765.124096,0,3587,473,1,0.34649816901918684,on intermittent
4585141,4583341,47784,74.7004165649414,35.83541488647461,142642.331648,0,2929,569,0,1.0189909882060069,near water
4869607,4871407,47784,90.6129150390625,29.272916793823242,124150.808576,0,3724,2498,2,0.02851375922055291,on perennial
4704047,4705847,47784,81.4487533569336,25.25958251953125,343400.316928,0,4210,1387,2,0.46207661716915366,on perennial
4522199,4522200,47784,71.2195816040039,29.988750457763672,153911.689216,0,3637,147,1,0.33375809052531125,on intermittent
4568996,4567196,47784,73.76958465576172,30.32958221435547,93943.160832,0,3596,456,1,0.34123136097161816,on intermittent
4583341,4583342,47784,74.65208435058594,35.76625061035156,142739.996672,0,2937,563,2,0.2978024444144206,on perennial
4871407,4871406,47784,90.67791748046875,29.31041717529297,124304.203776,0,3719,2506,2,0.41795994264184977,on perennial
4705847,4707647,47784,81.51041412353516,25.271249771118164,343520.346112,0,4209,1395,2,0.2509419830200968,on perennial
4522200,4522201,47784,71.21541595458984,29.87791633605957,153978.929152,0,3651,147,1,0.3407750139395379,on intermittent
4567196,4565396,47784,73.68624877929688,30.319583892822266,94034.436096,0,3597,446,1,0.2771781852228055,on intermittent
4583342,4583343,47784,74.62458038330078,35.66374969482422,170142.089216,0,2949,560,1,0.322355633608154,on intermittent
4871406,4873206,47784,90.6995849609375,29.335416793823242,124729.163776,0,3716,2509,2,0.5318267883505073,on perennial
4707647,4709446,47784,81.56041717529297,25.299583435058594,344008.491008,0,4206,1401,0,0.7262309492403887,near water
4522201,4520401,47784,71.17375183105469,29.83625030517578,154049.101824,0,3656,142,2,0.3200096841964584,on perennial
4565396,4563597,47784,73.52958679199219,30.28874969482422,94110.138368,0,3601,427,1,0.28885423532804516,on intermittent
4583343,4585143,47784,74.6312484741211,35.60041809082031,171073.86368,0,2957,561,2,0.10441792893777697,on perennial
4873206,4873207,47784,90.75875091552734,29.300416946411133,157669.834752,0,3721,2516,1,0.3864962936703167,on intermittent
4709446,4711246,47784,81.7437515258789,25.3487491607666,344103.354368,0,4200,1423,1,0.31983331106270985,on intermittent
4520401,4520402,47784,71.15125274658203,29.730417251586914,154118.078464,0,3669,139,2,0.42325433242126137,on perennial
4563597,4561797,47784,73.50041961669922,30.251249313354492,94246.346752,0,3605,424,1,0.40954466356477964,on intermittent
4585143,4583344,47784,74.63874816894531,35.56541442871094,175095.627776,0,2961,562,1,0.2987282389111716,on intermittent
4873207,4875007,47784,90.80458068847656,29.277082443237305,157737.713664,0,3723,2521,2,0.4978222759657256,on perennial
4711246,4713046,47784,81.80708312988281,25.32958221435547,344318.902272,0,4202,1431,2,0.2815415244717998,on perennial
4520402,4520403,47784,71.12124633789062,29.675416946411133,154249.6256,0,3675,135,1,0.37703690829818887,on intermittent
4561797,4559997,47784,73.39707946777344,30.236249923706055,94344.077312,0,3607,411,0,1.0257411114746338,near water
4583344,4581545,47784,74.60458374023438,35.492916107177734,175199.223808,0,2970,558,1,0.2800238247586177,on intermittent
4875007,4875006,47784,90.83708190917969,29.299583435058594,157920.346112,0,3721,2525,1,0.27353286534100063,on intermittent
4713046,4713045,47784,81.8062515258789,25.397083282470703,344465.539072,0,4194,1431,0,0.5020541417935019,near water
4520403,4518603,47784,71.10041809082031,29.618749618530273,154705.67424,0,3682,133,1,0.11572359534209709,on intermittent
4559997,4559998,47784,73.3429183959961,30.200416564941406,94523.35104,0,3612,405,1,0.4591522579878661,on intermittent
4581545,4579744,47784,74.49041748046875,35.4779167175293,175638.904832,0,2972,544,1,0.19319457442406004,on intermittent
4875006,4876806,47784,90.92292022705078,29.31624984741211,157990.240256,0,3719,2536,1,0.3903481095891949,on intermittent
4713045,4714846,47784,81.90875244140625,25.39875030517578,440089.706496,0,4194,1443,1,0.3755191815277841,on intermittent
4518603,4518604,47784,71.05374908447266,29.58041763305664,154744.045568,0,3687,127,1,0.31278348767690206,on intermittent
4559998,4558198,47784,73.25458526611328,30.126249313354492,94607.9744,0,3621,394,0,0.5143677924598014,near water
4579744,4579745,47784,74.45124816894531,35.44124984741211,175754.985472,0,2976,539,1,0.2938550451024345,on intermittent
4876806,4878606,47784,90.99708557128906,29.31541633605957,158320.590848,0,3719,2545,1,0.34976269110097724,on intermittent
4714846,4716646,47784,82.02124786376953,25.338748931884766,440248.336384,0,4201,1457,1,0.33820826046529084,on intermittent
4518604,4518605,47784,71.03125,29.500415802001953,156709.322752,0,3696,125,0,0.6657043162304302,near water
4558198,4558199,47784,73.24791717529297,30.10041618347168,94762.246144,0,3624,393,1,0.3191468160775739,on intermittent
4579745,4577945,47784,74.36541748046875,35.408748626708984,175954.558976,0,2980,529,1,0.3574155662417413,on intermittent
4878606,4880406,47784,91.02708435058594,29.300416946411133,158477.320192,0,3721,2548,2,0.36397736083457066,on perennial
4716646,4716647,47784,82.07624816894531,25.300416946411133,440526.471168,0,4206,1463,1,0.5088410946177037,on intermittent
4518605,4518606,47784,71.02124786376953,29.360416412353516,156854.272,0,3713,123,2,0.4244658357221016,on perennial
4558199,4556399,47784,73.2004165649414,30.082916259765625,95456.002048,0,3626,387,1,0.3814316571148072,on intermittent
4577945,4576145,47784,74.3004150390625,35.4162483215332,176784.441344,0,2979,521,2,0.3658731183399414,on perennial
4880406,4882207,47784,91.19291687011719,29.300416946411133,159341.182976,0,3721,2568,2,0.41191530769369905,on perennial
4716647,4718446,47784,82.0995864868164,25.270416259765625,458091.56096,0,4209,1466,1,0.1655661910824698,on intermittent
4556399,4554599,47784,73.10041809082031,30.03708267211914,95660.924928,0,3631,375,1,0.41757368162833247,on intermittent
4576145,4574345,47784,74.2004165649414,35.40458297729492,177073.831936,0,2981,509,1,0.3453945474114049,on intermittent
4882207,4884007,47784,91.2995834350586,29.28208351135254,159734.185984,0,3723,2581,1,0.23924270292144473,on intermittent
4718446,4720247,47784,82.20124816894531,25.307083129882812,458154.049536,0,4205,1478,1,0.4553734967089775,on intermittent
4554599,4552800,47784,72.99874877929688,30.008750915527344,95723.364352,0,3635,363,0,0.8028602421820779,near water
4574345,4572545,47784,74.09874725341797,35.43541717529297,178237.292544,0,2977,496,2,0.23869285817694783,on perennial
4884007,4885807,47784,91.43374633789062,29.290416717529297,160418.398208,0,3722,2598,1,0.39358172317502477,on intermittent
4720247,4718448,47784,82.2004165649414,25.23208236694336,458282.827776,0,4214,1478,1,0.3389519897701832,on intermittent
4552800,4551000,47784,72.89541625976562,29.987916946411133,96747.159552,0,3637,350,1,0.47328005385442595,on intermittent
4572545,4570745,47784,73.992919921875,35.444583892822266,178358.124544,0,2976,483,1,0.3748058246189011,on intermittent
4885807,4887607,47784,91.52041625976562,29.27541732788086,161045.020672,0,3724,2608,1,0.2841024301870157,on intermittent
4718448,4720248,47784,82.22208404541016,25.17791748046875,458480.058368,0,4220,1481,2,0.33016238524114927,on perennial
4551000,4549200,47784,72.8004150390625,29.946250915527344,96985.710592,0,3642,339,1,0.3501981965795145,on intermittent
4570745,4568945,47784,73.8687515258789,35.48958206176758,178779.799552,0,2970,468,2,0.5344882810253326,on perennial
4887607,4889407,47784,91.5995864868164,29.261249542236328,161593.50784,0,3725,2618,1,0.4772357455016627,on intermittent
4720248,4722047,47784,82.32041931152344,25.244583129882812,458614.734848,0,4212,1493,2,0.27236824381901226,on perennial
4549200,4549201,47784,72.72958374023438,29.887083053588867,97062.043648,0,3650,330,0,0.5800239501942052,near water
4568945,4567144,47784,73.81208038330078,35.49958419799805,179259.129856,0,2969,462,2,0.3930108342697931,on perennial
4889407,4891207,47784,91.73291778564453,29.26041603088379,161913.782272,0,3726,2634,1,0.4788919091482345,on intermittent
4722047,4723848,47784,82.39958190917969,25.257915496826172,458729.586688,0,4211,1502,1,0.504605705303968,on intermittent
4549201,4547401,47784,72.7004165649414,29.887916564941406,97168.392192,0,3649,327,1,0.43567057070503223,on intermittent
4567144,4565344,47784,73.7004165649414,35.53125,180313.194496,0,2965,448,1,0.3762096548397726,on intermittent
4891207,4893007,47784,91.8012466430664,29.270416259765625,164243.144704,0,3724,2642,1,0.2799700521407228,on intermittent
4723848,4725648,47784,82.5304183959961,25.159584045410156,459391.369216,0,4223,1518,1,0.47642744829072253,on intermittent
4547401,4545601,47784,72.58291625976562,29.842082977294922,97228.046336,0,3655,313,1,0.3336303445111587,on intermittent
4565344,4563543,47784,73.58541870117188,35.539581298828125,180625.16224,0,2964,434,1,0.37321758945012357,on intermittent
4893007,4894807,47784,91.91041564941406,29.272083282470703,165048.07424,0,3724,2655,2,0.2616853877042234,on perennial
4725648,4727447,47784,82.5745849609375,25.227083206176758,459743.494144,0,4214,1524,2,0.4463838887223235,on perennial
4545601,4543801,47784,72.50041961669922,29.825416564941406,98849.824768,0,3657,303,0,0.9978515991379376,near water
4563543,4563544,47784,73.54875183105469,35.530418395996094,181403.205632,0,2966,430,2,0.5193718628367822,on perennial
4894807,4896607,47784,92.0112533569336,29.234582901000977,165229.084672,0,3729,2668,0,0.6981421671763806,near water
4727447,4729248,47784,82.75291442871094,25.140417098999023,460173.14816,0,4225,1545,2,0.2703720291668317,on perennial
4543801,4542001,47784,72.4004135131836,29.831249237060547,99033.923584,0,3656,290,1,0.4677536809583687,on intermittent
4563544,4561744,47784,73.50041961669922,35.53125,182317.023232,0,2965,424,2,0.4057727744956491,on perennial
4896607,4898407,47784,92.12458038330078,29.2862491607666,167668.711424,0,3722,2681,1,0.4081121963930765,on intermittent
4729248,4731048,47784,82.86958312988281,25.12291717529297,460547.588096,0,4227,1559,1,0.37403363406626156,on intermittent
4542001,4540202,47784,72.257080078125,29.755416870117188,101115.011072,0,3666,273,1,0.4545609974543124,on intermittent
4561744,4559944,47784,73.3862533569336,35.512916564941406,182404.349952,0,2968,410,0,0.7892302411058091,near water
4898407,4900207,47784,92.1995849609375,29.24625015258789,167789.821952,0,3727,2690,1,0.3548674774697006,on intermittent
4731048,4732847,47784,82.89958190917969,25.18375015258789,460840.501248,0,4220,1563,2,0.3275209227360034,on perennial
4540202,4538403,47784,72.2004165649414,29.70458221435547,103030.259712,0,3672,266,1,0.3472179705539469,on intermittent
4559944,4558145,47784,73.29875183105469,35.49958419799805,182734.68416,0,2969,399,2,0.3454230963027847,on perennial
4900207,4902007,47784,92.32208251953125,29.227916717529297,169338.454016,0,3729,2705,1,0.44438752156222233,on intermittent
4732847,4734647,47784,83.02958679199219,25.24791717529297,462075.592704,0,4212,1579,2,0.17382415881334504,on perennial
4538403,4538404,47784,72.1312484741211,29.60041618347168,103196.311552,0,3684,258,1,0.3040785796057306,on intermittent
4558145,4556346,47784,73.1995849609375,35.42791748046875,185280.331776,0,2978,387,2,0.2528426036715965,on perennial
4902007,4903806,47784,92.39958190917969,29.25291633605957,169507.2256,0,3726,2715,2,0.4999691646781765,on perennial
4734647,4734646,47784,83.02458190917969,25.31708335876465,462194.737152,0,4203,1578,2,0.49057036234355783,on perennial
4538404,4536604,47784,72.06708526611328,29.547082901000977,103297.540096,0,3691,250,1,0.22221514514380455,on intermittent
4556346,4558146,47784,73.1995849609375,35.387916564941406,185390.36672,0,2983,387,2,0.3162869731690427,on perennial
4903806,4903807,47784,92.47208404541016,29.249584197998047,169600.417792,0,3727,2723,2,0.3510800157306882,on perennial
4734646,4736446,47784,83.0995864868164,25.33041763305664,466470.66624,0,4202,1587,2,0.2961532025805217,on perennial
4536604,4536605,47784,72.00041961669922,29.527082443237305,103390.86336,0,3693,242,1,0.17267194970678756,on intermittent
4558146,4558147,47784,73.1995849609375,35.327083587646484,185503.973376,0,2990,387,2,0.28471183065393135,on perennial
4903807,4905608,47784,92.5120849609375,29.193750381469727,169768.943616,0,3734,2728,2,0.42079381208830247,on perennial
4736446,4736445,47784,83.18541717529297,25.397916793823242,466549.047296,0,4194,1598,2,0.35925807427915285,on perennial
4536605,4534804,47784,71.94541931152344,29.50958251953125,103452.401664,0,3695,235,1,0.37489353539694276,on intermittent
4558147,4556347,47784,73.19791412353516,35.24458312988281,185858.965504,0,3000,387,1,0.17187179416343576,on intermittent
4905608,4907408,47784,92.60292053222656,29.138750076293945,170912.301056,0,3740,2739,2,0.30870154527789606,on perennial
4736445,4736444,47784,83.16958618164062,25.499584197998047,466880.167936,0,4181,1596,2,0.3717231021988699,on perennial
4534804,4533005,47784,71.90208435058594,29.4737491607666,103522.38592,0,3700,230,1,0.32267130613020145,on intermittent
4556347,4556348,47784,73.13041687011719,35.200416564941406,187492.483072,0,3006,379,1,0.45132598243293115,on intermittent
4907408,4909209,47784,92.7179183959961,29.092082977294922,171626.74176,0,3746,2753,2,0.16937397218203157,on perennial
4736444,4738244,47784,83.20375061035156,25.533750534057617,498466.783232,0,4177,1600,1,0.21178928402167463,on intermittent
4533005,4531205,47784,71.8012466430664,29.477083206176758,103604.822016,0,3699,218,1,0.2633406177180118,on intermittent
4556348,4554548,47784,73.08457946777344,35.14458465576172,187586.31424,0,3012,373,2,0.3869757270032231,on perennial
4909209,4911009,47784,92.80208587646484,29.078750610351562,171900.141568,0,3748,2763,2,0.5320559669881586,on perennial
4738244,4740045,47784,83.32125091552734,25.47541618347168,498615.844864,0,4184,1614,1,0.31841915707270135,on intermittent
4531205,4529405,47784,71.6995849609375,29.484582901000977,103853.760512,0,3698,206,1,0.4993067934082565,on intermittent
4554548,4552749,47784,73.00041961669922,35.10625076293945,189078.585344,0,3017,363,2,0.15679509195522787,on perennial
4911009,4912809,47784,92.89958190917969,29.061250686645508,174311.489536,0,3750,2775,2,0.3602400095725675,on perennial
4740045,4741845,47784,83.4254150390625,25.472915649414062,498699.436032,0,4185,1627,2,0.39416484649598044,on perennial
4529405,4527605,47784,71.60041809082031,29.40708351135254,103975.428096,0,3708,193,0,1.2158774751508936,near water
4552749,4552750,47784,72.88874816894531,35.012916564941406,189728.653312,0,3028,350,2,0.3406812247599135,on perennial
4912809,4912810,47784,93.00041961669922,29.048749923706055,174502.95296,0,3751,2787,2,0.3769631988416841,on perennial
4741845,4743645,47784,83.53125,25.39291763305664,498783.387648,0,4194,1640,1,0.39757765958242913,on intermittent
4527605,4527606,47784,71.5512466430664,29.388750076293945,104010.67008,0,3710,188,0,0.9528638723324513,near water
4552750,4550950,47784,72.8879165649414,34.952083587646484,189826.957312,0,3036,350,0,0.5464636807293177,near water
4912810,4914609,47784,93.06791687011719,29.042917251586914,174620.655616,0,3752,2796,0,0.5036529653290923,near water
4743645,4741844,47784,83.52458190917969,25.499584197998047,499230.703616,0,4181,1639,2,0.36217232696995943,on perennial
4527606,4525806,47784,71.50041961669922,29.383750915527344,104484.814848,0,3711,181,0,0.5927845723433981,near water
4550950,4550951,47784,72.8637466430664,34.89458465576172,190527.471616,0,3043,347,2,0.47895688370600215,on perennial
4914609,4916408,47784,93.08875274658203,29.09958267211914,175334.555648,0,3745,2798,1,0.10967238717166786,on intermittent
4741844,4743644,47784,83.5495834350586,25.53874969482422,500117.929984,0,4177,1642,1,0.3628259941929768,on intermittent
4525806,4524006,47784,71.39707946777344,29.37958335876465,104584.02816,0,3711,169,0,1.2610275906506299,near water
4550951,4552751,47784,72.91708374023438,34.87458419799805,191020.449792,0,3045,353,2,0.06481384823662142,on perennial
4916408,4916409,47784,93.14875030517578,29.091249465942383,176244.850688,0,3746,2805,2,0.32826644735321453,on perennial
4743644,4745443,47784,83.61042022705078,25.58708381652832,500244.217856,0,4171,1649,1,0.29919033701404674,on intermittent
4524006,4524005,47784,71.32791900634766,29.417083740234375,104856.223744,0,3707,160,0,2.799604047046899,near water
4552751,4552752,47784,72.93374633789062,34.803749084472656,191140.41344,0,3054,355,1,0.3835240408422491,on intermittent
4916409,4918209,47784,93.1995849609375,29.019582748413086,176409.427968,0,3755,2812,0,0.7302764940711979,near water
4745443,4747244,47784,83.76958465576172,25.56458282470703,501904.277504,0,4173,1669,2,0.588706034417637,on perennial
4524005,4520406,47784,71.26374816894531,29.424583435058594,105056.854016,0,3706,153,0,0.6156228081504111,near water
4552752,4550952,47784,72.9004135131836,34.76124954223633,191698.665472,0,3059,351,2,0.2413063670686844,on perennial
4918209,4918210,47784,93.24458312988281,28.99708366394043,176517.218304,0,3757,2817,2,0.3942990461295905,on perennial
4747244,4749044,47784,83.7995834350586,25.511249542236328,502217.539584,0,4180,1672,1,0.15216963068859596,on intermittent
4520406,4518606,47784,71.08541870117188,29.39875030517578,105161.5232,0,3709,131,2,0.24212214891237138,on perennial
4550952,4550953,47784,72.8004150390625,34.7095832824707,191920.685056,0,3065,339,1,0.04229912751966527,on intermittent
4918210,4920009,47784,93.3429183959961,29.041250228881836,177595.498496,0,3752,2829,2,0.08244160573017893,on perennial
4749044,4750844,47784,83.94208526611328,25.562084197998047,510212.276224,0,4174,1689,1,0.4179010572106393,on intermittent
4518606,4516807,47784,71.00041961669922,29.324583053588867,278543.761408,0,3718,121,1,0.3101918504869552,on intermittent
4550953,4549153,47784,72.79208374023438,34.63291549682617,191992.446976,0,3074,338,2,0.2779318778865539,on perennial
4920009,4921808,47784,93.4004135131836,29.096250534057617,177715.068928,0,3745,2836,2,0.3815388016855662,on perennial
4750844,4752643,47784,83.99708557128906,25.59958267211914,511640.010752,0,4169,1696,2,0.24668089074808136,on perennial
4516807,4515007,47784,70.9004135131836,29.256250381469727,278647.209984,0,3726,109,1,0.2876315982992204,on intermittent
4549153,4550954,47784,72.7870864868164,34.60041809082031,192419.545088,0,3078,337,1,0.330060417238471,on intermittent
4921808,4923608,47784,93.49958038330078,29.16374969482422,178099.191808,0,3737,2848,1,0.21512549403425194,on intermittent
4752643,4754442,47784,84.0945816040039,25.708749771118164,511743.361024,0,4156,1708,1,0.056194314403421805,on intermittent
4515007,4515008,47784,70.84041595458984,29.207916259765625,278723.723264,0,3732,101,1,0.31704567267418393,on intermittent
4550954,4549154,47784,72.8004150390625,34.542083740234375,192491.962368,0,3085,339,1,0.2856987158583244,on intermittent
4923608,4925408,47784,93.6187515258789,29.173749923706055,179504.857088,0,3736,2862,2,0.30387103998534604,on perennial
4754442,4756242,47784,84.1995849609375,25.721250534057617,521304.440832,0,4154,1721,1,0.5370750086500704,on intermittent
4515008,4513208,47784,70.77958679199219,29.141250610351562,278803.873792,0,3740,94,1,0.04193054442123882,on intermittent
4549154,4550955,47784,72.8245849609375,34.512916564941406,192559.448064,0,3089,342,1,0.17235539739609124,on intermittent
4925408,4927208,47784,93.6995849609375,29.14958381652832,179852.181504,0,3739,2872,1,0.15068035958531248,on intermittent
4756242,4758042,47784,84.32208251953125,25.707916259765625,521370.271744,0,4156,1736,1,0.4188048094036275,on intermittent
4513208,4511409,47784,70.67791748046875,29.097084045410156,280430.149632,0,3745,82,2,0.3860475973180363,on perennial
4550955,4550956,47784,72.84541320800781,34.34791564941406,194183.725056,0,3109,344,2,0.3342555292099211,on perennial
4927208,4929008,47784,93.81375122070312,29.118749618530273,180264.042496,0,3743,2886,2,0.2921021272106284,on perennial
4758042,4759842,47784,84.39958190917969,25.762083053588867,521543.090176,0,4150,1745,0,0.9950612971833106,near water
4550956,4549156,47784,72.82958221435547,34.27375030517578,194661.154816,0,3118,342,2,0.3944682537790921,on perennial
4929008,4929007,47784,93.9120864868164,29.14958381652832,181962.358784,0,3739,2898,2,0.07305999680517276,on perennial
4759842,4761643,47784,84.49458312988281,25.68541717529297,521590.276096,0,4159,1756,1,0.37513987571568497,on intermittent
4549156,4550957,47784,72.82291412353516,34.237083435058594,194788.196352,0,3122,342,2,0.3564107019197717,on perennial
4929007,4930808,47784,93.92708587646484,29.187084197998047,182084.911104,0,3734,2900,1,0.41603100903327833,on intermittent
4761643,4763442,47784,84.5945816040039,25.699583053588867,523350.114304,0,4157,1769,2,0.3973466598096884,on perennial
4550957,4550958,47784,72.8187484741211,34.200416564941406,194909.929472,0,3127,341,2,0.28440146792203613,on perennial
4930808,4932607,47784,94.02791595458984,29.201250076293945,182274.260992,0,3733,2912,0,0.8332899245437865,near water
4763442,4765242,47784,84.6995849609375,25.743749618530273,653960.609792,0,4152,1781,1,0.3040488286659319,on intermittent
4550958,4549158,47784,72.74874877929688,34.11125183105469,197823.430656,0,3138,333,2,0.4942613701900431,on perennial
4932607,4934407,47784,94.07291412353516,29.200416564941406,183555.080192,0,3733,2917,2,0.39710902070728765,on perennial
4765242,4767042,47784,84.82708740234375,25.727083206176758,654015.463424,0,4154,1797,2,0.29764287423919167,on perennial
4549158,4547359,47784,72.65958404541016,34.0404167175293,197913.47712,0,3146,322,2,0.1433658019100536,on perennial
4934407,4936207,47784,94.22125244140625,29.23208236694336,184347.131904,0,3729,2935,2,0.331650748454249,on perennial
4767042,4768843,47784,84.87374877929688,25.696250915527344,722965.692416,0,4158,1802,1,0.5326509469497253,on intermittent
4547359,4545560,47784,72.59874725341797,34.0029182434082,198079.627264,0,3151,314,1,0.4907863755003536,on intermittent
4936207,4936206,47784,94.2995834350586,29.268749237060547,184598.577152,0,3725,2945,0,0.8565809844637366,near water
4768843,4770643,47784,85.04125213623047,25.64208221435547,723188.711424,0,4164,1823,1,0.27731020011886465,on intermittent
4545560,4543760,47784,72.42958068847656,34.00041580200195,198621.67552,0,3151,294,1,0.032592741124707225,on intermittent
4936206,4938006,47784,94.3620834350586,29.32208251953125,184861.81888,0,3718,2952,2,0.38514070609053197,on perennial
4770643,4772443,47784,85.12708282470703,25.653749465942383,723625.90208,0,4163,1833,1,0.3003284426313194,on intermittent
4543760,4541960,47784,72.35708618164062,33.950416564941406,199198.703616,0,3157,285,2,0.1595295228958036,on perennial
4938006,4939806,47784,94.41041564941406,29.366249084472656,185145.327616,0,3713,2958,2,0.39783732078998346,on perennial
4772443,4774243,47784,85.1995849609375,25.62041664123535,767153.60256,0,4167,1842,2,0.2753300967507287,on perennial
4541960,4541961,47784,72.28958129882812,33.917083740234375,199579.287552,0,3161,277,1,0.06312415551858545,on intermittent
4939806,4939805,47784,94.46375274658203,29.415416717529297,185261.047808,0,3707,2965,2,0.29937938767733774,on perennial
4774243,4776043,47784,85.34874725341797,25.611249923706055,767256.100864,0,4168,1860,2,0.15750683065854382,on perennial
4541961,4540161,47784,72.2379150390625,33.901248931884766,199690.944512,0,3163,271,1,0.18141287434742914,on intermittent
4939805,4941605,47784,94.52458190917969,29.44791603088379,203203.657728,0,3703,2972,1,0.24405663774592948,on intermittent
4776043,4777844,47784,85.4312515258789,25.58041763305664,767364.497408,0,4172,1870,1,0.39570033172234126,on intermittent
4540161,4540162,47784,72.2437515258789,33.76874923706055,292422.909952,0,3179,271,2,0.3607541576595418,on perennial
4941605,4943405,47784,94.5995864868164,29.48208236694336,203321.819136,0,3699,2981,1,0.392381847643028,on intermittent
4777844,4779645,47784,85.49958038330078,25.522916793823242,767459.917824,0,4179,1878,1,0.4650491807207432,on intermittent
4540162,4538362,47784,72.2004165649414,33.762916564941406,295575.519232,0,3180,266,2,0.2810041715743322,on perennial
4943405,4945205,47784,94.70375061035156,29.46125030517578,203692.621824,0,3701,2994,2,0.17473512495965968,on perennial
4779645,4783244,47784,85.61458587646484,25.50291633605957,777139.126272,0,4181,1892,1,0.15015090186334737,on intermittent
4538362,4536561,47784,72.10041809082031,33.784584045410156,295698.006016,0,3177,254,2,0.13700386671186893,on perennial
4945205,4947005,47784,94.81208038330078,29.46208381652832,203936.825344,0,3701,3007,2,0.06337702020803375,on perennial
4783244,4785044,47784,85.81375122070312,25.508750915527344,777328.132096,0,4180,1916,1,0.3539001880924095,on intermittent
4536561,4536562,47784,72.03541564941406,33.748748779296875,296055.570432,0,3181,246,2,0.4617178986877927,on perennial
4947005,4947004,47784,94.87708282470703,29.521249771118164,204088.901632,0,3694,3015,1,0.12384176305942553,on intermittent
4785044,4786845,47784,85.90291595458984,25.487916946411133,777453.305856,0,4183,1927,1,0.224988549431818,on intermittent
4536562,4534763,47784,72.00208282470703,33.69541549682617,296188.116992,0,3188,242,2,0.14765483579957916,on perennial
4947004,4948803,47784,94.89958190917969,29.577917098999023,204257.673216,0,3687,3018,0,0.5040625695212602,near water
4786845,4788646,47784,85.99041748046875,25.40041732788086,779832.983552,0,4193,1938,1,0.4199816669104529,on intermittent
4534763,4534764,47784,71.96125030517578,33.57875061035156,296779.808768,0,3202,237,2,0.187086612850145,on perennial
4948803,4947003,47784,94.88291931152344,29.625415802001953,204426.887168,0,3681,3016,1,0.39541815963533516,on intermittent
4788646,4790446,47784,86.0995864868164,25.332916259765625,779967.85664,0,4202,1951,1,0.39483685322936984,on intermittent
4534764,4534765,47784,71.93875122070312,33.50041580200195,297138.487296,0,3212,235,0,0.5490012359875431,near water
4947003,4947002,47784,94.89041900634766,29.687915802001953,204540.903424,0,3674,3017,2,0.47524648510475254,on perennial
4790446,4792246,47784,86.22041320800781,25.33625030517578,780094.99648,0,4201,1966,1,0.35714682099966344,on intermittent
4534765,4532965,47784,71.87291717529297,33.436248779296875,297254.027264,0,3219,227,2,0.48698860058301047,on perennial
4947002,4948802,47784,94.92791748046875,29.721250534057617,204666.847232,0,3670,3021,0,0.9072861126647108,near water
4792246,4794046,47784,86.2995834350586,25.327083587646484,780230.066176,0,4202,1975,1,0.30725162560418184,on intermittent
4532965,4532966,47784,71.81124877929688,33.40041732788086,298458.939392,0,3224,219,2,0.2848158922754584,on perennial
4948802,4950602,47784,95.00375366210938,29.766250610351562,204797.771776,0,3664,3030,1,0.2735706222763802,on intermittent
4794046,4795846,47784,86.42791748046875,25.37958335876465,780329.680896,0,4196,1991,1,0.21184693261762405,on intermittent
4532966,4531166,47784,71.73458099365234,33.3629150390625,301766.475776,0,3228,210,2,0.289017045281691,on perennial
4950602,4952402,47784,95.0995864868164,29.748750686645508,204967.641088,0,3666,3042,0,0.7548757626740716,near water
4795846,4795845,47784,86.46458435058594,25.40041732788086,797789.323264,0,4193,1995,1,0.39585100243221516,on intermittent
4531166,4529367,47784,71.72208404541016,33.29708480834961,301967.93344,0,3236,208,2,0.2697698653963384,on perennial
4952402,4950601,47784,95.14791870117188,29.799583435058594,205081.47712,0,3660,3048,1,0.2568010483568308,on intermittent
4795845,4797645,47784,86.49958038330078,25.432083129882812,797933.830144,0,4190,1999,1,0.5554011441758814,on intermittent
4529367,4531167,47784,71.72708129882812,33.23291778564453,303749.595136,0,3244,209,2,0.12042000129898438,on perennial
4950601,4952401,47784,95.11541748046875,29.87291717529297,205186.17088,0,3651,3044,2,0.2955939190551114,on perennial
4797645,4797646,47784,86.56791687011719,25.376249313354492,812103.827456,0,4196,2008,1,0.36668193337510524,on intermittent
4531167,4531168,47784,71.7562484741211,33.200416564941406,303916.908544,0,3248,212,2,0.29679372639127377,on perennial
4952401,4952400,47784,95.14458465576172,29.89958381652832,234207.215616,0,3648,3047,2,0.26319619748454226,on perennial
4797646,4797647,47784,86.58457946777344,25.300416946411133,812222.185472,0,4206,2010,1,0.494254848470436,on intermittent
4531168,4529369,47784,71.71125030517578,33.10041809082031,304131.833856,0,3260,207,2,0.07724851715558367,on perennial
4952400,4954201,47784,95.20708465576172,29.83041763305664,234358.145024,0,3656,3055,1,0.39192837182769796,on intermittent
4797647,4799447,47784,86.65958404541016,25.24625015258789,812610.093056,0,4212,2019,2,0.14725796530354107,on perennial
4529369,4531169,47784,71.72624969482422,33.03874969482422,304251.142144,0,3268,209,2,0.4742136825599743,on perennial
4954201,4954202,47784,95.29291534423828,29.800416946411133,234491.969536,0,3660,3065,2,0.25035519753023205,on perennial
4799447,4801247,47784,86.6995849609375,25.249584197998047,813241.335808,0,4212,2024,2,0.39498100081824206,on perennial
4531169,4529370,47784,71.7004165649414,33.014583587646484,315507.5072,0,3270,206,2,0.5169389206107029,on perennial
4954202,4956002,47784,95.3187484741211,29.71291732788086,234800.775168,0,3671,3068,2,0.4678307627004513,on perennial
4801247,4803046,47784,86.80374908447266,25.285415649414062,813427.130368,0,4207,2036,1,0.4004572901275654,on intermittent
4529370,4527570,47784,71.60041809082031,32.952083587646484,315734.032384,0,3278,193,2,0.37863575917482595,on perennial
4956002,4956003,47784,95.36458587646484,29.693750381469727,234954.850304,0,3673,3074,2,0.014444906866101588,on perennial
4803046,4804846,47784,86.91874694824219,25.327917098999023,813514.42432,0,4202,2050,1,0.26788684417635944,on intermittent
4527570,4525771,47784,71.47541809082031,32.90458297729492,317031.088128,0,3284,178,2,0.32258801068443094,on perennial
4956003,4956004,47784,95.37958526611328,29.60041618347168,235241.357312,0,3684,3076,2,0.31130811927231533,on perennial
4804846,4806647,47784,87.0062484741211,25.277082443237305,813784.956928,0,4208,2061,1,0.3305324496503176,on intermittent
4525771,4525772,47784,71.43958282470703,32.8004150390625,317365.61664,0,3296,174,1,0.38475082759237833,on intermittent
4956004,4957805,47784,95.41374969482422,29.51708221435547,235748.605952,0,3694,3080,2,0.36793807513773014,on perennial
4806647,4808447,47784,87.0995864868164,25.282917022705078,815457.23904,0,4208,2072,1,0.3687971220987549,on intermittent
4525772,4523973,47784,71.36541748046875,32.633750915527344,317490.069504,0,3317,165,1,0.34760919043210675,on intermittent
4957805,4956005,47784,95.4004135131836,29.43541717529297,238039.465984,0,3704,3078,2,0.3842041561829995,on perennial
4808447,4810247,47784,87.2179183959961,25.262083053588867,815589.031936,0,4210,2087,2,0.4230181611171531,on perennial
4523973,4523974,47784,71.37041473388672,32.60041809082031,343953.408,0,3321,166,2,0.43231607260782173,on perennial
4956005,4956006,47784,95.34124755859375,29.354583740234375,238145.421312,0,3714,3071,2,0.15948941528586563,on perennial
4810247,4810246,47784,87.24874877929688,25.299583435058594,820558.2336,0,4206,2090,2,0.4157693068145428,on perennial
4523974,4523975,47784,71.38041687011719,32.44291687011719,344406.130688,0,3340,167,2,0.2650908326797141,on perennial
4956006,4954206,47784,95.28791809082031,29.328750610351562,238850.277376,0,3717,3065,2,0.31649369062593347,on perennial
4810246,4810245,47784,87.26374816894531,25.40541648864746,820654.374912,0,4193,2092,1,0.20880702872346765,on intermittent
4523975,4523976,47784,71.39958190917969,32.402915954589844,345028.755456,0,3345,169,0,0.960306753158699,near water
4954206,4954207,47784,95.27708435058594,29.300416946411133,238973.730816,0,3721,3063,2,0.4395830294308245,on perennial
4810245,4812045,47784,87.2995834350586,25.451250076293945,908217.810944,0,4187,2096,1,0.40501663009427447,on intermittent
4523976,4523977,47784,71.32125091552734,32.3004150390625,345126.764544,0,3357,160,1,0.2711376670964506,on intermittent
4954207,4952407,47784,95.16708374023438,29.24791717529297,239313.7152,0,3727,3050,2,0.050148437074002954,on perennial
4812045,4813845,47784,87.4262466430664,25.430416107177734,908853.182464,0,4190,2112,2,0.2951134661908319,on perennial
4523977,4522177,47784,71.27708435058594,32.243751525878906,345195.347968,0,3364,154,1,0.2509929418930091,on intermittent
4952407,4950608,47784,95.10041809082031,29.209583282470703,240223.977472,0,3732,3042,0,0.6165388412432511,near water
4813845,4815646,47784,87.49791717529297,25.40041732788086,908987.662336,0,4193,2120,2,0.5218301385219232,on perennial
4522177,4522178,47784,71.2629165649414,32.200416564941406,345327.69792,0,3369,153,1,0.35206106905030227,on intermittent
4950608,4948808,47784,94.9879150390625,29.176250457763672,240447.111168,0,3736,3028,2,0.37834573234151603,on perennial
4815646,4817446,47784,87.5995864868164,25.332082748413086,911274.8032,0,4202,2133,1,0.3506639834254544,on intermittent
4522178,4520379,47784,71.2004165649414,32.12458419799805,345445.302272,0,3378,145,1,0.3103481361106858,on intermittent
4948808,4948809,47784,94.95291900634766,29.10041618347168,240982.278144,0,3745,3024,2,0.11700886322194795,on perennial
4817446,4817447,47784,87.63375091552734,25.300416946411133,911344.664576,0,4206,2137,2,0.45380247319659844,on perennial
4520379,4518579,47784,71.08374786376953,32.03125,345507.987456,0,3390,131,0,0.8989049245231024,near water
4948809,4948810,47784,94.9004135131836,29.03125,241109.434368,0,3753,3018,2,0.3405446995484394,on perennial
4817447,4819247,47784,87.74708557128906,25.284584045410156,911410.593792,0,4207,2151,1,0.4834063186450969,on intermittent
4518579,4518580,47784,71.04708099365234,32.00041580200195,345789.366272,0,3393,126,1,0.4832631846919572,on intermittent
4948810,4947010,47784,94.88458251953125,28.96875,241167.220736,0,3761,3016,2,0.19536099227282705,on perennial
4819247,4821048,47784,87.7995834350586,25.21791648864746,912036.134912,0,4216,2157,1,0.4498825738362067,on intermittent
4518580,4516780,47784,70.98625183105469,31.91791534423828,347338.932224,0,3403,119,1,0.3586656700971425,on intermittent
4947010,4945210,47784,94.8004150390625,28.930416107177734,243328.024576,0,3766,3006,2,0.5472728576572613,on perennial
4821048,4819248,47784,87.79624938964844,25.139583587646484,912076.111872,0,4225,2157,2,0.3146644066658849,on perennial
4516780,4516781,47784,70.94541931152344,31.875415802001953,347432.648704,0,3409,114,0,0.9523998005071566,near water
4945210,4945211,47784,94.75875091552734,28.875415802001953,243529.023488,0,3772,3001,0,0.47875749036816934,near water
4819248,4821049,47784,87.84208679199219,25.091249465942383,912161.636352,0,4231,2162,1,0.19314086243502407,on intermittent
4516781,4516782,47784,70.93624877929688,31.792083740234375,353102.495744,0,3419,113,2,0.3292135717129193,on perennial
4945211,4945212,47784,94.7995834350586,28.858749389648438,244578.516992,0,3774,3006,0,0.44793141485823995,near water
4821049,4822849,47784,87.89958190917969,25.043750762939453,925719.724032,0,4237,2169,1,0.3682226131004505,on intermittent
4516782,4516783,47784,70.93541717529297,31.700416564941406,353328.300032,0,3430,113,2,0.2444295389386531,on perennial
4945212,4947011,47784,94.81375122070312,28.80291748046875,244789.510144,0,3781,3007,2,0.18568622807573637,on perennial
4822849,4822850,47784,87.97708129882812,24.987916946411133,925772.67712,0,4243,2179,1,0.5229156229670722,on intermittent
4516783,4514983,47784,70.85541534423828,31.632915496826172,353425.620992,0,3438,103,0,1.9984830874450294,near water
4947011,4947012,47784,94.91458129882812,28.80791664123535,245023.932416,0,3780,3019,2,0.4884811739241268,on perennial
4822850,4822851,47784,87.93624877929688,24.83708381652832,925991.960576,0,4262,2174,2,0.45475416528226664,on perennial
4514983,4514984,47784,70.85958099365234,31.60041618347168,353966.587904,0,3442,104,2,0.26731006512214167,on perennial
4947012,4948812,47784,94.89958190917969,28.76041603088379,245205.041152,0,3786,3018,2,0.31521682020097946,on perennial
4822851,4822852,47784,87.93541717529297,24.800416946411133,927809.929216,0,4266,2173,2,0.42169386350930194,on perennial
4514984,4514985,47784,70.81124877929688,31.49625015258789,354095.104,0,3454,98,2,0.476861405451357,on perennial
4948812,4948813,47784,94.98208618164062,28.696250915527344,245309.702144,0,3794,3028,0,0.5175369297899443,near water
4822852,4822853,47784,87.98458099365234,24.66291618347168,927914.655744,0,4283,2179,2,0.42416855959571487,on perennial
4514985,4513185,47784,70.8004150390625,31.448749542236328,354237.710336,0,3460,97,0,0.4706043963706152,near water
4948813,4950613,47784,94.99958038330078,28.672916412353516,245561.393152,0,3797,3030,2,0.32358891948105784,on perennial
4822853,4824653,47784,88.06291961669922,24.637083053588867,928019.2512,0,4286,2189,1,0.09119877066140865,on intermittent
4513185,4513186,47784,70.78458404541016,31.402084350585938,354466.758656,0,3466,95,1,0.3221463893319941,on intermittent
4950613,4950614,47784,95.05708312988281,28.59375,245718.2208,0,3806,3037,2,0.36778597102631067,on perennial
4824653,4826453,47784,88.132080078125,24.62791633605957,928122.273792,0,4287,2197,1,0.27441179298532886,on intermittent
4513186,4514987,47784,70.7995834350586,31.304582595825195,354851.815424,0,3478,96,1,0.4101485012920958,on intermittent
4950614,4952415,47784,95.0995864868164,28.500415802001953,245873.278976,0,3818,3042,2,0.3530237737556305,on perennial
4826453,4826454,47784,88.16542053222656,24.60041618347168,928555.794432,0,4290,2201,1,0.4506120960398923,on intermittent
4514987,4513187,47784,70.79624938964844,31.236249923706055,354910.797824,0,3486,96,1,0.01825632859822731,on intermittent
4952415,4950615,47784,95.09041595458984,28.438749313354492,245972.877312,0,3825,3041,0,0.6227662451194305,near water
4826454,4826455,47784,88.1554183959961,24.487083435058594,928657.768448,0,4304,2200,1,0.15772618577790504,on intermittent
4513187,4513188,47784,70.79541778564453,31.166250228881836,354970.730496,0,3494,96,1,0.4635637032376728,on intermittent
4950615,4950616,47784,95.07707977294922,28.40041732788086,246105.751552,0,3830,3039,2,0.2558512257271763,on perennial
4826455,4828255,47784,88.1995849609375,24.44791603088379,928774.160384,0,4309,2206,2,0.43342005310276044,on perennial
4513188,4514989,47784,70.78624725341797,31.10041618347168,400187.523072,0,3502,95,1,0.46668522476769,on intermittent
4950616,4948816,47784,95.00041961669922,28.345417022705078,246229.041152,0,3836,3030,2,0.4021972774162236,on perennial
4828255,4830055,47784,88.31041717529297,24.467082977294922,928853.52448,0,4307,2219,2,0.4425401925781594,on perennial
4514989,4514990,47784,70.80958557128906,30.9829158782959,400315.449344,0,3517,98,2,0.38580527628036937,on perennial
4948816,4948817,47784,94.95208740234375,28.300416946411133,246823.911424,0,3842,3024,2,0.11591777486642904,on perennial
4830055,4831856,47784,88.37708282470703,24.397916793823242,939599.331328,0,4315,2227,2,0.09052394029946245,on perennial
4514990,4514991,47784,70.87124633789062,30.874584197998047,400727.08096,0,3530,105,0,1.0550988271573714,near water
4948817,4950617,47784,94.99958038330078,28.236249923706055,246917.988352,0,3850,3030,2,0.37724499655847055,on perennial
4831856,4833656,47784,88.49958038330078,24.356250762939453,939715.526656,0,4320,2242,1,0.1137688104028551,on intermittent
4514991,4513192,47784,70.80374908447266,30.800416946411133,400863.264768,0,3539,97,1,0.15560080830720469,on intermittent
4950617,4950618,47784,95.03125,28.178749084472656,252772.581376,0,3857,3034,2,0.47969731142531435,on perennial
4833656,4835456,47784,88.6504135131836,24.34375,939945.558016,0,4321,2260,1,0.45021982028033625,on intermittent
4513192,4513193,47784,70.77041625976562,30.66291618347168,407754.637312,0,3556,93,1,0.4586215240774084,on intermittent
4950618,4952418,47784,95.0995864868164,28.143749237060547,253006.872576,0,3861,3042,2,0.1612318309849022,on perennial
4835456,4837257,47784,88.74208068847656,24.250415802001953,940170.215424,0,4333,2271,1,0.29943034443136757,on intermittent
4513193,4514993,47784,70.79708099365234,30.60041618347168,407863.13216,0,3563,96,1,0.12076395533268323,on intermittent
4952418,4954218,47784,95.21458435058594,28.176250457763672,253241.524224,0,3857,3056,2,0.16625776822168606,on perennial
4837257,4837258,47784,88.74624633789062,24.200416564941406,940302.794752,0,4339,2272,1,0.23860239394131472,on intermittent
4514993,4514994,47784,70.83208465576172,30.533750534057617,408484.282368,0,3571,100,2,0.3220377577108693,on perennial
4954218,4956019,47784,95.32707977294922,28.092082977294922,254618.99264,0,3867,3069,2,0.3814433531601289,on perennial
4837258,4839058,47784,88.8254165649414,24.110416412353516,940355.09248,0,4350,2281,1,0.3831776169345991,on intermittent
4514994,4514995,47784,70.85874938964844,30.500415802001953,410777.714688,0,3575,104,2,0.3751190463849133,on perennial
4956019,4957819,47784,95.39958190917969,28.046249389648438,254984.962048,0,3873,3078,1,0.34934353720345546,on intermittent
4839058,4840858,47784,88.90291595458984,24.10708236694336,940585.320448,0,4350,2291,1,0.24534766721373882,on intermittent
4514995,4514996,47784,70.81458282470703,30.39291763305664,410872.479744,0,3588,98,1,0.28745987592952205,on intermittent
4957819,4957820,47784,95.41374969482422,27.949583053588867,255223.169024,0,3884,3080,1,0.3678998040915749,on intermittent
4840858,4842658,47784,88.99958038330078,24.160415649414062,940739.723264,0,4344,2302,1,0.49076407667233574,on intermittent
4514996,4513197,47784,70.78624725341797,30.2954158782959,410930.249728,0,3600,95,1,0.1644066114896792,on intermittent
4957820,4956021,47784,95.38375091552734,27.847915649414062,255335.2192,0,3897,3076,1,0.3626731119073165,on intermittent
4842658,4842659,47784,89.02958679199219,24.05291748046875,940818.038784,0,4357,2306,2,0.27298006129348507,on perennial
4513197,4514998,47784,70.79875183105469,30.200416564941406,411220.508672,0,3612,96,2,0.4677746381331104,on perennial
4956021,4954222,47784,95.31458282470703,27.800416946411133,255786.43456,0,3902,3068,1,0.4433351092766642,on intermittent
4842659,4842660,47784,89.04708099365234,24.000415802001953,940916.539392,0,4363,2308,1,0.21376936157073828,on intermittent
4514998,4514999,47784,70.79458618164062,30.097915649414062,411323.465728,0,3624,96,1,0.14810736140842967,on intermittent
4954222,4954223,47784,95.23958587646484,27.69041633605957,255880.577024,0,3916,3059,1,0.21327194208542383,on intermittent
4842660,4844460,47784,89.16291809082031,23.94041633605957,940985.614336,0,4370,2322,2,0.40316486252387257,on perennial
4514999,4515000,47784,70.8004150390625,30.022916793823242,411479.998464,0,3633,97,1,0.3892940701531995,on intermittent
4954223,4952423,47784,95.19125366210938,27.667083740234375,256223.232,0,3919,3053,1,0.3292143003285972,on intermittent
4844460,4846260,47784,89.1995849609375,23.930416107177734,941070.811136,0,4372,2327,2,0.45740230183037656,on perennial
4515000,4515001,47784,70.7754135131836,29.938749313354492,411562.14784,0,3643,93,2,0.47032858940578265,on perennial
4952423,4952424,47784,95.12291717529297,27.588748931884766,256322.617344,0,3928,3045,1,0.27267106505919525,on intermittent
4846260,4848060,47784,89.30208587646484,23.922916412353516,941112.950784,0,4372,2339,1,0.45705777872770026,on intermittent
4515001,4513202,47784,70.78125,29.801250457763672,411690.500096,0,3660,94,1,0.162259551202931,on intermittent
4952424,4950624,47784,95.04125213623047,27.547082901000977,299066.785792,0,3933,3035,2,0.23452463698429402,on perennial
4848060,4848061,47784,89.33958435058594,23.90041732788086,941287.0144,0,4375,2344,1,0.32057046256651694,on intermittent
4513202,4513203,47784,70.71375274658203,29.657917022705078,411956.445184,0,3677,86,0,0.863702652814008,near water
4950624,4948824,47784,94.98374938964844,27.569583892822266,299182.194688,0,3930,3028,1,0.4428217621632069,on intermittent
4848061,4849861,47784,89.42708587646484,23.875415802001953,941359.366144,0,4378,2354,1,0.3317678388111746,on intermittent
4513203,4511404,47784,70.71875,29.60041618347168,412064.31744,0,3684,87,2,0.40747436157103883,on perennial
4948824,4947024,47784,94.9004135131836,27.552082061767578,299301.142528,0,3933,3018,1,0.4419312421456375,on intermittent
4849861,4851661,47784,89.53791809082031,23.813749313354492,941451.640832,0,4386,2368,1,0.3465627369312669,on intermittent
4511404,4511405,47784,70.69041442871094,29.48958396911621,412115.402752,0,3698,83,1,0.2872871272717842,on intermittent
4947024,4945225,47784,94.79792022705078,27.4737491607666,299417.403392,0,3942,3005,1,0.26056290220620276,on intermittent
4851661,4853462,47784,89.5995864868164,23.806249618530273,941727.612928,0,4387,2375,2,0.3886301696215941,on perennial
4511405,4511406,47784,70.70207977294922,29.456249237060547,412258.14016,0,3702,85,0,0.5230436384247017,near water
4945225,4945226,47784,94.75208282470703,27.40041732788086,301588.31616,0,3951,3000,1,0.20420815661233357,on intermittent
4853462,4855261,47784,89.74208068847656,23.81041717529297,941797.015552,0,4386,2392,1,0.416269734369002,on intermittent
4511406,4511407,47784,70.6995849609375,29.32958221435547,412744.220672,0,3717,84,1,0.26516732519792086,on intermittent
4945226,4943427,47784,94.64541625976562,27.28125,301700.644864,0,3965,2987,1,0.4020195938296145,on intermittent
4511407,4511408,47784,70.70958709716797,29.233749389648438,412835.545088,0,3729,86,1,0.4575125796106865,on intermittent
4943427,4941628,47784,94.57208251953125,27.17791748046875,308009.074688,0,3978,2978,1,0.08073528321731256,on intermittent
4511408,4511409,47784,70.63874816894531,29.10041618347168,412928.442368,0,3745,77,0,0.8316165748603975,near water
4941628,4941629,47784,94.5120849609375,27.10041618347168,308123.467776,0,3987,2971,1,0.4086536311318647,on intermittent
4511409,4509609,47784,70.57624816894531,29.028749465942383,693524.824064,0,3754,69,1,0.467793498650573,on intermittent
4941629,4939829,47784,94.48041534423828,27.028749465942383,312222.449664,0,3996,2967,1,0.14525139318201005,on intermittent
4509609,4509610,47784,70.58708190917969,28.994583129882812,693684.011008,0,3758,71,1,0.36617323584650957,on intermittent
4939829,4939830,47784,94.44041442871094,27.000415802001953,312573.362176,0,3999,2962,2,0.41297184812743665,on perennial
4509610,4507810,47784,70.50041961669922,28.949583053588867,693801.320448,0,3763,60,0,0.9443867194876238,near water
4939830,4938030,47784,94.38375091552734,26.950416564941406,315771.846656,0,4006,2955,1,0.457711995705825,on intermittent
4507810,4507811,47784,70.45207977294922,28.88541603088379,693866.98752,0,3771,54,1,0.2411804896385245,on intermittent
4938030,4936230,47784,94.3004150390625,26.9112491607666,317782.982656,0,4010,2945,1,0.23641619909702274,on intermittent
4507811,4506011,47784,70.35208129882812,28.825416564941406,694016.4096,0,3778,42,1,0.25990261109313967,on intermittent
4936230,4934431,47784,94.14375305175781,26.876249313354492,318458.953728,0,4015,2926,1,0.4587791963971172,on intermittent
4506011,4504211,47784,70.27458190917969,28.818750381469727,694135.291904,0,3779,33,2,0.17958667489701313,on perennial
4934431,4932631,47784,94.07791900634766,26.891250610351562,318578.622464,0,4013,2918,1,0.29340729854774006,on intermittent
4504211,4502412,47784,70.2179183959961,28.800416946411133,711719.387136,0,3781,26,1,0.2549958091659832,on intermittent
4932631,4930831,47784,93.92958068847656,26.888750076293945,318659.035136,0,4013,2900,1,0.04728385270258902,on intermittent
4502412,4502413,47784,70.12958526611328,28.674583435058594,711872.217088,0,3797,15,0,0.7751150291504104,near water
4930831,4929031,47784,93.9004135131836,26.84958267211914,318748.950528,0,4018,2897,1,0.4633805203335587,on intermittent
4502413,4500613,47784,70.10041809082031,28.647083282470703,712376.32,0,3800,12,1,0.296356709881617,on intermittent
4929031,4927232,47784,93.79792022705078,26.811248779296875,318797.185024,0,4022,2884,2,0.35646600328336436,on perennial
4500613,4498814,47784,70.02041625976562,28.59375,712434.581504,0,3806,2,1,0.2925976824600783,on intermittent
4927232,4925432,47784,93.7004165649414,26.75374984741211,353753.694208,0,4029,2872,1,0.3924027373786123,on intermittent
4925432,4923632,47784,93.60041809082031,26.737083435058594,366771.011584,0,4031,2860,1,0.361763983859841,on intermittent
4923632,4921832,47784,93.48041534423828,26.76041603088379,367241.363456,0,4029,2846,1,0.5284460998769402,on intermittent
4921832,4920032,47784,93.4004135131836,26.737916946411133,369054.875648,0,4031,2836,1,0.25548842861032234,on intermittent
4920032,4918233,47784,93.30208587646484,26.69208335876465,369811.521536,0,4037,2824,1,0.16220889292990065,on intermittent
4918233,4916433,47784,93.2004165649414,26.668750762939453,370622.660608,0,4040,2812,1,0.41795183324243806,on intermittent
4916433,4914633,47784,93.0879135131836,26.658750534057617,370924.978176,0,4041,2798,1,0.1283959158019138,on intermittent
4914633,4912833,47784,92.99624633789062,26.617916107177734,370985.238528,0,4046,2787,1,0.18240387903871166,on intermittent
4912833,4911033,47784,92.89458465576172,26.62291717529297,371213.533184,0,4045,2775,1,0.37820835791359675,on intermittent
4911033,4909233,47784,92.79125213623047,26.60708236694336,382820.122624,0,4047,2762,2,0.13163777642625415,on perennial
4909233,4907434,47784,92.7129135131836,26.60041618347168,382977.47456,0,4048,2753,2,0.3493812128763187,on perennial
4907434,4905633,47784,92.57875061035156,26.59958267211914,383140.102144,0,4048,2736,1,0.2630693223713306,on intermittent
4905633,4905634,47784,92.52625274658203,26.59458351135254,383934.464,0,4049,2730,1,0.33104762813170735,on intermittent
4905634,4903834,47784,92.49208068847656,26.553749084472656,384720.142336,0,4054,2726,1,0.4054093475117809,on intermittent
4903834,4902035,47784,92.4004135131836,26.53125,385009.811456,0,4056,2715,1,0.3810035161297777,on intermittent
4902035,4900235,47784,92.3004150390625,26.467082977294922,385166.966784,0,4064,2703,1,0.355487944162014,on intermittent
4900235,4898436,47784,92.1987533569336,26.44041633605957,387703.570432,0,4067,2690,1,0.3682650746477921,on intermittent
4898436,4896637,47784,92.02958679199219,26.29458236694336,387834.052608,0,4085,2670,1,0.20324327240300624,on intermittent
4896637,4894837,47784,91.96458435058594,26.276248931884766,390835.372032,0,4087,2662,2,0.2329882913588528,on perennial
4894837,4893037,47784,91.8637466430664,26.24625015258789,410284.425216,0,4091,2650,2,0.31314216476902107,on perennial
4893037,4891237,47784,91.79374694824219,26.217082977294922,411697.774592,0,4094,2641,2,0.39080392167937117,on perennial
4891237,4889438,47784,91.70708465576172,26.17791748046875,411943.174144,0,4099,2631,2,0.3091288682320207,on perennial
4889438,4887638,47784,91.5370864868164,26.136249542236328,412075.45856,0,4104,2610,2,0.18652140337663675,on perennial
4887638,4885838,47784,91.50041961669922,26.12208366394043,412580.90496,0,4106,2606,2,0.3295769863017347,on perennial
4885838,4884038,47784,91.3862533569336,26.14875030517578,412668.788736,0,4103,2592,1,0.34658240630229065,on intermittent
4884038,4882238,47784,91.26374816894531,26.117916107177734,412740.026368,0,4106,2577,1,0.38967018538994325,on intermittent
4882238,4880437,47784,91.20124816894531,26.18291664123535,412810.018816,0,4099,2569,1,0.5098590137589376,on intermittent
4880437,4878637,47784,91.08374786376953,26.239582061767578,417080.705024,0,4092,2555,1,0.3133484095428951,on intermittent
4878637,4875038,47784,90.95207977294922,26.208749771118164,417194.082304,0,4095,2539,1,0.394084298639734,on intermittent
4875038,4873238,47784,90.79208374023438,26.18458366394043,417357.103104,0,4098,2520,1,0.37124661935104525,on intermittent
4873238,4871438,47784,90.65875244140625,26.195415496826172,449564.409856,0,4097,2504,2,0.3373009535425175,on perennial
4871438,4867838,47784,90.60041809082031,26.19791603088379,459873.517568,0,4097,2497,2,0.4698521499449602,on perennial
4867838,4869637,47784,90.5495834350586,26.215415954589844,460258.279424,0,4095,2490,1,0.4701196299625902,on intermittent
4869637,4867837,47784,90.50041961669922,26.222084045410156,461460.963328,0,4094,2484,1,0.379634864075575,on intermittent
4867837,4866038,47784,90.33958435058594,26.17791748046875,461687.947264,0,4099,2465,1,0.15573510059210946,on intermittent
4866038,4864238,47784,90.319580078125,26.10041618347168,461921.091584,0,4109,2462,2,0.5776630527150928,on perennial
4864238,4862439,47784,90.22125244140625,26.092082977294922,462017.527808,0,4110,2451,2,0.5485186641539505,on perennial
4862439,4860639,47784,90.08708190917969,26.056249618530273,462120.845312,0,4114,2434,2,0.2639967011001504,on perennial
4860639,4858840,47784,89.99958038330078,26.021249771118164,465039.392768,0,4118,2424,1,0.28338303221456024,on intermittent
4858840,4858841,47784,89.9437484741211,25.90041732788086,467721.58464,0,4133,2417,2,0.20891903026185243,on perennial
4858841,4857041,47784,89.882080078125,25.861249923706055,467786.530816,0,4138,2409,1,0.5684138170219928,on intermittent
4857041,4857042,47784,89.87374877929688,25.792083740234375,467896.336384,0,4146,2408,1,0.37126625542306707,on intermittent
4857042,4855242,47784,89.77708435058594,25.73041534423828,468415.905792,0,4153,2397,1,0.4242920172230288,on intermittent
4855242,4855243,47784,89.74958038330078,25.700416564941406,491777.327104,0,4157,2393,2,0.3219982424953283,on perennial
4855243,4855244,47784,89.72041320800781,25.5987491607666,491967.676416,0,4169,2390,2,0.34208949976353814,on perennial
4855244,4855245,47784,89.73625183105469,25.500415802001953,498064.326656,0,4181,2392,1,0.30933288375862844,on intermittent
4855245,4853445,47784,89.69541931152344,25.45458221435547,498193.498112,0,4187,2387,1,0.2182113197660151,on intermittent
4853445,4853446,47784,89.67375183105469,25.38458251953125,498334.236672,0,4195,2384,1,0.32654950360254703,on intermittent
4853446,4853447,47784,89.66458129882812,25.271249771118164,511719.0144,0,4209,2383,2,0.08236981717133955,on perennial
4853447,4853448,47784,89.6995849609375,25.202917098999023,511955.795968,0,4217,2387,1,0.4062021179906351,on intermittent
4853448,4855249,47784,89.69291687011719,25.10041618347168,512066.322432,0,4230,2387,1,0.45866030816399866,on intermittent
4855249,4853449,47784,89.68458557128906,25.029582977294922,512188.74368,0,4238,2386,0,0.7307329622309009,near water
4853449,4853450,47784,89.62458038330078,24.972915649414062,512248.020992,0,4245,2378,1,0.2738163574585467,on intermittent
4853450,4851650,47784,89.59625244140625,24.938749313354492,512323.977216,0,4249,2375,2,0.35918175715908934,on perennial
4851650,4851651,47784,89.58291625976562,24.902082443237305,512479.72352,0,4254,2373,1,0.24537861508239492,on intermittent
4851651,4853451,47784,89.61042022705078,24.84958267211914,515978.264576,0,4260,2377,2,0.42412066520365493,on perennial
4853451,4853452,47784,89.61958312988281,24.800416946411133,516221.468672,0,4266,2378,1,0.3250010144839173,on intermittent
4853452,4853453,47784,89.68875122070312,24.68375015258789,516439.40864,0,4280,2386,1,0.23661648198418153,on intermittent
4853453,4853454,47784,89.69791412353516,24.590415954589844,516550.721536,0,4292,2387,1,0.40751418799633504,on intermittent
4853454,4855255,47784,89.71541595458984,24.520416259765625,516676.583424,0,4300,2389,2,0.21268403601606392,on perennial
4855255,4855256,47784,89.78624725341797,24.366249084472656,517584.617472,0,4319,2398,1,0.27433546755068944,on intermittent
4855256,4855257,47784,89.77874755859375,24.300416946411133,517716.738048,0,4327,2397,2,0.2626661519026018,on perennial
4855257,4855258,47784,89.72875213623047,24.200416564941406,517833.261056,0,4339,2391,0,0.7369872754788143,near water
4855258,4853458,47784,89.7004165649414,24.164583206176758,517912.33024,0,4343,2387,2,0.3981008367852324,on perennial
4853458,4853459,47784,89.66542053222656,24.034584045410156,517990.612992,0,4359,2383,1,0.16504731633203598,on intermittent
4853459,4853460,47784,89.66958618164062,24.000415802001953,537146.359808,0,4363,2384,1,0.2696834982137018,on intermittent
4853460,4853461,47784,89.69291687011719,23.876249313354492,537295.552512,0,4378,2387,1,0.4214735837450063,on intermittent
4853461,4855261,47784,89.6995849609375,23.839584350585938,537800.441856,0,4383,2387,1,0.4732192215982298,on intermittent
4855261,4857062,47784,89.78624725341797,23.793750762939453,1480017.83808,0,4388,2398,2,0.18782150783949195,on perennial
4857062,4858862,47784,89.89958190917969,23.728750228881836,1480221.786112,0,4396,2412,2,0.3609345686370182,on perennial
4858862,4858863,47784,89.99541473388672,23.695415496826172,1480321.531904,0,4400,2423,2,0.1648925252555934,on perennial
4858863,4860663,47784,90.0120849609375,23.63458251953125,1480486.551552,0,4407,2425,1,0.4307014914861862,on intermittent
4860663,4860664,47784,90.05874633789062,23.563749313354492,1480688.402432,0,4416,2431,2,0.11588260929113844,on perennial
4860664,4862465,47784,90.16291809082031,23.463748931884766,1481462.513664,0,4428,2443,2,0.4309858027759267,on perennial
4862465,4864265,47784,90.1995849609375,23.46291732788086,1481622.421504,0,4428,2448,1,0.22454483774367223,on intermittent
4864265,4866065,47784,90.3445816040039,23.428749084472656,1481737.109504,0,4432,2466,2,0.539444146342999,on perennial
4866065,4867866,47784,90.41374969482422,23.382083892822266,1482025.074688,0,4438,2474,1,0.09502022357479445,on intermittent
4867866,4869666,47784,90.49958038330078,23.321250915527344,1482518.560768,0,4445,2484,2,0.45124298895790543,on perennial
4869666,4869667,47784,90.58708190917969,23.296249389648438,1482585.800704,0,4448,2495,2,0.4112060975389854,on perennial
4869667,4871467,47784,90.6120834350586,23.258750915527344,1482670.604288,0,4453,2498,2,0.05706955692271843,on perennial
4871467,4871468,47784,90.6120834350586,23.167917251586914,1571930.243072,0,4464,2498,2,0.05556201126802567,on perennial
4871468,4869668,47784,90.59375,23.106250762939453,1572035.62496,0,4471,2496,1,0.49455571040408614,on intermittent
4869668,4869669,47784,90.5929183959961,23.051250457763672,1572178.755584,0,4478,2496,2,0.3511089461941222,on perennial
4869669,4871470,47784,90.60791778564453,22.986249923706055,1573102.813184,0,4486,2497,2,0.3629273326565526,on perennial
4871470,4871471,47784,90.66374969482422,22.90041732788086,1573468.766208,0,4496,2504,0,1.1432766688195404,near water
4871471,4873271,47784,90.71208190917969,22.847084045410156,1573542.690816,0,4503,2510,2,0.11646656965876508,on perennial
4873271,4873272,47784,90.72708129882812,22.750415802001953,1574208.274432,0,4515,2512,0,0.8246066520560633,near water
4873272,4873273,47784,90.757080078125,22.692916870117188,1574361.104384,0,4522,2516,2,0.5721031875736227,on perennial
4873273,4875073,47784,90.7995834350586,22.639583587646484,1574562.430976,0,4528,2521,2,0.28831601426616177,on perennial
4875073,4875074,47784,90.80374908447266,22.60041618347168,1574868.221952,0,4533,2521,2,0.24406284888414054,on perennial
4875074,4876875,47784,90.84541320800781,22.500415802001953,1575102.447616,0,4545,2526,2,0.20366508417512627,on perennial
4876875,4876875,47784,90.90208435058594,22.456249237060547,1575191.052288,1,4550,2533,2,0.24735900989510543,on perennial
5031496,5033296,47328,99.5995864868164,40.37708282470703,55751.266304,0,2378,3587,1,0.23197082264655297,on intermittent
5033296,5033295,47328,99.62791442871094,40.39958190917969,55994.298368,0,2375,3591,1,0.32791150368050476,on intermittent
4648102,4649902,47328,78.31291961669922,39.74458312988281,72117.518336,0,2455,1007,0,1.1940368224693323,near water
5033295,5035095,47328,99.74208068847656,40.45624923706055,56254.062592,0,2368,3605,1,0.4901306780691771,on intermittent
4649902,4651702,47328,78.43541717529297,39.7712516784668,73039.192064,0,2451,1022,2,0.43106036801590175,on perennial
5035095,5036894,47328,99.80291748046875,40.49208450317383,57115.086848,0,2364,3612,1,0.08963395121001018,on intermittent
4651702,4657101,47328,78.569580078125,39.78874969482422,73209.380864,0,2449,1038,0,2.595380502101889,near water
5036894,5038694,47328,99.89958190917969,40.56208419799805,57332.71552,0,2356,3624,1,0.4165249362107032,on intermittent
5038694,5038693,47328,99.93791961669922,40.59958267211914,57894.674432,0,2351,3628,1,0.24352690225482218,on intermittent
5038693,5038692,47328,99.9679183959961,40.73125076293945,57939.922944,0,2335,3632,1,0.09875733164837762,on intermittent
5038692,5040491,47328,100.02625274658203,40.80791473388672,57986.707456,0,2326,3639,1,0.1741377281899691,on intermittent
5040491,5042291,47328,100.12625122070312,40.8970832824707,58033.43872,0,2315,3651,1,0.11576551946266256,on intermittent
5042291,5042290,47328,100.17292022705078,40.94291687011719,58259.259392,0,2309,3657,1,0.43004903617508156,on intermittent
5042290,5044090,47328,100.1995849609375,40.96875,62570.14784,0,2306,3660,1,0.294430599368005,on intermittent
4943295,4943294,47328,94.62791442871094,40.508750915527344,62733.254656,0,2362,2985,0,8.592650113416964,far from water
4784886,4786686,47328,85.89958190917969,41.32624816894531,50883.637248,0,2263,1927,0,1.0315061800408543,near water
5044090,5045889,47328,100.27708435058594,41.007083892822266,62640.017408,0,2302,3669,1,0.4331450119150393,on intermittent
4943294,4941494,47328,94.60041809082031,40.5220832824707,66539.859968,0,2360,2981,0,7.171159049695784,far from water
4786686,4788486,47328,86.069580078125,41.318748474121094,50952.163328,0,2264,1947,0,1.9450123159239765,near water
4828105,4829904,47328,88.2995834350586,39.493751525878906,63530.63936,0,2485,2218,1,0.27847730620342565,on intermittent
5045889,5047687,47328,100.38458251953125,41.17041778564453,62688.776192,0,2282,3682,1,0.3509651352418167,on intermittent
4941494,4939695,47328,94.49458312988281,40.5220832824707,66810.220544,0,2360,2969,0,4.046120870476539,near water
4788486,4788487,47328,86.07875061035156,41.27124786376953,51089.526784,0,2270,1948,1,0.4402995452667966,on intermittent
5047687,5047686,47328,100.43374633789062,41.299583435058594,62946.541568,0,2266,3688,1,0.36221545425131396,on intermittent
4939695,4937895,47328,94.37875366210938,40.48208236694336,67841.896448,0,2365,2955,1,0.4488085069346092,on intermittent
4788487,4790287,47328,86.0995864868164,41.25458526611328,51187.871744,0,2272,1951,0,0.616463091520451,near water
5047686,5047685,47328,100.43541717529297,41.39958190917969,63093.612544,0,2254,3689,1,0.26199630232785565,on intermittent
4937895,4936095,47328,94.3004150390625,40.450416564941406,69355.593728,0,2369,2945,0,3.204787776226997,near water
4790287,4792087,47328,86.2245864868164,41.2620849609375,51285.979136,0,2271,1966,0,8.353685422614722,far from water
5047685,5047684,47328,100.48542022705078,41.52291488647461,63155.736576,0,2239,3695,0,0.809039684520689,near water
4936095,4934295,47328,94.2004165649414,40.44041442871094,70773.522432,0,2370,2933,0,3.589966481006104,near water
4633712,4635511,47328,77.52874755859375,38.80875015258789,56779.395072,0,2568,912,1,0.13621389374199738,on intermittent
4792087,4793887,47328,86.305419921875,41.23958206176758,51384.832,0,2273,1976,0,3.121953873922535,near water
5047684,5049483,47328,100.5512466430664,41.664581298828125,63217.512448,0,2222,3703,0,1.4873177798753543,near water
4934295,4932495,47328,94.08208465576172,40.42708206176758,70878.511104,0,2372,2919,1,0.3216601787909797,on intermittent
4635511,4635510,47328,77.57708740234375,38.924583435058594,56874.319872,0,2554,918,1,0.09954879714223175,on intermittent
4793887,4795688,47328,86.42375183105469,41.1654167175293,96462.921728,0,2282,1990,0,10.15554692295706,far from water
5049483,5049482,47328,100.56625366210938,41.6995849609375,63418.683392,0,2218,3705,0,0.7537529417250973,near water
4932495,4930695,47328,93.992919921875,40.4254150390625,71270.244352,0,2372,2908,0,3.68189736002726,near water
4635510,4637309,47328,77.56375122070312,38.99958419799805,57907.372032,0,2545,916,1,0.22699097083460065,on intermittent
4795688,4797489,47328,86.5304183959961,41.08958435058594,96588.464128,0,2292,2003,0,3.97281140343026,near water
5049482,5051281,47328,100.56541442871094,41.799583435058594,63482.433536,0,2206,3704,0,1.6788076171277928,near water
4930695,4928895,47328,93.9004135131836,40.4254150390625,71516.766208,0,2372,2897,0,2.9503856440551357,near water
4637309,4637308,47328,77.6362533569336,39.10708236694336,57969.119232,0,2532,925,1,0.07921820181741925,on intermittent
5051281,5051280,47328,100.6554183959961,41.91041564941406,63520.075776,0,2192,3715,0,2.264332458395547,near water
4928895,4927095,47328,93.75958251953125,40.42041778564453,71656.882176,0,2373,2879,0,2.417298246455676,near water
4637308,4639108,47328,77.6995849609375,39.16958236694336,58046.34112,0,2524,933,1,0.3973148086027684,on intermittent
5051280,5053079,47328,100.76875305175781,42.07041549682617,63556.5056,0,2173,3729,0,1.324292904200594,near water
4927095,4925295,47328,93.7004165649414,40.409584045410156,72347.81184,0,2374,2872,0,2.787424239562336,near water
4639108,4639107,47328,77.77291870117188,39.21458435058594,58199.564288,0,2519,942,1,0.23868341364218645,on intermittent
4741695,4743496,47328,83.49958038330078,40.41374969482422,53679.669248,0,2374,1636,0,51.6636433388682,far from water
5053079,5054878,47328,100.79624938964844,42.09958267211914,63762.292736,0,2169,3732,0,2.75568297228762,near water
4925295,4923495,47328,93.6504135131836,40.40041732788086,72432.574464,0,2375,2866,0,7.127234202853699,far from water
4639107,4640907,47328,77.83291625976562,39.257083892822266,58264.358912,0,2514,949,1,0.19408212761093654,on intermittent
4743496,4745295,47328,83.58958435058594,40.3970832824707,59379.908608,0,2376,1647,0,57.25746135530044,far from water
5054878,5054877,47328,100.8254165649414,42.23875045776367,63811.117056,0,2152,3736,0,3.049406371030768,near water
4923495,4923496,47328,93.55374908447266,40.38291549682617,75861.93408,0,2377,2854,0,17.61679890066153,far from water
4640907,4642707,47328,77.91458129882812,39.289581298828125,58329.153536,0,2510,959,0,0.6135072725490823,near water
4745295,4747096,47328,83.69791412353516,40.3870849609375,74081.705984,0,2377,1660,0,55.88308252683077,far from water
5054877,5054876,47328,100.85458374023438,42.342918395996094,63934.455808,0,2140,3739,0,3.4556847165574713,near water
4923496,4919896,47328,93.50041961669922,40.36958312988281,78328.922112,0,2379,2848,0,14.442342172997533,far from water
4642707,4642706,47328,77.9487533569336,39.299583435058594,58490.08128,0,2509,963,1,0.32912991229709776,on intermittent
4747096,4748896,47328,83.7995834350586,40.354583740234375,77875.699712,0,2381,1672,0,58.52622684008979,far from water
5054876,5056675,47328,100.90291595458984,42.42708206176758,64086.528,0,2130,3745,0,0.9769387067485976,near water
4919896,4916296,47328,93.2804183959961,40.32875061035156,78448.795648,0,2384,2821,0,2.358040879359895,near water
4642706,4649905,47328,78.069580078125,39.367916107177734,58575.839232,0,2500,978,0,0.5553839766379155,near water
4748896,4750696,47328,83.9487533569336,40.35124969482422,78117.748736,0,2381,1690,0,59.81513865168344,far from water
5056675,5053075,47328,100.82958221435547,42.44291687011719,64189.444096,0,2128,3736,0,0.6448639789186953,near water
4916296,4914496,47328,93.04291534423828,40.3720817565918,78523.252736,0,2379,2793,0,10.89442065431417,far from water
4649905,4653504,47328,78.4120864868164,39.46875,58670.972928,0,2488,1019,1,0.16267471372867648,on intermittent
4750696,4752495,47328,83.99958038330078,40.383750915527344,78623.072256,0,2377,1696,0,57.22680738872685,far from water
5053075,5051275,47328,100.66708374023438,42.46708297729492,71603.421184,0,2125,3717,1,0.3316985382565904,on intermittent
4914496,4914495,47328,92.9870834350586,40.41791534423828,78948.098048,0,2373,2786,0,8.206583110633208,far from water
4653504,4655303,47328,78.63458251953125,39.6662483215332,76055.814144,0,2464,1046,0,1.3517290318094781,near water
4752495,4754295,47328,84.12208557128906,40.42124938964844,80324.52608,0,2373,1711,0,56.97682042857964,far from water
5051275,5049476,47328,100.60041809082031,42.40041732788086,72163.926016,0,2133,3709,0,1.7515206772506589,near water
4914495,4912694,47328,92.992919921875,40.52541732788086,87568.392192,0,2360,2787,0,18.60652553729396,far from water
4655303,4657102,47328,78.74458312988281,39.74041748046875,76112.396288,0,2455,1059,1,0.3695574163183473,on intermittent
4693116,4694916,47328,80.7995834350586,38.3345832824707,55434.932224,0,2626,1309,1,0.4864553855225458,on intermittent
4754295,4756096,47328,84.21208190917969,40.402915954589844,80396.009472,0,2375,1722,0,62.450005262076395,far from water
5049476,5049476,47328,100.53125,42.37541580200195,74247.5776,1,2136,3700,0,8.075256173491011,far from water
4912694,4912694,47328,92.98374938964844,40.54291534423828,91249.287168,1,2358,2785,0,20.196397804736097,far from water
4657102,4657101,47328,78.76875305175781,39.8537483215332,77042.64704,0,2441,1062,1,0.5070641726018608,on intermittent
4694916,4694915,47328,80.87958526611328,38.45291519165039,62807.1424,0,2611,1318,1,0.2991908568313873,on intermittent
4756096,4757895,47328,84.33125305175781,40.417083740234375,80467.247104,0,2373,1737,0,68.91846665223179,far from water
4657101,4660701,47328,78.86958312988281,39.83708190917969,152246.632448,0,2443,1075,0,0.6175128565208288,near water
4694915,4696714,47328,80.89958190917969,38.493751525878906,67307.798528,0,2606,1321,1,0.37971795034285755,on intermittent
4757895,4759695,47328,84.46458435058594,40.422916412353516,81133.73184,0,2372,1753,0,75.99593291485321,far from water
4660701,4662501,47328,79.00875091552734,39.82958221435547,152440.651776,0,2444,1091,1,0.49355697164787843,on intermittent
4696714,4696713,47328,80.944580078125,38.61541748046875,67396.304896,0,2592,1326,1,0.4025521228087576,on intermittent
4759695,4761495,47328,84.49958038330078,40.465415954589844,82264.244224,0,2367,1757,0,71.05920878037139,far from water
4662501,4666101,47328,79.0995864868164,39.8345832824707,167486.83264,0,2444,1102,0,4.889297399444669,near water
4696713,4696712,47328,80.9487533569336,38.6995849609375,69205.557248,0,2581,1327,1,0.43318793564696984,on intermittent
4761495,4763296,47328,84.63874816894531,40.33625030517578,82316.009472,0,2383,1774,0,85.63608214443373,far from water
4666101,4667901,47328,79.36958312988281,39.818748474121094,167649.28,0,2446,1135,0,6.708760736322199,far from water
4696712,4694912,47328,80.8637466430664,38.79291534423828,69272.674304,0,2570,1316,1,0.23288752293294038,on intermittent
4763296,4765097,47328,84.6995849609375,40.319583892822266,143069.691904,0,2385,1781,0,80.03952682344281,far from water
4667901,4669701,47328,79.39958190917969,39.811248779296875,167983.529984,0,2447,1139,0,3.19074723773125,near water
4694912,4694911,47328,80.83958435058594,38.85874938964844,69338.660864,0,2562,1313,1,0.2864619499021694,on intermittent
4765097,4765096,47328,84.757080078125,40.340415954589844,162861.580288,0,2382,1788,0,75.6258430629528,far from water
4669701,4671501,47328,79.50791931152344,39.82958221435547,168195.719168,0,2444,1152,0,2.7799912432809197,near water
4694911,4694910,47328,80.882080078125,38.93958282470703,69416.271872,0,2552,1319,1,0.41555530749883446,on intermittent
4765096,4766895,47328,84.7804183959961,40.39958190917969,163754.999808,0,2375,1791,0,68.91026778110533,far from water
4671501,4673301,47328,79.5995864868164,39.86458206176758,168280.358912,0,2440,1163,0,0.7782420961853936,near water
4694910,4696709,47328,80.89958190917969,39.00208282470703,69502.07488,0,2545,1321,1,0.3646192197354592,on intermittent
4766895,4768695,47328,84.84708404541016,40.40041732788086,164468.637696,0,2375,1799,0,65.52372097325653,far from water
4673301,4675100,47328,79.76958465576172,39.95291519165039,168439.169024,0,2429,1184,1,0.4658884745727454,on intermittent
4696709,4694908,47328,80.89875030517578,39.16291809082031,73736.798208,0,2525,1321,1,0.36562397103882455,on intermittent
4768695,4768696,47328,84.97624969482422,40.38874816894531,164538.089472,0,2377,1815,0,62.44457606877873,far from water
4675100,4676900,47328,79.84708404541016,39.95708465576172,168544.796672,0,2429,1193,1,0.07915022539429613,on intermittent
4694908,4696706,47328,80.9070816040039,39.2279167175293,73911.353344,0,2517,1322,1,0.428767278629347,on intermittent
4768696,4770496,47328,84.99958038330078,40.39374923706055,167101.382656,0,2376,1818,0,61.321378166190534,far from water
4676900,4678699,47328,79.88958740234375,39.99958419799805,173494.714368,0,2424,1198,0,0.890431530341021,near water
4696706,4694905,47328,80.882080078125,39.42375183105469,74070.573056,0,2494,1319,1,0.4972408500540094,on intermittent
4770496,4770495,47328,85.06541442871094,40.40791702270508,167152.910336,0,2374,1826,0,58.41650949792665,far from water
4678699,4680498,47328,79.99958038330078,40.09791564941406,173585.170432,0,2412,1212,0,0.4166260490146721,near water
4694905,4696704,47328,80.90958404541016,39.527915954589844,75560.607744,0,2481,1322,1,0.09496028769126116,on intermittent
4770495,4772295,47328,85.0995864868164,40.41208267211914,167260.962816,0,2374,1830,0,57.43092842538317,far from water
4680498,4682298,47328,80.0995864868164,40.11708450317383,173644.26752,0,2410,1224,1,0.46554990685894254,on intermittent
4696704,4696703,47328,80.9254150390625,39.653751373291016,75618.934784,0,2466,1324,1,0.3020834139731947,on intermittent
4772295,4772296,47328,85.16374969482422,40.39374923706055,167304.609792,0,2376,1838,0,58.848221909776576,far from water
4682298,4684098,47328,80.1987533569336,40.17041778564453,173679.362048,0,2403,1236,1,0.2163119542581345,on intermittent
4696703,4694900,47328,80.90374755859375,39.71708297729492,75750.514688,0,2458,1321,1,0.12180574693430594,on intermittent
4772296,4774095,47328,85.20124816894531,40.39208221435547,170204.905472,0,2376,1842,0,58.9138642230136,far from water
4684098,4685897,47328,80.31124877929688,40.22458267211914,175600.992256,0,2397,1249,0,7.286192851549049,far from water
4694900,4694899,47328,80.82875061035156,40.00208282470703,75883.495424,0,2423,1312,1,0.45261765272396165,on intermittent
4774095,4775895,47328,85.2995834350586,40.43708419799805,170402.988032,0,2371,1854,0,53.94660353035477,far from water
4685897,4687696,47328,80.37625122070312,40.299583435058594,175889.432576,0,2387,1257,0,6.485801311326592,far from water
4694899,4693098,47328,80.80708312988281,40.12791442871094,75924.0704,0,2408,1309,1,0.38329783318720523,on intermittent
4775895,4775894,47328,85.36541748046875,40.54375076293945,170476.25728,0,2358,1862,0,41.243601125647025,far from water
4687696,4687695,47328,80.46541595458984,40.4162483215332,175933.93152,0,2373,1268,0,4.708406122930441,near water
4693098,4693097,47328,80.78541564941406,40.25041580200195,76082.438144,0,2393,1307,1,0.37772759377012916,on intermittent
4775894,4775893,47328,85.35874938964844,40.66041564941406,170549.362688,0,2344,1861,0,29.918160338373255,far from water
4687695,4689495,47328,80.51875305175781,40.417083740234375,194285.846528,0,2373,1275,0,4.835131047162379,near water
4693097,4694895,47328,80.86125183105469,40.37041473388672,76157.714432,0,2379,1316,1,0.14381401281335476,on intermittent
4775893,4777693,47328,85.444580078125,40.67791748046875,176017.702912,0,2342,1872,0,25.068136296590936,far from water
4689495,4689496,47328,80.56208038330078,40.40041732788086,194767.568896,0,2375,1280,0,0.8921659101708213,near water
4777693,4779493,47328,85.52458190917969,40.68791580200195,176121.36448,0,2340,1881,0,23.279683335953205,far from water
4689496,4691296,47328,80.61125183105469,40.37125015258789,194830.483456,0,2379,1286,0,0.8436074817524706,near water
4779493,4779492,47328,85.55458068847656,40.688751220703125,176259.416064,0,2340,1885,0,23.419094591707985,far from water
4691296,4693096,47328,80.6995849609375,40.36458206176758,194944.253952,0,2380,1296,0,0.5840418642469817,near water
4779492,4781292,47328,85.5995864868164,40.74541473388672,177623.629824,0,2333,1890,0,18.33829649990809,far from water
4693096,4694896,47328,80.82125091552734,40.37541580200195,206623.997952,0,2378,1311,0,0.7091509720300984,near water
4781292,4783091,47328,85.71708679199219,40.803749084472656,185583.435776,0,2326,1905,0,19.896655737252047,far from water
4694896,4694895,47328,80.8629150390625,40.39958190917969,211018.498048,0,2375,1316,0,1.2773086162027465,near water
4783091,4784892,47328,85.79374694824219,40.8004150390625,186170.81856,0,2327,1914,0,28.292359101698544,far from water
4694895,4696695,47328,80.90625,40.44124984741211,288864.436224,0,2370,1321,1,0.40419826817450255,on intermittent
4784892,4784892,47328,85.86125183105469,40.73958206176758,186222.313472,1,2334,1922,0,35.86522658821849,far from water
4696695,4696694,47328,80.9495849609375,40.49958419799805,332477.333504,0,2363,1327,1,0.25854640446692884,on intermittent
4696694,4698494,47328,81.02207946777344,40.520416259765625,332676.694016,0,2361,1336,1,0.4618152584007299,on intermittent
4698494,4700294,47328,81.10375213623047,40.51625061035156,332775.391232,0,2361,1345,1,0.32380902086761276,on intermittent
4700294,4702094,47328,81.1995849609375,40.54291534423828,334867.6608,0,2358,1357,0,0.7173841038524472,near water
4702094,4703894,47328,81.34874725341797,40.56291580200195,334968.291328,0,2356,1375,1,0.4553191392517601,on intermittent
4703894,4703893,47328,81.36708068847656,40.62458419799805,335068.69248,0,2348,1377,0,1.001119810823352,near water
4703893,4705693,47328,81.43541717529297,40.664581298828125,335125.020672,0,2343,1386,1,0.32041947539052495,on intermittent
4705693,4707492,47328,81.48458099365234,40.6995849609375,335461.810176,0,2339,1392,1,0.30311164766199017,on intermittent
4707492,4709292,47328,81.5995864868164,40.73291778564453,335576.498176,0,2335,1406,1,0.3515168147839055,on intermittent
4709292,4711092,47328,81.72374725341797,40.71875,335637.839872,0,2337,1421,0,0.5220171351480619,near water
4711092,4712892,47328,81.81208038330078,40.74458312988281,335707.078656,0,2333,1431,1,0.48632193084681397,on intermittent
4712892,4714691,47328,81.89791870117188,40.80208206176758,335777.038336,0,2327,1442,1,0.49547748376256306,on intermittent
4714691,4718291,47328,82.00791931152344,40.83625030517578,335846.670336,0,2322,1455,1,0.3474706884519794,on intermittent
4718291,4720091,47328,82.2245864868164,40.8970832824707,335916.498944,0,2315,1481,1,0.1859352577378387,on intermittent
4720091,4720090,47328,82.25541687011719,40.931251525878906,336270.589952,0,2311,1485,1,0.12531351072572364,on intermittent
4720090,4721890,47328,82.32041931152344,40.92124938964844,336347.62752,0,2312,1493,1,0.10623947771914442,on intermittent
4721890,4723690,47328,82.44708251953125,40.96875,336415.162368,0,2306,1508,1,0.3349759204586446,on intermittent
4723690,4725490,47328,82.49958038330078,40.9787483215332,336513.859584,0,2305,1515,1,0.2932483561624585,on intermittent
4725490,4725489,47328,82.56458282470703,41.00541687011719,336618.881024,0,2302,1522,1,0.3517419747329871,on intermittent
4725489,4727289,47328,82.66958618164062,41.02958297729492,336721.18272,0,2299,1535,1,0.1523043111729855,on intermittent
4727289,4729089,47328,82.6995849609375,41.04708480834961,356621.84448,0,2297,1539,1,0.19507095058598903,on intermittent
4729089,4730890,47328,82.78791809082031,40.98625183105469,357246.533632,0,2304,1550,1,0.359704286736158,on intermittent
4730890,4732690,47328,82.95541381835938,40.930416107177734,357380.554752,0,2311,1570,1,0.10677462350540677,on intermittent
4732690,4734490,47328,82.99958038330078,40.908748626708984,358438.469632,0,2314,1575,0,0.5608469387939513,near water
4734490,4736290,47328,83.15291595458984,40.979583740234375,358492.602368,0,2305,1594,1,0.14354078777182547,on intermittent
4736290,4738090,47328,83.1995849609375,40.963748931884766,358826.14784,0,2307,1599,1,0.3191447807365831,on intermittent
4738090,4739890,47328,83.3004150390625,40.991249084472656,358867.042304,0,2304,1612,1,0.4387452794524717,on intermittent
4739890,4741689,47328,83.33041381835938,40.99958419799805,359322.517504,0,2303,1615,1,0.4397145596220284,on intermittent
4741689,4743490,47328,83.46041870117188,40.993751525878906,359388.971008,0,2303,1631,1,0.2678343341850488,on intermittent
4743490,4745290,47328,83.60124969482422,40.98875045776367,359455.358976,0,2304,1648,1,0.13560210301908618,on intermittent
4745290,4747089,47328,83.6570816040039,40.99958419799805,360263.090176,0,2303,1655,1,0.39036625551316345,on intermittent
4747089,4748890,47328,83.85874938964844,40.987083435058594,360359.100416,0,2304,1679,1,0.2568185849431741,on intermittent
4748890,4750689,47328,83.9437484741211,41.028751373291016,360457.568256,0,2299,1690,1,0.24484252166060527,on intermittent
4750689,4752488,47328,84.01541900634766,41.110416412353516,360547.352576,0,2289,1698,1,0.2699124467654865,on intermittent
4752488,4754288,47328,84.14707946777344,41.13624954223633,361137.045504,0,2286,1714,1,0.20602518580429424,on intermittent
4754288,4756088,47328,84.1995849609375,41.16208267211914,361245.540352,0,2283,1721,1,0.2566951868341355,on intermittent
4756088,4759688,47328,84.29624938964844,41.20541763305664,361343.975424,0,2278,1732,1,0.4275359616291175,on intermittent
4759688,4763288,47328,84.54792022705078,41.17625045776367,361627.615232,0,2281,1763,1,0.1724709761497265,on intermittent
4763288,4772289,47328,84.76958465576172,41.17041778564453,361745.645568,0,2282,1790,1,0.2064268335876665,on intermittent
4772289,4774089,47328,85.20207977294922,41.01541519165039,362256.072704,0,2301,1842,1,0.3334018900434288,on intermittent
4774089,4775890,47328,85.2995834350586,41.02291488647461,362333.208576,0,2300,1854,1,0.22685214110898502,on intermittent
4775890,4777690,47328,85.39958190917969,40.991249084472656,362382.917632,0,2304,1866,1,0.3836821245536845,on intermittent
4777690,4779490,47328,85.49958038330078,40.97624969482422,362548.953088,0,2305,1878,0,1.2773746608578957,near water
4779490,4781289,47328,85.58291625976562,40.99958419799805,364789.989376,0,2303,1888,0,1.0032762772489892,near water
4781289,4783089,47328,85.73208618164062,41.06291580200195,364848.90624,0,2295,1906,1,0.3032170056580264,on intermittent
4783089,4784889,47328,85.81041717529297,41.088748931884766,364914.638848,0,2292,1916,1,0.21665162310533365,on intermittent
4784889,4786689,47328,85.90958404541016,41.07791519165039,365001.015296,0,2293,1928,1,0.09102464371793541,on intermittent
4786689,4788489,47328,85.99958038330078,41.05875015258789,365089.226752,0,2295,1939,1,0.3906492160412881,on intermittent
4788489,4790289,47328,86.10874938964844,41.05291748046875,365175.406592,0,2296,1952,1,0.11864802745382495,on intermittent
4790289,4792089,47328,86.1995849609375,41.027915954589844,365918.519296,0,2299,1963,1,0.14704006689013574,on intermittent
4792089,4793889,47328,86.31124877929688,41.049583435058594,365993.361408,0,2297,1977,1,0.5123171528002936,on intermittent
4793889,4795689,47328,86.39958190917969,41.053749084472656,366076.100608,0,2296,1987,0,0.46500698240039096,near water
4795689,4797489,47328,86.55958557128906,41.07791519165039,366135.934976,0,2293,2007,0,3.625121704012202,near water
4797489,4799289,47328,86.65625,41.03125,465717.264384,0,2299,2018,1,0.3850865873174773,on intermittent
4799289,4801090,47328,86.70957946777344,40.95375061035156,465826.971648,0,2308,2025,0,0.7951446812918498,near water
4801090,4802891,47328,86.82958221435547,40.876251220703125,470134.161408,0,2318,2039,0,1.093857816112643,near water
4802891,4804691,47328,86.89958190917969,40.84791564941406,470892.904448,0,2321,2048,0,2.246825152882101,near water
4804691,4806492,47328,87.03791809082031,40.76541519165039,471290.118144,0,2331,2065,0,1.9296965227110128,near water
4806492,4808292,47328,87.0995864868164,40.74958419799805,471459.26656,0,2333,2072,0,2.4614702876101173,near water
4808292,4810093,47328,87.1995849609375,40.70624923706055,471667.146752,0,2338,2084,1,0.24221097229502175,on intermittent
4810093,4811893,47328,87.30458068847656,40.67041778564453,471780.982784,0,2342,2097,0,2.834784995352748,near water
4811893,4813693,47328,87.40958404541016,40.62791442871094,471834.427392,0,2348,2110,0,2.3339129768663667,near water
4813693,4815493,47328,87.49958038330078,40.60541534423828,471894.392832,0,2350,2121,0,0.5660380921380371,near water
4815493,4815494,47328,87.54792022705078,40.56708526611328,471952.982016,0,2355,2127,2,0.33408400432460555,on perennial
4815494,4817294,47328,87.5995864868164,40.53125,472292.032512,0,2359,2133,0,1.0378079605696449,near water
4817294,4819095,47328,87.72291564941406,40.48041534423828,472549.916672,0,2366,2148,1,0.48657994767055607,on intermittent
4819095,4820895,47328,87.7995834350586,40.44041442871094,472873.467904,0,2370,2157,1,0.32967319117899696,on intermittent
4820895,4824496,47328,87.92874908447266,40.403751373291016,472945.328128,0,2375,2173,0,1.6295646211726227,near water
4824496,4826297,47328,88.14541625976562,40.264583587646484,473017.286656,0,2392,2199,0,3.0535080531951264,near water
4826297,4826298,47328,88.15291595458984,40.16958236694336,473195.577344,0,2403,2200,0,1.6951374090312972,near water
4826298,4828098,47328,88.1995849609375,40.123748779296875,473733.20192,0,2409,2206,1,0.4168569920467497,on intermittent
4828098,4829898,47328,88.36042022705078,40.14958190917969,473806.307328,0,2406,2225,0,11.268359114602504,far from water
4829898,4829899,47328,88.37791442871094,40.10041809082031,476331.016192,0,2412,2227,0,12.102287401393422,far from water
4829899,4829900,47328,88.37958526611328,40.00041580200195,476393.537536,0,2424,2227,0,17.487374865065206,far from water
4829900,4831700,47328,88.41041564941406,39.92208480834961,476424.11008,0,2433,2231,0,25.912661383743153,far from water
4831700,4831703,47328,88.41374969482422,39.83041763305664,477483.532288,0,2444,2231,0,24.49831521645429,far from water
4831703,4829904,47328,88.39291381835938,39.598751068115234,477545.43104,0,2472,2229,0,0.7523173412891728,near water
4829904,4829905,47328,88.41374969482422,39.506248474121094,542060.085248,0,2484,2231,0,2.594547366709795,near water
4829905,4831705,47328,88.42208099365234,39.438751220703125,542159.83104,0,2492,2232,0,1.1848390143815906,near water
4831705,4831706,47328,88.46624755859375,39.383750915527344,542269.60384,0,2498,2238,0,1.8526249775354606,near water
4831706,4833506,47328,88.52874755859375,39.38291549682617,545537.196032,0,2499,2245,0,1.3698663632767987,near water
4833506,4833505,47328,88.57708740234375,39.407081604003906,546000.044032,0,2496,2251,0,0.9670367084180496,near water
4833505,4835305,47328,88.5995864868164,39.43708419799805,546459.516928,0,2492,2254,1,0.02349574578112803,on intermittent
4835305,4837105,47328,88.73542022705078,39.457916259765625,547635.986432,0,2489,2270,0,6.2079731178450785,far from water
4837105,4838905,47328,88.82125091552734,39.479583740234375,548060.659712,0,2487,2281,0,7.618500342345066,far from water
4838905,4838904,47328,88.87458038330078,39.49958419799805,548359.471104,0,2484,2287,0,4.042025916296354,near water
4838904,4840704,47328,88.9437484741211,39.58541488647461,548537.925632,0,2474,2296,0,6.706113534080116,far from water
4840704,4844303,47328,88.97541809082031,39.59958267211914,548670.373888,0,2472,2300,0,5.797425772585561,far from water
4844303,4846103,47328,89.21458435058594,39.6037483215332,548767.203328,0,2472,2329,0,13.174489105548922,far from water
4846103,4847902,47328,89.30208587646484,39.702083587646484,549016.928256,0,2460,2339,0,25.91559091893641,far from water
4847902,4849702,47328,89.39958190917969,39.78874969482422,566605.185024,0,2449,2351,0,38.16003297310197,far from water
4849702,4849701,47328,89.45708465576172,39.803749084472656,566690.054144,0,2448,2358,0,41.71745572769234,far from water
4849701,4851501,47328,89.51708221435547,39.8720817565918,566781.149184,0,2439,2365,0,50.82901812141263,far from water
4851501,4853300,47328,89.6129150390625,39.93208312988281,566868.967424,0,2432,2377,0,60.72454798331528,far from water
4853300,4853301,47328,89.62958526611328,39.90041732788086,570788.74112,0,2436,2379,0,58.58962290391221,far from water
4853301,4853302,47328,89.6745834350586,39.79624938964844,570844.971008,0,2448,2384,0,52.29665462955813,far from water
4853302,4855101,47328,89.6995849609375,39.79624938964844,575043.600384,0,2448,2387,0,53.85874041412327,far from water
4855101,4855102,47328,89.72792053222656,39.79708480834961,575164.317696,0,2448,2391,0,55.73610843968081,far from water
4855102,4856902,47328,89.79208374023438,39.7912483215332,576519.012352,0,2449,2399,0,59.616126612469195,far from water
4856902,4858701,47328,89.8637466430664,39.799583435058594,579627.319296,0,2448,2407,0,65.14757651594967,far from water
4858701,4860501,47328,89.99958038330078,39.83958435058594,579726.21312,0,2443,2424,0,79.69803832781466,far from water
4860501,4860500,47328,90.04875183105469,39.908748626708984,579783.753728,0,2435,2430,0,71.29321428767163,far from water
4860500,4862300,47328,90.10791778564453,39.972084045410156,579965.09184,0,2427,2437,0,63.837286092052594,far from water
4862300,4862299,47328,90.12791442871094,40.01874923706055,580070.866944,0,2421,2439,0,58.958519772631945,far from water
4862299,4864099,47328,90.1995849609375,40.08541488647461,580194.729984,0,2413,2448,0,49.43486946056718,far from water
4864099,4864098,47328,90.29458618164062,40.14208221435547,580277.436416,0,2407,2459,0,39.231520719483406,far from water
4864098,4865898,47328,90.36458587646484,40.17958450317383,580906.057728,0,2402,2468,0,32.06947939153587,far from water
4865898,4867698,47328,90.46041870117188,40.13541793823242,594789.00736,0,2407,2480,0,28.5606106437431,far from water
4867698,4869499,47328,90.52375030517578,40.03791809082031,595495.616512,0,2419,2487,0,34.54267246444529,far from water
4869499,4871298,47328,90.60124969482422,40.06041717529297,601565.495296,0,2416,2497,0,29.438349157490784,far from water
4871298,4873098,47328,90.70625305175781,40.12874984741211,601693.88032,0,2408,2509,0,20.312140032524194,far from water
4873098,4873097,47328,90.78624725341797,40.1995849609375,605674.668032,0,2400,2519,0,13.373293154748776,far from water
4873097,4874896,47328,90.76958465576172,40.31458282470703,605985.767424,0,2386,2517,0,2.5811181795358373,near water
4874896,4873096,47328,90.82958221435547,40.39958190917969,623729.246208,0,2375,2524,2,0.35108157194554057,on perennial
4873096,4873096,47328,90.78874969482422,40.38041687011719,639435.931648,1,2378,2519,0,1.0011926330876975,near water
5114572,5116373,49905,104.2612533569336,12.651249885559082,54202.331136,0,5739,4152,2,0.413555841575026,on perennial
5116373,5118173,49905,104.305419921875,12.643749237060547,54679.584768,0,5740,4158,2,0.3992305073743675,on perennial
5118173,5118174,49905,104.35541534423828,12.60041618347168,55239.159808,0,5745,4164,2,0.20532893648491132,on perennial
5118174,5119974,49905,104.40625,12.516249656677246,55302.660096,0,5755,4170,2,0.10550332418790319,on perennial
5119974,5121774,49905,104.49958038330078,12.513750076293945,70753.81248,0,5755,4181,2,0.4451335759232543,on perennial
5121774,5121775,49905,104.5495834350586,12.454583168029785,70884.655104,0,5763,4187,2,0.48409398264616493,on perennial
5121775,5123576,49905,104.5995864868164,12.425416946411133,71940.456448,0,5766,4193,1,0.3646449646968935,on intermittent
5123576,5125377,49905,104.6762466430664,12.300416946411133,73230.983168,0,5781,4203,2,0.37659155705857106,on perennial
5125377,5127178,49905,104.81291961669922,12.206249237060547,73284.255744,0,5793,4219,2,0.3667792464273873,on perennial
5127178,5125379,49905,104.77791595458984,12.079583168029785,83222.953984,0,5808,4215,2,0.032754401826982166,on perennial
5125379,5125381,49905,104.82624816894531,11.930416107177734,83672.817664,0,5826,4221,1,0.16247260789255372,on intermittent
5125381,5127181,49905,104.7995834350586,11.856249809265137,84537.516032,0,5835,4218,1,0.3450011600858844,on intermittent
5127181,5127182,49905,104.8237533569336,11.791250228881836,85486.26432,0,5843,4221,1,0.39445712123569643,on intermittent
5127182,5128984,49905,104.85708618164062,11.675416946411133,87723.556864,0,5857,4225,2,0.35888028377889075,on perennial
5123548,5125348,49905,104.72624969482422,15.152915954589844,52699.295744,0,5436,4209,0,0.7962589521107,near water
5148764,5146964,49905,105.98374938964844,13.535416603088379,78713.421824,0,5632,4361,2,0.42090611501474057,on perennial
4988388,4990189,49905,97.20124816894531,31.07958221435547,53624.143872,0,3505,3297,0,0.9690013822407998,near water
4990189,4991990,49905,97.34208679199219,30.981250762939453,54314.135552,0,3517,3314,2,0.2517778448046768,on perennial
4991990,4991991,49905,97.36042022705078,30.90041732788086,54496.391168,0,3527,3316,0,0.7637078145335698,near water
4991991,4991992,49905,97.3629150390625,30.76791763305664,54647.119872,0,3543,3316,2,0.2626483831053162,on perennial
5125348,5125347,49905,104.76041412353516,15.216249465942383,101787.475968,0,5428,4213,1,0.18435741273557643,on intermittent
4991992,4993793,49905,97.46208190917969,30.6704158782959,54769.4592,0,3555,3328,2,0.411016373406347,on perennial
5125347,5127147,49905,104.83625030517578,15.207082748413086,106180.370432,0,5429,4222,1,0.08421788457791379,on intermittent
4993793,4995593,49905,97.50041961669922,30.639583587646484,61241.331712,0,3558,3333,2,0.3235691112641015,on perennial
5127147,5128947,49905,104.89958190917969,15.233749389648438,106327.547904,0,5426,4230,2,0.34315521640933344,on perennial
4995593,4995594,49905,97.5504150390625,30.60041618347168,68556.12416,0,3563,3339,2,0.09027789428504081,on perennial
5128947,5130747,49905,104.99958038330078,15.278749465942383,106437.132288,0,5420,4242,2,0.2615646260457879,on perennial
4995594,4995595,49905,97.5995864868164,30.521249771118164,68665.36448,0,3573,3345,2,0.3014766368900407,on perennial
5130747,5132546,49905,105.11125183105469,15.307083129882812,106540.474368,0,5417,4255,2,0.39680456918156365,on perennial
4995595,4997395,49905,97.62875366210938,30.45458221435547,68829.83936,0,3581,3348,2,0.4102992026615212,on perennial
5132546,5134347,49905,105.24708557128906,15.244583129882812,115637.608448,0,5424,4272,2,0.38264856208329634,on perennial
4997395,4999195,49905,97.6995849609375,30.402082443237305,69206.515712,0,3587,3357,1,0.11766299369399744,on intermittent
5134347,5136147,49905,105.33125305175781,15.2837495803833,116191.076352,0,5420,4282,2,0.3266611364216077,on perennial
4999195,4999196,49905,97.76708221435547,30.356250762939453,69331.247104,0,3593,3365,2,0.3347853738776267,on perennial
5136147,5137947,49905,105.37791442871094,15.299583435058594,116339.13856,0,5418,4288,0,0.6927433956317685,near water
4999196,5000997,49905,97.80791473388672,30.31624984741211,69545.566208,0,3598,3370,1,0.448297899390397,on intermittent
5137947,5139746,49905,105.4937515258789,15.311249732971191,119429.12,0,5416,4302,2,0.3543818646821518,on perennial
5000997,5002797,49905,97.90791320800781,30.241249084472656,69741.961216,0,3607,3382,0,1.0702893223264838,near water
5002797,5002798,49905,97.93458557128906,30.198749542236328,69985.615872,0,3612,3386,1,0.4406295457278015,on intermittent
5002798,5002799,49905,97.99541473388672,30.10041618347168,70182.313984,0,3624,3393,0,0.7560698337391082,near water
5002799,5004599,49905,98.0304183959961,30.042083740234375,70289.98144,0,3631,3397,2,0.23984376819178424,on perennial
5004599,5004600,49905,98.07624816894531,29.953750610351562,70456.27904,0,3641,3403,0,0.6921577641336856,near water
5004600,5006401,49905,98.10041809082031,29.89875030517578,71425.785856,0,3648,3406,0,0.5019590118528858,near water
5006401,5008201,49905,98.20375061035156,29.81708335876465,71719.133184,0,3658,3418,2,0.11333159041932786,on perennial
5008201,5008202,49905,98.25375366210938,29.757917404174805,72842.657792,0,3665,3424,2,0.24651567339624644,on perennial
5008202,5010003,49905,98.29708099365234,29.700416564941406,73000.91904,0,3672,3429,2,0.3929716143509611,on perennial
5010003,5010004,49905,98.33541870117188,29.583749771118164,73408.626688,0,3686,3434,2,0.30183334963265795,on perennial
5010004,5010005,49905,98.38458251953125,29.500415802001953,73532.964864,0,3696,3440,2,0.38718585315637505,on perennial
5010005,5011805,49905,98.40791320800781,29.445417404174805,74611.400704,0,3703,3443,2,0.12191871048213637,on perennial
5011805,5011806,49905,98.43791961669922,29.362916946411133,74860.396544,0,3713,3447,0,0.4235714015611385,near water
5011806,5013607,49905,98.52375030517578,29.28791618347168,75191.205888,0,3722,3457,2,0.17315733399722522,on perennial
5013607,5013608,49905,98.59124755859375,29.199583053588867,75410.14528,0,3733,3465,1,0.13609599327115188,on intermittent
5013608,5015408,49905,98.60791778564453,29.172082901000977,75584.512,0,3736,3467,2,0.22351727056945075,on perennial
5015408,5015409,49905,98.61624908447266,29.10041618347168,75723.833344,0,3745,3468,2,0.14024144365105073,on perennial
5015409,5013609,49905,98.59375,29.047082901000977,75816.1408,0,3751,3465,2,0.4712302126977822,on perennial
5013609,5015410,49905,98.60458374023438,28.99791717529297,75906.097152,0,3757,3467,0,0.65306454404421,near water
5015410,5015411,49905,98.64375305175781,28.896249771118164,76372.7872,0,3770,3471,1,0.49468869245673003,on intermittent
5015411,5015412,49905,98.66124725341797,28.800416946411133,76644.524032,0,3781,3474,0,0.5344812443049406,near water
5015412,5017213,49905,98.67791748046875,28.700416564941406,76882.804736,0,3793,3476,2,0.47449595348229845,on perennial
5017213,5017214,49905,98.7629165649414,28.60041618347168,77228.179456,0,3806,3486,2,0.4546512712258207,on perennial
5017214,5019015,49905,98.79875183105469,28.507083892822266,77829.677056,0,3817,3490,2,0.2636394218962145,on perennial
5019015,5020815,49905,98.85458374023438,28.40041732788086,78018.166784,0,3830,3497,1,0.22801280276382557,on intermittent
5020815,5019016,49905,98.87208557128906,28.356250762939453,78271.725568,0,3835,3499,1,0.15323878842360428,on intermittent
5019016,5020817,49905,98.8629150390625,28.300416946411133,78472.904704,0,3842,3498,0,0.8441003081061514,near water
5020817,5019017,49905,98.85958099365234,28.244583129882812,78568.357888,0,3849,3498,0,0.6068423739791473,near water
5019017,5019018,49905,98.8629150390625,28.201250076293945,78678.155264,0,3854,3498,2,0.10137035557423679,on perennial
5019018,5020818,49905,98.89958190917969,28.126249313354492,79071.657984,0,3863,3502,1,0.3882773453646381,on intermittent
5020818,5019019,49905,98.91874694824219,28.07208251953125,79221.129216,0,3870,3505,0,0.7694712740232901,near water
5019019,5020819,49905,98.91041564941406,28.026248931884766,79306.743808,0,3875,3504,1,0.1940108342611547,on intermittent
5020819,5020820,49905,98.90875244140625,27.99041748046875,79438.659584,0,3879,3504,0,0.6319023783512296,near water
5020820,5022620,49905,98.97624969482422,27.90041732788086,79786.950656,0,3890,3512,1,0.3769902168250194,on intermittent
5022620,5022621,49905,99.01041412353516,27.868749618530273,79923.142656,0,3894,3516,2,0.19377262751111998,on perennial
5022621,5022622,49905,99.0320816040039,27.78791618347168,80088.866816,0,3904,3519,2,0.37319207264705756,on perennial
5022622,5022623,49905,99.0504150390625,27.687084197998047,80250.650624,0,3916,3521,0,0.6505563347560538,near water
5022623,5020824,49905,99.01625061035156,27.60041618347168,80543.031296,0,3927,3517,2,0.3996241654810475,on perennial
5020824,5022624,49905,99.03541564941406,27.55875015258789,80642.400256,0,3932,3519,2,0.213368187045004,on perennial
5022624,5022625,49905,99.03624725341797,27.483749389648438,80957.104128,0,3941,3519,2,0.1303077623870566,on perennial
5022625,5022626,49905,99.07208251953125,27.40041732788086,81195.835392,0,3951,3523,2,0.31831185275324103,on perennial
5022626,5024427,49905,99.0995864868164,27.327917098999023,82086.944768,0,3960,3527,2,0.32042213335743497,on perennial
5024427,5022627,49905,99.07875061035156,27.24041748046875,82172.362752,0,3970,3524,2,0.3660297480494382,on perennial
5022627,5022628,49905,99.1379165649414,27.187084197998047,82335.408128,0,3977,3531,2,0.34180963457932084,on perennial
5022628,5024428,49905,99.14958190917969,27.159584045410156,82473.304064,0,3980,3533,1,0.22820141132946684,on intermittent
5024428,5024429,49905,99.15208435058594,27.042083740234375,82736.603136,0,3994,3533,1,0.3726536763227355,on intermittent
5024429,5024430,49905,99.15208435058594,27.000415802001953,82895.937536,0,3999,3533,1,0.41838917548576443,on intermittent
5024430,5026231,49905,99.18791961669922,26.90041732788086,84543.143936,0,4012,3537,2,0.5279220590967303,on perennial
5026231,5024431,49905,99.1762466430664,26.846250534057617,84748.32896,0,4018,3536,2,0.12561613558404183,on perennial
5024431,5024432,49905,99.16625213623047,26.800416946411133,84853.620736,0,4024,3535,0,0.7159154153371446,near water
5024432,5024433,49905,99.14958190917969,26.658750534057617,85288.689664,0,4041,3533,1,0.2177488276371917,on intermittent
5024433,5024434,49905,99.12625122070312,26.56458282470703,85476.081664,0,4052,3530,2,0.25757530953224084,on perennial
5024434,5024435,49905,99.1379165649414,26.46791648864746,85885.99296,0,4064,3531,2,0.3027927731247799,on perennial
5024435,5024436,49905,99.14707946777344,26.40041732788086,86126.985216,0,4072,3532,2,0.4259043190749387,on perennial
5024436,5024437,49905,99.13541412353516,26.300416946411133,86353.117184,0,4084,3531,1,0.2785567942674541,on intermittent
5024437,5022638,49905,99.1362533569336,26.198749542236328,86740.975616,0,4097,3531,1,0.3736612947372183,on intermittent
5022638,5024438,49905,99.1362533569336,26.147916793823242,86871.687168,0,4103,3531,2,0.24212578606777355,on perennial
5024438,5024439,49905,99.12291717529297,26.073749542236328,87033.053184,0,4112,3530,2,0.4249653609530675,on perennial
5024439,5024440,49905,99.14791870117188,26.000415802001953,87207.059456,0,4121,3533,0,0.5708163365928949,near water
5024440,5024441,49905,99.1504135131836,25.90041732788086,87358.152704,0,4133,3533,2,0.22128993530504443,on perennial
5024441,5024442,49905,99.1987533569336,25.800416946411133,87596.384256,0,4145,3539,2,0.2299311607496943,on perennial
5024442,5026242,49905,99.23958587646484,25.75208282470703,87703.642112,0,4151,3544,2,0.3347558617226945,on perennial
5026242,5026243,49905,99.2620849609375,25.668750762939453,87834.148864,0,4161,3546,2,0.3686671755293109,on perennial
5026243,5028044,49905,99.32291412353516,25.5987491607666,87956.013056,0,4169,3554,2,0.362895812311724,on perennial
5028044,5028045,49905,99.32624816894531,25.498748779296875,90793.1648,0,4181,3554,1,0.46077487983996684,on intermittent
5028045,5026245,49905,99.29875183105469,25.423749923706055,90934.714368,0,4191,3551,0,0.5265095300617887,near water
5026245,5026246,49905,99.29042053222656,25.40041732788086,91565.187072,0,4193,3550,1,0.37663708942402013,on intermittent
5026246,5028046,49905,99.31291961669922,25.33041763305664,91756.01152,0,4202,3553,1,0.3661230697937435,on intermittent
5028046,5028047,49905,99.3429183959961,25.290416717529297,92036.079616,0,4207,3556,0,0.6866265424146197,near water
5028047,5029848,49905,99.39958190917969,25.227916717529297,92136.726528,0,4214,3563,2,0.28244609768094825,on perennial
5029848,5031648,49905,99.49958038330078,25.130416870117188,92305.670144,0,4226,3575,2,0.2020509576512119,on perennial
5031648,5033449,49905,99.61042022705078,25.10541534423828,92427.935744,0,4229,3589,2,0.3265086201280716,on perennial
5033449,5035250,49905,99.71541595458984,24.989582061767578,94038.09792,0,4243,3601,2,0.3512358817952312,on perennial
5035250,5035251,49905,99.742919921875,24.90041732788086,94171.758592,0,4254,3605,2,0.24766024503262798,on perennial
5035251,5037051,49905,99.80458068847656,24.866249084472656,94307.540992,0,4258,3612,2,0.1929806250061381,on perennial
5037051,5037052,49905,99.84708404541016,24.800416946411133,94442.610688,0,4266,3617,2,0.2934685518446841,on perennial
5037052,5038852,49905,99.89958190917969,24.75458335876465,94573.068288,0,4272,3624,2,0.39577758966060633,on perennial
5038852,5040652,49905,100.0120849609375,24.738750457763672,94711.324672,0,4274,3637,2,0.4645194526092597,on perennial
5040652,5042453,49905,100.0929183959961,24.698749542236328,106849.255424,0,4278,3647,2,0.4166851382575522,on perennial
5042453,5042452,49905,100.1370849609375,24.699583053588867,107088.625664,0,4278,3652,2,0.506369947896336,on perennial
5042452,5044252,49905,100.2179183959961,24.744583129882812,107201.642496,0,4273,3662,2,0.25493025169336875,on perennial
5044252,5046052,49905,100.31708526611328,24.763750076293945,107312.98816,0,4271,3674,1,0.4734899964825687,on intermittent
5046052,5046053,49905,100.41625213623047,24.682083129882812,107683.479552,0,4280,3686,2,0.49822888186570646,on perennial
5046053,5047853,49905,100.430419921875,24.647083282470703,107844.345856,0,4285,3688,2,0.2749691861817649,on perennial
5047853,5047854,49905,100.48291778564453,24.58708381652832,108070.928384,0,4292,3694,2,0.3337524325481763,on perennial
5047854,5049654,49905,100.49958038330078,24.522916793823242,111398.797312,0,4300,3696,2,0.4168240620184343,on perennial
5049654,5049655,49905,100.5112533569336,24.44791603088379,111640.363008,0,4309,3698,0,0.7109110929323355,near water
5049655,5049656,49905,100.50541687011719,24.40041732788086,111743.737856,0,4315,3697,0,1.0096457352822483,near water
5049656,5047857,49905,100.50291442871094,24.332916259765625,111897.935872,0,4323,3697,2,0.24813522725466594,on perennial
5047857,5049657,49905,100.51041412353516,24.249584197998047,111993.634816,0,4333,3698,2,0.24823016997653868,on perennial
5049657,5049658,49905,100.52041625976562,24.187915802001953,112097.722368,0,4340,3699,2,0.3323219407895163,on perennial
5049658,5047859,49905,100.50041961669922,24.112083435058594,112755.163136,0,4350,3697,0,0.6000267773009461,near water
5047859,5046059,49905,100.39541625976562,24.071250915527344,112858.292224,0,4354,3684,2,0.4902940399790857,on perennial
5046059,5046060,49905,100.37541961669922,24.000415802001953,113854.111744,0,4363,3681,2,0.31917116939603407,on perennial
5046060,5047860,49905,100.40458679199219,23.94208335876465,113909.620736,0,4370,3685,1,0.1644518510470194,on intermittent
5047860,5047861,49905,100.40791320800781,23.89291763305664,114448.089088,0,4376,3685,2,0.27914464274467277,on perennial
5047861,5046061,49905,100.35624694824219,23.860416412353516,114738.62656,0,4380,3679,1,0.06348941964962622,on intermittent
5046061,5044262,49905,100.28291320800781,23.75458335876465,115048.759296,0,4393,3670,2,0.16895315763989424,on perennial
5044262,5044263,49905,100.24041748046875,23.700416564941406,115230.63808,0,4399,3665,2,0.4123824161966333,on perennial
5044263,5042463,49905,100.18708038330078,23.63458251953125,115369.771008,0,4407,3659,0,0.6009551032696258,near water
5042463,5042464,49905,100.16958618164062,23.547916412353516,115467.894784,0,4418,3656,2,0.3579172498003521,on perennial
5042464,5042465,49905,100.15291595458984,23.477083206176758,117311.062016,0,4427,3654,2,0.5535145334455861,on perennial
5042465,5042466,49905,100.10041809082031,23.415416717529297,117431.353344,0,4434,3648,2,0.03026400342351873,on perennial
5042466,5040666,49905,100.08291625976562,23.354583740234375,117612.7488,0,4441,3646,1,0.3458261029025516,on intermittent
5040666,5040667,49905,100.09124755859375,23.296249389648438,117844.795392,0,4448,3647,2,0.4082108863870507,on perennial
5040667,5040668,49905,100.055419921875,23.198749542236328,124071.77216,0,4460,3643,2,0.42491320501173685,on perennial
5040668,5042468,49905,100.11541748046875,23.16208267211914,124195.332096,0,4465,3650,2,0.29987012927630846,on perennial
5042468,5042469,49905,100.1504135131836,23.062084197998047,124317.073408,0,4477,3654,2,0.1812039362095434,on perennial
5042469,5044269,49905,100.1995849609375,23.02458381652832,125188.120576,0,4481,3660,2,0.34142488671508664,on perennial
5044269,5044270,49905,100.27208709716797,22.953750610351562,125706.059776,0,4490,3669,2,0.13832547321755911,on perennial
5044270,5046071,49905,100.30208587646484,22.89875030517578,126201.700352,0,4497,3672,2,0.5342123171137171,on perennial
5046071,5046072,49905,100.37291717529297,22.78125,135326.171136,0,4511,3681,2,0.13688774792483632,on perennial
5046072,5046073,49905,100.37208557128906,22.700416564941406,135506.468864,0,4521,3681,2,0.3118249813282709,on perennial
5046073,5047873,49905,100.42791748046875,22.643749237060547,137680.912384,0,4528,3688,2,0.486732890845299,on perennial
5047873,5047874,49905,100.46041870117188,22.60041618347168,137798.746112,0,4533,3692,2,0.3418375798056958,on perennial
5047874,5049674,49905,100.5112533569336,22.56708335876465,138104.4224,0,4537,3698,1,0.21478639218539305,on intermittent
5049674,5049675,49905,100.58041381835938,22.49541664123535,138721.804288,0,4546,3706,2,0.4855341231029547,on perennial
5049675,5051476,49905,100.6137466430664,22.38458251953125,139375.050752,0,4559,3710,2,0.22399377893479458,on perennial
5051476,5051477,49905,100.60791778564453,22.300416946411133,140117.803008,0,4569,3710,0,0.48627468102913995,near water
5051477,5053277,49905,100.70708465576172,22.239582061767578,141429.538816,0,4577,3722,2,0.5713004841307713,on perennial
5053277,5053278,49905,100.70625305175781,22.200416564941406,142052.31104,0,4581,3721,2,0.4687255547348259,on perennial
5053278,5053279,49905,100.77791595458984,22.10041618347168,142347.239424,0,4593,3730,2,0.3807864609075685,on perennial
5053279,5055079,49905,100.8187484741211,22.006250381469727,142429.175808,0,4605,3735,2,0.2019256678414446,on perennial
5055079,5055080,49905,100.86458587646484,21.989582061767578,144575.725568,0,4607,3741,1,0.33007586405446815,on intermittent
5055080,5056881,49905,100.9504165649414,21.847084045410156,144983.031808,0,4624,3751,2,0.10420852796897577,on perennial
5056881,5058681,49905,100.99958038330078,21.854583740234375,145370.136576,0,4623,3757,1,0.1726862925481574,on intermittent
5058681,5060481,49905,101.12124633789062,21.79291534423828,145491.214336,0,4631,3772,0,0.7273351172918503,near water
5060481,5060482,49905,101.16124725341797,21.78125,153265.225728,0,4632,3777,0,0.533451464151722,near water
5060482,5060483,49905,101.13375091552734,21.676250457763672,155262.746624,0,4645,3773,1,0.3048653987472801,on intermittent
5060483,5060484,49905,101.17041778564453,21.60041618347168,155547.2384,0,4654,3778,0,0.6247579623284611,near water
5060484,5060485,49905,101.12541961669922,21.500415802001953,160216.203264,0,4666,3772,1,0.2602540603278998,on intermittent
5060485,5058685,49905,101.0929183959961,21.463748931884766,160323.141632,0,4671,3768,0,1.2117871221451328,near water
5058685,5056886,49905,101.00375366210938,21.390417098999023,160548.913152,0,4679,3758,0,0.6127889382637096,near water
5056886,5055086,49905,100.882080078125,21.34375,161058.504704,0,4685,3743,0,0.6755842947253267,near water
5055086,5053286,49905,100.805419921875,21.293750762939453,161377.32096,0,4691,3733,1,0.4460584208723645,on intermittent
5053286,5053287,49905,100.72125244140625,21.300416946411133,176623.77984,0,4690,3723,1,0.41091603520535785,on intermittent
5053287,5053288,49905,100.6995849609375,21.208749771118164,176720.707584,0,4701,3721,0,0.7113560916803786,near water
5053288,5051488,49905,100.67958068847656,21.14291763305664,177035.526144,0,4709,3718,1,0.4594335714464114,on intermittent
5051488,5051489,49905,100.64458465576172,21.10041618347168,177417.043968,0,4715,3714,0,0.9269737285549472,near water
5051489,5049689,49905,100.56208038330078,21.028749465942383,177746.65728,0,4723,3704,2,0.26418828694732377,on perennial
5049689,5049690,49905,100.55208587646484,21.000415802001953,179408.4864,0,4727,3703,0,0.717446229135592,near water
5049690,5047890,49905,100.5112533569336,20.90041732788086,179537.559552,0,4739,3698,0,0.7288244855930196,near water
5047890,5051491,49905,100.569580078125,20.880416870117188,179648.413696,0,4741,3705,2,0.2590501071195866,on perennial
5051491,5049691,49905,100.60041809082031,20.83708381652832,183701.356544,0,4747,3709,0,0.7045302001680389,near water
5049691,5047891,49905,100.4887466430664,20.81708335876465,183808.278528,0,4749,3695,1,0.10394803084337545,on intermittent
5047891,5046091,49905,100.38375091552734,20.83041763305664,183996.022784,0,4747,3682,1,0.4429056201746562,on intermittent
5046091,5046092,49905,100.34708404541016,20.800416946411133,184264.933376,0,4751,3678,1,0.06492902477543709,on intermittent
5046092,5044292,49905,100.24791717529297,20.74041748046875,184378.261504,0,4758,3666,1,0.22977488159353457,on intermittent
5044292,5042493,49905,100.18791961669922,20.658750534057617,187167.555584,0,4768,3659,0,0.5648882971696434,near water
5042493,5042494,49905,100.1570816040039,20.570415496826172,187298.545664,0,4779,3655,0,0.7894275466457774,near water
5042494,5042495,49905,100.13874816894531,20.500415802001953,187440.90624,0,4787,3653,0,0.6586006472444565,near water
5042495,5040696,49905,100.08541870117188,20.361249923706055,187551.629312,0,4804,3646,2,0.260032735213651,on perennial
5040696,5040697,49905,100.09708404541016,20.300416946411133,190409.179136,0,4812,3648,0,0.6709954784968766,near water
5040697,5042497,49905,100.14041900634766,20.248748779296875,191623.233536,0,4818,3653,2,0.1824320633888692,on perennial
5042497,5044296,49905,100.18791961669922,20.31041717529297,202591.092736,0,4810,3659,2,0.4507248356354458,on perennial
5044296,5046095,49905,100.26708221435547,20.39958381652832,203222.450176,0,4800,3668,0,1.1409625113501547,near water
5046095,5046096,49905,100.36042022705078,20.368749618530273,203456.75776,0,4803,3680,0,0.5424505200784706,near water
5046096,5046097,49905,100.39375305175781,20.300416946411133,205045.284864,0,4812,3684,2,0.5279957308678337,on perennial
5046097,5047897,49905,100.4487533569336,20.235416412353516,205135.872,0,4819,3690,2,0.46836115035311926,on perennial
5047897,5049698,49905,100.47041320800781,20.195415496826172,212548.616192,0,4824,3693,2,0.2913213707224378,on perennial
5049698,5049699,49905,100.59208679199219,20.10041618347168,222227.447808,0,4836,3708,0,0.5705743753936511,near water
5049699,5049700,49905,100.57875061035156,19.970417022705078,222412.55424,0,4852,3706,2,0.3940742141061273,on perennial
5049700,5049701,49905,100.58458709716797,19.861249923706055,222611.062784,0,4865,3707,0,0.6491765655323776,near water
5049701,5049702,49905,100.5995864868164,19.812084197998047,222753.83296,0,4871,3709,1,0.4522595618441538,on intermittent
5049702,5051501,49905,100.63541412353516,19.81541633605957,223485.100032,0,4870,3713,1,0.344002097614713,on intermittent
5051501,5053301,49905,100.74208068847656,19.863750457763672,223663.947776,0,4864,3726,1,0.48623342786803314,on intermittent
5053301,5055101,49905,100.79374694824219,19.89958381652832,223938.494464,0,4860,3732,1,0.15761317780491452,on intermittent
5055101,5056901,49905,100.91874694824219,19.882917404174805,224343.588864,0,4862,3747,1,0.2541343190094619,on intermittent
5056901,5058701,49905,101.00791931152344,19.83791732788086,224456.45824,0,4868,3758,0,0.5798851697015134,near water
5058701,5060501,49905,101.0995864868164,19.873750686645508,224569.458688,0,4863,3769,2,0.2928345137649834,on perennial
5060501,5062301,49905,101.22208404541016,19.833749771118164,226859.25376,0,4868,3784,2,0.12519322768186295,on perennial
5062301,5064101,49905,101.3012466430664,19.833749771118164,228765.827072,0,4868,3794,2,0.37486887140576247,on perennial
5064101,5065901,49905,101.4004135131836,19.826250076293945,228870.275072,0,4869,3806,2,0.3385110903761725,on perennial
5065901,5067701,49905,101.55874633789062,19.82958221435547,229233.115136,0,4869,3825,0,0.6126920259009826,near water
5067701,5069501,49905,101.60458374023438,19.85708236694336,229661.704192,0,4865,3830,2,0.41914729187570093,on perennial
5069501,5071300,49905,101.67124938964844,19.89958381652832,230166.478848,0,4860,3838,2,0.40523527753687505,on perennial
5071300,5071301,49905,101.7995834350586,19.94041633605957,230474.170368,0,4855,3854,2,0.1900446936629911,on perennial
5071301,5073100,49905,101.86042022705078,19.956249237060547,230611.615744,0,4853,3861,2,0.41362924078288626,on perennial
5073100,5074899,49905,101.93374633789062,20.012916564941406,230707.707904,0,4846,3870,2,0.44385782346283414,on perennial
5074899,5076699,49905,101.99958038330078,20.055416107177734,231010.893824,0,4841,3878,1,0.3194423272476673,on intermittent
5076699,5078499,49905,102.0995864868164,20.077917098999023,231128.76032,0,4839,3890,0,1.2445222051103653,near water
5078499,5080299,49905,102.21041870117188,20.05291748046875,231352.369152,0,4842,3904,2,0.4323526623483282,on perennial
5080299,5080300,49905,102.23625183105469,20.000415802001953,257370.76736,0,4848,3907,2,0.08863430991519783,on perennial
5080300,5078500,49905,102.2004165649414,19.93541717529297,263995.015168,0,4856,3903,2,0.40012759129976455,on perennial
5078500,5078501,49905,102.14541625976562,19.901248931884766,264104.83712,0,4860,3896,1,0.08497041359372666,on intermittent
5078501,5076701,49905,102.03791809082031,19.8579158782959,271782.13376,0,4865,3883,2,0.21478518019876017,on perennial
5076701,5074901,49905,102.00041961669922,19.81458282470703,272017.32608,0,4870,3878,2,0.5131012770639437,on perennial
5074901,5074902,49905,101.96708679199219,19.77375030517578,272253.190144,0,4875,3874,2,0.4551567539323588,on perennial
5074902,5073103,49905,101.85041809082031,19.672082901000977,272475.471872,0,4888,3860,1,0.28036696039036324,on intermittent
5073103,5073104,49905,101.81041717529297,19.554582595825195,273041.276928,0,4902,3855,2,0.26737192152225514,on perennial
5073104,5073105,49905,101.80374908447266,19.479583740234375,273383.555072,0,4911,3854,2,0.4364975278462184,on perennial
5073105,5073106,49905,101.89208221435547,19.40041732788086,273566.367744,0,4921,3865,2,0.3584233035270332,on perennial
5073106,5073107,49905,101.81208038330078,19.26041603088379,273892.098048,0,4938,3856,2,0.5427762450550933,on perennial
5073107,5073108,49905,101.81791687011719,19.167083740234375,274161.58208,0,4949,3856,1,0.1949924125121868,on intermittent
5073108,5073109,49905,101.80708312988281,19.10041618347168,277245.362176,0,4957,3855,2,0.08638354947098713,on perennial
5073109,5071309,49905,101.8004150390625,19.03708267211914,277317.484544,0,4965,3854,1,0.28562021902293755,on intermittent
5071309,5073110,49905,101.79792022705078,19.000415802001953,277398.749184,0,4969,3854,0,0.7011542239624583,near water
5073110,5071311,49905,101.79291534423828,18.902915954589844,279134.240768,0,4981,3853,1,0.16523974961147808,on intermittent
5071311,5073111,49905,101.81041717529297,18.862083435058594,280019.533824,0,4986,3855,2,0.2788559132149793,on perennial
5073111,5073112,49905,101.83958435058594,18.768749237060547,280426.872832,0,4997,3859,1,0.24893299033542826,on intermittent
5073112,5071313,49905,101.80708312988281,18.700416564941406,280909.021184,0,5006,3855,0,0.9050021635190482,near water
5071313,5073113,49905,101.78125,18.612083435058594,281073.352704,0,5016,3852,1,0.28058170010131495,on intermittent
5073113,5071314,49905,101.75875091552734,18.562084197998047,281219.039232,0,5022,3849,1,0.2577895441596165,on intermittent
5071314,5069515,49905,101.69625091552734,18.473751068115234,281421.676544,0,5033,3841,2,0.4090141763041059,on perennial
5069515,5067716,49905,101.58374786376953,18.402084350585938,281910.509568,0,5042,3828,0,0.785246119979899,near water
5067716,5065917,49905,101.49708557128906,18.31541633605957,284005.892096,0,5052,3817,1,0.32890619276647537,on intermittent
5065917,5064118,49905,101.4054183959961,18.200416564941406,284906.061824,0,5066,3806,1,0.21735950809517343,on intermittent
5064118,5065919,49905,101.41542053222656,18.091249465942383,285215.358976,0,5079,3807,2,0.4926219503363189,on perennial
5065919,5065920,49905,101.4262466430664,18.000415802001953,285526.065152,0,5090,3809,2,0.398663450235339,on perennial
5065920,5065921,49905,101.4312515258789,17.897083282470703,285752.557568,0,5103,3809,2,0.32249116081187706,on perennial
5065921,5067721,49905,101.49958038330078,17.856250762939453,285912.530944,0,5108,3818,0,0.5717774911557632,near water
5067721,5069521,49905,101.5995864868164,17.853750228881836,290884.878336,0,5108,3830,2,0.24938497568516402,on perennial
5069521,5069520,49905,101.66291809082031,17.901248931884766,295042.90816,0,5102,3837,2,0.51124989446151,on perennial
5069520,5071320,49905,101.6995849609375,17.91374969482422,296198.373376,0,5101,3842,2,0.1665808318977432,on perennial
5071320,5071319,49905,101.75458526611328,18.007083892822266,296349.53216,0,5090,3849,0,0.6265434473832511,near water
5071319,5073119,49905,101.7995834350586,18.06624984741211,296502.460416,0,5082,3854,1,0.34752937064528355,on intermittent
5073119,5074919,49905,101.9054183959961,18.03874969482422,297088.024576,0,5086,3867,1,0.3056843268890782,on intermittent
5074919,5074918,49905,101.95625305175781,18.09958267211914,297677.750272,0,5078,3873,1,0.31076052622656886,on intermittent
5074918,5076718,49905,102.01791381835938,18.147083282470703,297781.395456,0,5073,3880,1,0.5551139442388955,on intermittent
5076718,5076717,49905,102.04792022705078,18.200416564941406,297870.000128,0,5066,3884,1,0.13569840193705915,on intermittent
5076717,5078517,49905,102.10874938964844,18.21125030517578,297971.318784,0,5065,3891,1,0.44736545433100017,on intermittent
5078517,5078518,49905,102.1762466430664,18.176250457763672,299373.494272,0,5069,3900,1,0.3069270200102489,on intermittent
5078518,5080318,49905,102.1995849609375,18.146249771118164,299569.119232,0,5073,3902,2,0.5101647576996925,on perennial
5080318,5080319,49905,102.26541900634766,18.081249237060547,299652.317184,0,5081,3910,2,0.5685459436286899,on perennial
5080319,5082119,49905,102.31041717529297,18.051250457763672,301308.608512,0,5084,3916,2,0.19552770725797236,on perennial
5082119,5083920,49905,102.45874786376953,17.97541618347168,301425.557504,0,5093,3934,2,0.36866803300534096,on perennial
5083920,5085721,49905,102.569580078125,17.966249465942383,301543.849984,0,5095,3947,0,0.5406540104882763,near water
5085721,5087521,49905,102.63041687011719,17.827083587646484,304476.81536,0,5111,3955,1,0.4267077577030464,on intermittent
5087521,5091120,49905,102.6995849609375,17.876249313354492,304779.067392,0,5105,3963,2,0.38280514848490255,on perennial
5091120,5092919,49905,102.89958190917969,17.9829158782959,304890.281984,0,5092,3987,2,0.5251356055695858,on perennial
5092919,5094720,49905,102.97792053222656,18.000415802001953,305459.85536,0,5090,3997,2,0.3632230847378555,on perennial
5094720,5094719,49905,103.07041931152344,18.021249771118164,306833.719296,0,5088,4008,2,0.1560033773202345,on perennial
5094719,5094718,49905,103.069580078125,18.09958267211914,310998.073344,0,5078,4008,2,0.31578954987777447,on perennial
5094718,5096518,49905,103.10041809082031,18.14291763305664,311058.956288,0,5073,4012,2,0.296647514640994,on perennial
5096518,5096517,49905,103.1504135131836,18.220417022705078,328212.31616,0,5064,4018,2,0.3666822403758142,on perennial
5096517,5098317,49905,103.25375366210938,18.28708267211914,328359.44448,0,5056,4030,2,0.4215791079171401,on perennial
5098317,5098316,49905,103.29042053222656,18.299583435058594,328594.423808,0,5054,4035,2,0.27366268208640204,on perennial
5098316,5100115,49905,103.29208374023438,18.4204158782959,330481.074176,0,5039,4035,2,0.42079882188732953,on perennial
5100115,5101915,49905,103.40208435058594,18.448749542236328,330870.45632,0,5036,4048,2,0.20714337393261945,on perennial
5101915,5103715,49905,103.49958038330078,18.431249618530273,331151.998976,0,5038,4060,1,0.1340408988985106,on intermittent
5103715,5105516,49905,103.6554183959961,18.373748779296875,335831.334912,0,5045,4079,2,0.10869475148955092,on perennial
5105516,5107316,49905,103.6995849609375,18.34291648864746,338135.580672,0,5049,4084,2,0.2967069461890683,on perennial
5107316,5109116,49905,103.8254165649414,18.335416793823242,338409.619456,0,5050,4100,2,0.45250538127098683,on perennial
5109116,5109117,49905,103.84708404541016,18.300416946411133,338545.737728,0,5054,4102,2,0.15410377806223338,on perennial
5109117,5110916,49905,103.89125061035156,18.299583435058594,338886.033408,0,5054,4108,2,0.41838809956197853,on perennial
5110916,5112717,49905,104.0129165649414,18.285415649414062,354083.96288,0,5056,4122,2,0.2964549244585117,on perennial
5112717,5112718,49905,104.07041931152344,18.200416564941406,354206.220288,0,5066,4129,2,0.24081049352647954,on perennial
5112718,5114519,49905,104.14791870117188,18.069583892822266,354440.64256,0,5082,4139,2,0.3133755097513071,on perennial
5114519,5116320,49905,104.1995849609375,18.012916564941406,355282.583552,0,5089,4145,2,0.16614721792158973,on perennial
5116320,5116321,49905,104.26875305175781,17.87791633605957,355520.67584,0,5105,4153,2,0.3153249831832645,on perennial
5116321,5118121,49905,104.31208038330078,17.847084045410156,355701.489664,0,5109,4159,2,0.40486897232266933,on perennial
5118121,5119922,49905,104.36958312988281,17.800416946411133,355877.978112,0,5115,4166,2,0.5631256290616996,on perennial
5119922,5119923,49905,104.43708038330078,17.700416564941406,356045.553664,0,5127,4174,2,0.3709295404899798,on perennial
5119923,5121723,49905,104.50375366210938,17.63541603088379,369313.579008,0,5135,4182,2,0.41622367342709665,on perennial
5121723,5123524,49905,104.64791870117188,17.556249618530273,371811.61472,0,5144,4199,2,0.2821489428542788,on perennial
5123524,5125325,49905,104.6995849609375,17.53125,372622.360576,0,5147,4206,2,0.47640811058492305,on perennial
5125325,5127126,49905,104.80291748046875,17.35041618347168,373423.767552,0,5169,4218,2,0.1379524556923343,on perennial
5127126,5127127,49905,104.80874633789062,17.300416946411133,373572.599808,0,5175,4219,2,0.2951991674118523,on perennial
5127127,5125328,49905,104.8012466430664,17.16374969482422,374192.340992,0,5192,4218,2,0.2547535807854881,on perennial
5125328,5125330,49905,104.75541687011719,17.05291748046875,374588.604416,0,5205,4212,2,0.30888477606133047,on perennial
5125330,5125331,49905,104.75458526611328,16.87291717529297,386671.378432,0,5227,4212,2,0.1570932663798196,on perennial
5125331,5125332,49905,104.74041748046875,16.800416946411133,387529.179136,0,5236,4210,2,0.43860809963669484,on perennial
5125332,5125333,49905,104.74874877929688,16.647083282470703,387955.654656,0,5254,4211,2,0.5516195287152602,on perennial
5125333,5125334,49905,104.73958587646484,16.542083740234375,390133.84192,0,5267,4210,2,0.33617504475727983,on perennial
5125334,5125335,49905,104.76791381835938,16.500415802001953,390268.059648,0,5272,4214,2,0.24415289218756497,on perennial
5125335,5127135,49905,104.84041595458984,16.46125030517578,390791.069696,0,5277,4223,2,0.37536018523076453,on perennial
5127135,5127136,49905,104.87291717529297,16.40041732788086,390922.24,0,5284,4227,2,0.5029112973907983,on perennial
5127136,5128936,49905,104.89958190917969,16.35124969482422,392520.138752,0,5290,4230,2,0.32151085431320414,on perennial
5128936,5128937,49905,104.97374725341797,16.300416946411133,392714.190848,0,5296,4239,2,0.44656580640103777,on perennial
5128937,5130737,49905,105.0129165649414,16.24708366394043,393115.303936,0,5303,4243,2,0.4444293953434522,on perennial
5130737,5130738,49905,105.03375244140625,16.179582595825195,393293.66016,0,5311,4246,2,0.06182911420589609,on perennial
5130738,5130739,49905,105.0754165649414,16.10041618347168,394231.545856,0,5321,4251,2,0.3157126810779927,on perennial
5130739,5132539,49905,105.12708282470703,16.083749771118164,394327.49056,0,5323,4257,2,0.4109565444242,on perennial
5132539,5134339,49905,105.24791717529297,16.04458236694336,394540.679168,0,5327,4272,2,0.3945489148212907,on perennial
5134339,5136139,49905,105.2995834350586,16.03791618347168,414854.250496,0,5328,4278,2,0.3020670275133342,on perennial
5136139,5137940,49905,105.41791534423828,16.012916564941406,414953.046016,0,5331,4293,1,0.4438825979925754,on intermittent
5137940,5136140,49905,105.36458587646484,15.959583282470703,416423.247872,0,5338,4286,2,0.2661723589985868,on perennial
5136140,5136141,49905,105.37458038330078,15.857915878295898,416877.576192,0,5350,4287,2,0.2938450821751924,on perennial
5136141,5137942,49905,105.39708709716797,15.800416946411133,417536.114688,0,5357,4290,1,0.05458629980414416,on intermittent
5137942,5139742,49905,105.5120849609375,15.763750076293945,417788.329984,0,5361,4304,2,0.430893755525122,on perennial
5139742,5141543,49905,105.60041809082031,15.72208309173584,417996.603392,0,5367,4315,2,0.5127018802814196,on perennial
5141543,5141544,49905,105.62791442871094,15.60041618347168,418271.461376,0,5381,4318,2,0.24755781751366832,on perennial
5141544,5141545,49905,105.59375,15.513750076293945,418370.68288,0,5392,4314,2,0.2286071808385121,on perennial
5141545,5139745,49905,105.59375,15.430416107177734,418837.889024,0,5402,4314,1,0.1489903087023652,on intermittent
5139745,5137946,49905,105.52708435058594,15.392083168029785,419117.563904,0,5407,4306,0,0.8432662177216979,near water
5137946,5139746,49905,105.49958038330078,15.323749542236328,419427.319808,0,5415,4302,2,0.4610461630942863,on perennial
5139746,5141546,49905,105.60208129882812,15.332082748413086,538971.83232,0,5414,4315,2,0.20809610898900185,on perennial
5141546,5141547,49905,105.65625,15.244583129882812,539084.455936,0,5424,4321,2,0.5538996624435774,on perennial
5141547,5143348,49905,105.73041534423828,15.147916793823242,539296.39936,0,5436,4330,2,0.4205437512192593,on perennial
5143348,5145149,49905,105.82875061035156,15.081249237060547,547267.903488,0,5444,4342,2,0.3811754262459435,on perennial
5145149,5145150,49905,105.89125061035156,15.000415802001953,547438.723072,0,5454,4350,2,0.04046683357985238,on perennial
5145150,5145151,49905,105.9004135131836,14.932083129882812,548089.167872,0,5462,4351,2,0.2613299110942691,on perennial
5145151,5146951,49905,105.90125274658203,14.807916641235352,548232.986624,0,5477,4351,2,0.33560619901298555,on perennial
5146951,5146952,49905,105.93374633789062,14.765417098999023,548975.73888,0,5482,4355,2,0.44996077535284906,on perennial
5146952,5145153,49905,105.87458038330078,14.660416603088379,549230.379008,0,5495,4348,2,0.19879448221669646,on perennial
5145153,5145155,49905,105.85874938964844,14.546249389648438,549438.09536,0,5509,4346,2,0.04385935436734873,on perennial
5145155,5145156,49905,105.86624908447266,14.377082824707031,549642.534912,0,5530,4347,2,0.4177678654299494,on perennial
5145156,5145157,49905,105.87124633789062,14.300416946411133,551742.34112,0,5539,4348,2,0.44192680858882744,on perennial
5145157,5145158,49905,105.8429183959961,14.200416564941406,552181.497856,0,5551,4344,2,0.0914647409809295,on perennial
5145158,5145159,49905,105.84625244140625,14.095417022705078,552374.10816,0,5564,4345,0,0.5272972313354152,near water
5145159,5146959,49905,105.91542053222656,14.002082824707031,552486.699008,0,5575,4353,2,0.10308532992330541,on perennial
5146959,5146960,49905,105.97792053222656,13.973750114440918,555588.517888,0,5578,4360,2,0.574628054684892,on perennial
5146960,5146961,49905,105.96708679199219,13.900416374206543,555846.008832,0,5587,4359,2,0.3283613388980007,on perennial
5146961,5146962,49905,105.96708679199219,13.752082824707031,556035.801088,0,5605,4359,2,0.31150694862419903,on perennial
5146962,5148763,49905,106.00791931152344,13.727083206176758,557766.672384,0,5608,4364,2,0.3220726432322969,on perennial
5148763,5146964,49905,105.98958587646484,13.577917098999023,558054.047744,0,5626,4362,2,0.4005698305417888,on perennial
5146964,5146965,49905,105.9262466430664,13.50041675567627,637955.670016,0,5636,4354,2,0.24522064295034676,on perennial
5146965,5146966,49905,105.9312515258789,13.385416030883789,638160.73216,0,5650,4355,2,0.28696614601302967,on perennial
5146966,5146967,49905,105.92874908447266,13.292917251586914,638389.518336,0,5661,4354,2,0.44747321004305984,on perennial
5146967,5148767,49905,105.99958038330078,13.232083320617676,639131.451392,0,5668,4363,2,0.319673088860127,on perennial
5148767,5148768,49905,106.02458190917969,13.180416107177734,639415.74656,0,5675,4366,2,0.3803370024600319,on perennial
5148768,5148769,49905,106.00291442871094,13.10041618347168,640298.647552,0,5684,4363,2,0.5158821338008386,on perennial
5148769,5146969,49905,105.97374725341797,13.011249542236328,640392.88832,0,5695,4360,2,0.105599348316275,on perennial
5146969,5146970,49905,105.9879150390625,12.962916374206543,640732.626944,0,5701,4362,2,0.2954370556890596,on perennial
5146970,5146971,49905,105.93541717529297,12.857083320617676,640844.10368,0,5714,4355,2,0.33471487208150486,on perennial
5146971,5146972,49905,105.94625091552734,12.775416374206543,641269.956608,0,5724,4357,2,0.4411703905051276,on perennial
5146972,5148773,49905,105.99874877929688,12.696249961853027,646331.629568,0,5733,4363,2,0.2644472471061638,on perennial
5148773,5148775,49905,106.01374816894531,12.60041618347168,647953.842176,0,5745,4365,2,0.19724542919881313,on perennial
5148775,5148776,49905,106.02458190917969,12.400416374206543,652976.586752,0,5769,4366,2,0.16988562188440606,on perennial
5148776,5148777,49905,106.02958679199219,12.297916412353516,653116.309504,0,5782,4367,1,0.4656940869740953,on intermittent
5148777,5146977,49905,105.99874877929688,12.264583587646484,653210.353664,0,5786,4363,2,0.35704266910592036,on perennial
5146977,5145177,49905,105.9004135131836,12.262916564941406,653589.348352,0,5786,4351,2,0.18112644257836225,on perennial
5145177,5143377,49905,105.79541778564453,12.260416030883789,653636.665344,0,5786,4338,2,0.32165034601561976,on perennial
5143377,5139777,49905,105.66958618164062,12.28791618347168,653676.576768,0,5783,4323,1,0.21363384928999013,on intermittent
5139777,5137979,49905,105.53291320800781,12.130416870117188,654427.7504,0,5802,4307,2,0.44600533383095714,on perennial
5137979,5137980,49905,105.47125244140625,12.00041675567627,654837.153792,0,5818,4299,2,0.34071055313102105,on perennial
5137980,5136180,49905,105.37208557128906,11.920415878295898,662594.322432,0,5827,4287,2,0.30211088415800824,on perennial
5136180,5134380,49905,105.3004150390625,11.93458366394043,662965.387264,0,5826,4278,2,0.4684341535945261,on perennial
5134380,5132581,49905,105.14541625976562,11.911249160766602,663014.998016,0,5828,4260,2,0.5704138952777117,on perennial
5132581,5128983,49905,105.02958679199219,11.85041618347168,663064.608768,0,5836,4246,2,0.4716921081127908,on perennial
5128983,5128984,49905,104.94791412353516,11.56208324432373,663170.973696,0,5871,4236,2,0.4120277390305242,on perennial
5128984,5132585,49905,105.06541442871094,11.532917022705078,751136.014336,0,5874,4250,2,0.3034738466220553,on perennial
5132585,5134386,49905,105.1995849609375,11.442083358764648,752287.809536,0,5885,4266,2,0.3013610685649362,on perennial
5134386,5134388,49905,105.2754135131836,11.300416946411133,754748.030976,0,5902,4275,2,0.5199213142757444,on perennial
5134388,5132591,49905,105.19541931152344,11.05958366394043,754802.163712,0,5932,4266,2,0.46163011453671926,on perennial
5132591,5134391,49905,105.21375274658203,10.837916374206543,754856.689664,0,5959,4268,2,0.4474278229432445,on perennial
5134391,5136191,49905,105.30874633789062,10.822916030883789,754911.47776,0,5960,4279,2,0.45453230402365724,on perennial
5136191,5136192,49905,105.3379135131836,10.800416946411133,755539.116032,0,5963,4283,2,0.13125414222945853,on perennial
5136192,5136194,49905,105.34541320800781,10.630416870117188,755645.218816,0,5984,4284,2,0.33894701517425835,on perennial
5136194,5137996,49905,105.34208679199219,10.500415802001953,768210.37056,0,5999,4283,2,0.5416813517168987,on perennial
5137996,5139797,49905,105.51625061035156,10.305416107177734,770881.61792,0,6023,4305,2,0.4580465831528571,on perennial
5139797,5141598,49905,105.65875244140625,10.151249885559082,770988.965888,0,6042,4322,2,0.2923557290153652,on perennial
5141598,5143399,49905,105.76541900634766,10.077917098999023,772578.410496,0,6051,4335,2,0.4107160355279969,on perennial
5143399,5145199,49905,105.7995834350586,10.048749923706055,772695.523328,0,6054,4339,2,0.22945604409352288,on perennial
5145199,5145200,49905,105.83041381835938,10.000415802001953,773729.091584,0,6060,4343,2,0.38244255038298347,on perennial
4664555,4664554,46924,79.1995849609375,14.46208381652832,50336.58368,0,5519,1115,2,0.42071701302743303,on perennial
4664554,4666355,46924,79.23542022705078,14.47541618347168,50632.92928,0,5518,1119,2,0.3416910201099467,on perennial
4666355,4668154,46924,79.32958221435547,14.50291633605957,50875.318272,0,5514,1130,1,0.4196285715670517,on intermittent
4668154,4669954,46924,79.39958190917969,14.536250114440918,50962.59584,0,5510,1139,1,0.2742231828604886,on intermittent
4669954,4669953,46924,79.50875091552734,14.568750381469727,51526.692864,0,5506,1152,1,0.29951752050937147,on intermittent
4669953,4671754,46924,79.56124877929688,14.567083358764648,51652.767744,0,5507,1158,1,0.5880727002461806,on intermittent
4671754,4673554,46924,79.5995864868164,14.551250457763672,51925.01248,0,5508,1163,1,0.410241400378466,on intermittent
4626708,4626709,46924,77.05958557128906,19.091249465942383,50887.737344,0,4958,855,1,0.21902445902272435,on intermittent
4673554,4675354,46924,79.71458435058594,14.584583282470703,53422.764032,0,5504,1177,1,0.36671544617194224,on intermittent
4626709,4628509,46924,77.1370849609375,19.071250915527344,51023.581184,0,4961,865,0,0.6589891358073537,near water
4675354,4677155,46924,79.7995834350586,14.541250228881836,53593.448448,0,5510,1187,1,0.4326648464594681,on intermittent
4628509,4628508,46924,77.16374969482422,19.106250762939453,51382.669312,0,4956,868,2,0.3256214225758244,on perennial
4677155,4678955,46924,79.89958190917969,14.477083206176758,54011.510784,0,5517,1199,1,0.5606978138357617,on intermittent
4675302,4675303,46924,79.78624725341797,19.702083587646484,51131.871232,0,4884,1186,1,0.26401307469025903,on intermittent
4628508,4630308,46924,77.1995849609375,19.106250762939453,51547.426816,0,4956,872,2,0.32966501397293757,on perennial
4615937,4617736,46924,76.52041625976562,16.299583435058594,51245.981696,0,5297,790,1,0.458673995004239,on intermittent
4624943,4624942,46924,76.94125366210938,15.757916450500488,57287.51616,0,5362,841,1,0.2017515493774621,on intermittent
4678955,4680755,46924,79.99958038330078,14.47458267211914,54141.960192,0,5518,1212,0,0.5629526242972765,near water
4675303,4677104,46924,79.7995834350586,19.602083206176758,51476.586496,0,4896,1187,1,0.3466798615905705,on intermittent
4630308,4632108,46924,77.2995834350586,19.146249771118164,51699.994624,0,4951,884,1,0.5023633865113004,on intermittent
4617736,4619536,46924,76.64291381835938,16.358749389648438,52215.25504,0,5289,805,1,0.41375852915369143,on intermittent
4624942,4626742,46924,76.99041748046875,15.799583435058594,58611.134464,0,5357,847,1,0.19424879112897686,on intermittent
4680755,4682554,46924,80.10124969482422,14.539583206176758,54190.96064,0,5510,1224,1,0.1640885902614612,on intermittent
4612328,4614127,46924,76.30374908447266,17.171249389648438,50083.528704,0,5191,764,2,0.3798215552237312,on perennial
4632108,4633908,46924,77.39958190917969,19.158750534057617,52965.548032,0,4950,896,1,0.3654946061425155,on intermittent
4619536,4621335,46924,76.70625305175781,16.394582748413086,52353.875968,0,5285,812,1,0.33371471191445,on intermittent
4626742,4626741,46924,77.0254135131836,15.835416793823242,59524.988928,0,5353,851,1,0.20739985762843396,on intermittent
4682554,4682554,46924,80.19125366210938,14.59958267211914,54588.66176,1,5503,1235,2,0.4222083768332383,on perennial
4614127,4614128,46924,76.35208129882812,17.186248779296875,52507.512832,0,5189,769,1,0.39593650066303937,on intermittent
4633908,4632109,46924,77.4004135131836,19.123750686645508,53093.306368,0,4954,897,2,0.4536881169683721,on perennial
4621335,4623135,46924,76.81291961669922,16.422916412353516,53360.820224,0,5282,825,0,0.5897340091012776,near water
4626741,4626740,46924,77.06791687011719,15.89958381652832,61707.726848,0,5345,856,1,0.1916792945129743,on intermittent
4614128,4614129,46924,76.3870849609375,17.10041618347168,52643.147776,0,5199,774,1,0.4928985062749935,on intermittent
4632109,4633909,46924,77.45541381835938,19.04458236694336,53257.682944,0,4964,903,0,0.7452708642893692,near water
4623135,4624935,46924,76.89958190917969,16.487916946411133,54045.802496,0,5274,836,1,0.32705060749103887,on intermittent
4626740,4628540,46924,77.11541748046875,15.938749313354492,62116.036608,0,5340,862,1,0.23740501564888422,on intermittent
4614129,4615929,46924,76.39958190917969,17.07208251953125,52876.730368,0,5203,775,1,0.21037009838316958,on intermittent
4633909,4635710,46924,77.555419921875,18.99791717529297,54100.291584,0,4969,915,2,0.4915038851240475,on perennial
4624935,4624934,46924,76.96875,16.53708267211914,54320.009216,0,5268,844,2,0.30044350866860764,on perennial
4628540,4630340,46924,77.1995849609375,15.957082748413086,63049.216,0,5338,872,1,0.1594320872207909,on intermittent
4615929,4615928,46924,76.44125366210938,17.124584197998047,52937.728,0,5197,780,0,0.5280212715030721,near water
4635710,4637510,46924,77.5995864868164,18.932083129882812,54330.241024,0,4977,921,1,0.4910490399989508,on intermittent
4624934,4626734,46924,76.99958038330078,16.556249618530273,54679.609344,0,5265,848,1,0.37978806313653474,on intermittent
4630340,4632140,46924,77.33541870117188,15.949583053588867,63567.89248,0,5339,889,1,0.3201490902211453,on intermittent
4615928,4617728,46924,76.51625061035156,17.167083740234375,52997.849088,0,5191,789,1,0.4557353622058208,on intermittent
4637510,4639311,46924,77.66625213623047,18.90041732788086,54688.89088,0,4981,929,1,0.33186571576197826,on intermittent
4626734,4626735,46924,77.0754165649414,16.505416870117188,54936.752128,0,5272,857,2,0.4091941805944575,on perennial
4632140,4633940,46924,77.45375061035156,15.942083358764648,64585.105408,0,5340,903,1,0.13502015673497494,on intermittent
4617728,4617729,46924,76.51875305175781,17.088748931884766,54688.878592,0,5201,790,0,0.8491433850508148,near water
4639311,4641111,46924,77.83291625976562,18.85708236694336,55271.170048,0,4987,949,0,0.47975429788147733,near water
4626735,4628535,46924,77.11125183105469,16.487083435058594,55090.429952,0,5274,861,2,0.4549246083666829,on perennial
4633940,4635740,46924,77.53624725341797,15.922082901000977,64739.282944,0,5342,913,1,0.25523591668725326,on intermittent
4617729,4619529,46924,76.60624694824219,17.075416564941406,56585.498624,0,5202,800,1,0.49458155833381795,on intermittent
4641111,4642911,46924,77.93208312988281,18.823749542236328,86391.570432,0,4991,961,0,0.5152446565933934,near water
4628535,4630335,46924,77.26541900634766,16.40541648864746,55562.584064,0,5284,880,1,0.31450854748317425,on intermittent
4635740,4637541,46924,77.5995864868164,15.913749694824219,65043.6608,0,5343,921,1,0.3983393480887545,on intermittent
4619529,4621328,46924,76.70124816894531,17.088748931884766,56789.487616,0,5201,812,2,0.23539690928707324,on perennial
4642911,4644711,46924,78.02791595458984,18.87708282470703,86883.65568,0,4984,973,2,0.37444884713205207,on perennial
4637541,4639341,46924,77.71458435058594,15.894582748413086,65645.907968,0,5346,935,0,0.6391583699317721,near water
4621328,4621329,46924,76.77458190917969,17.10041618347168,57513.664512,0,5199,821,1,0.5081262293080087,on intermittent
4644711,4644710,46924,78.06291961669922,18.94124984741211,86998.114304,0,4976,977,1,0.3296021895228074,on intermittent
4639341,4641141,46924,77.80291748046875,15.87458324432373,66134.85568,0,5348,945,2,0.2738576425589951,on perennial
4621329,4623129,46924,76.8187484741211,17.04458236694336,57614.401536,0,5206,826,1,0.1997637217767398,on intermittent
4644710,4646510,46924,78.0995864868164,18.94791603088379,87760.560128,0,4976,981,1,0.5059688862072643,on intermittent
4641141,4641140,46924,77.87625122070312,15.89958381652832,66542.260224,0,5345,954,1,0.17397013300170175,on intermittent
4623129,4624929,46924,76.90625,17.043750762939453,57893.29408,0,5206,837,1,0.4421758415992121,on intermittent
4646510,4648309,46924,78.18875122070312,19.015417098999023,87888.551936,0,4967,992,1,0.3082179091835376,on intermittent
4641140,4642941,46924,77.92708587646484,15.885416030883789,66649.284608,0,5347,960,0,0.7343848590724891,near water
4624929,4624930,46924,76.93208312988281,17.000415802001953,67563.585536,0,5212,840,2,0.4496212134098884,on perennial
4648309,4648310,46924,78.27207946777344,19.000415802001953,89578.520576,0,4969,1002,2,0.2036231795619276,on perennial
4642941,4644741,46924,78.03624725341797,15.84708309173584,66865.197056,0,5351,974,1,0.4949300773533987,on intermittent
4624930,4626730,46924,76.95124816894531,16.89875030517578,67983.179776,0,5224,842,2,0.11776642236295078,on perennial
4648310,4650110,46924,78.2995834350586,18.952083587646484,89983.148032,0,4975,1006,2,0.42506517129529847,on perennial
4644741,4646541,46924,78.0995864868164,15.817916870117188,70499.762176,0,5355,981,1,0.25244884723887334,on intermittent
4626730,4623131,46924,76.92958068847656,16.880416870117188,68149.338112,0,5226,839,2,0.4084389863739639,on perennial
4650110,4651909,46924,78.37625122070312,18.999584197998047,90799.505408,0,4969,1015,1,0.28397323418684456,on intermittent
4646541,4648340,46924,78.1987533569336,15.91208267211914,70885.187584,0,5343,993,1,0.5164495601853349,on intermittent
4677104,4678905,46924,79.94625091552734,19.470417022705078,99651.29728,0,4912,1205,1,0.18631992028346567,on intermittent
4623131,4624931,46924,76.90625,16.825416564941406,68303.630336,0,5233,837,2,0.38770587101603676,on perennial
4651909,4651910,46924,78.4629135131836,18.96291732788086,90924.417024,0,4974,1025,0,0.6885202954098314,near water
4678905,4678906,46924,79.97541809082031,19.391250610351562,100919.62368,0,4922,1209,1,0.37374606256063875,on intermittent
4624931,4626732,46924,76.99958038330078,16.81458282470703,68809.03168,0,5234,848,2,0.10544950924282613,on perennial
4651910,4653711,46924,78.49958038330078,18.972915649414062,92773.728256,0,4972,1030,1,0.48995201646481795,on intermittent
4678906,4678907,46924,79.96541595458984,19.300416946411133,101328.125952,0,4933,1207,2,0.42165973962280145,on perennial
4626732,4628532,46924,77.1187515258789,16.738750457763672,69108.547584,0,5243,862,1,0.4249145876299536,on intermittent
4653711,4653710,46924,78.54458618164062,18.942916870117188,92885.803008,0,4976,1035,1,0.2091403831746667,on intermittent
4678907,4678908,46924,79.92958068847656,19.200416564941406,106702.856192,0,4945,1203,1,0.11505930736213282,on intermittent
4628532,4628533,46924,77.1370849609375,16.6704158782959,69681.127424,0,5252,865,0,0.6589184872848937,near water
4653710,4653709,46924,78.57875061035156,18.999584197998047,93008.232448,0,4969,1039,1,0.37802190178523576,on intermittent
4678908,4677108,46924,79.89458465576172,19.137916564941406,106825.474048,0,4952,1199,1,0.4605571616842691,on intermittent
4628533,4628534,46924,77.17124938964844,16.55958366394043,69933.924352,0,5265,869,2,0.22660081722337783,on perennial
4653709,4655510,46924,78.62708282470703,18.98208236694336,93092.511744,0,4971,1045,1,0.38302862334487,on intermittent
4677108,4677109,46924,79.85791778564453,19.10041618347168,106952.86784,0,4957,1194,1,0.3467622475309429,on intermittent
4628534,4630335,46924,77.2370834350586,16.472084045410156,70114.87744,0,5276,877,1,0.43247771628693726,on intermittent
4655510,4655509,46924,78.66625213623047,19.014583587646484,93218.955264,0,4967,1050,1,0.3957337182821399,on intermittent
4677109,4678909,46924,79.90291595458984,19.043750762939453,107424.514048,0,4964,1200,1,0.16010271299672224,on intermittent
4630335,4632135,46924,77.2995834350586,16.40541648864746,126073.28256,0,5284,884,1,0.385528442076114,on intermittent
4655509,4657309,46924,78.70124816894531,19.03791618347168,93346.562048,0,4965,1054,1,0.40378173133605366,on intermittent
4678909,4678910,46924,79.95375061035156,18.963748931884766,107663.630336,0,4974,1206,1,0.37539710017716377,on intermittent
4632135,4632136,46924,77.36708068847656,16.38458251953125,126192.918528,0,5286,892,1,0.46669146428317126,on intermittent
4657309,4659109,46924,78.81208038330078,19.042083740234375,93479.092224,0,4964,1068,1,0.33189468856573723,on intermittent
4678910,4678911,46924,79.95791625976562,18.896249771118164,108043.665408,0,4982,1207,1,0.4657318141847053,on intermittent
4632136,4633936,46924,77.40875244140625,16.369583129882812,126748.278784,0,5288,898,1,0.414426593212769,on intermittent
4659109,4660909,46924,78.89958190917969,19.0362491607666,97510.121472,0,4965,1078,0,0.7649357121087222,near water
4633936,4635736,46924,77.52708435058594,16.367916107177734,126864.736256,0,5288,912,1,0.24448258767546682,on intermittent
4660909,4662709,46924,79.0254135131836,19.074583053588867,98052.571136,0,4960,1093,1,0.44805932214190886,on intermittent
4635736,4637536,46924,77.59874725341797,16.34458351135254,128320.069632,0,5291,921,2,0.3917396743249027,on perennial
4662709,4664510,46924,79.09208679199219,19.000415802001953,98426.028032,0,4969,1102,1,0.3955482787298529,on intermittent
4637536,4639336,46924,77.70541381835938,16.33791732788086,129063.591936,0,5292,933,2,0.4462761137301706,on perennial
4664510,4664511,46924,79.1570816040039,18.90041732788086,98742.861824,0,4981,1109,2,0.4607689172918909,on perennial
4639336,4641137,46924,77.79042053222656,16.297082901000977,129397.686272,0,5297,944,1,0.24366520850478435,on intermittent
4664511,4666311,46924,79.20208740234375,18.868749618530273,98864.275456,0,4985,1115,2,0.1278367540430702,on perennial
4641137,4641138,46924,77.89958190917969,16.21291732788086,133969.993728,0,5307,957,1,0.0319580216729006,on intermittent
4666311,4668111,46924,79.2995834350586,18.818750381469727,99985.391616,0,4991,1127,2,0.2855438340563071,on perennial
4641138,4642938,46924,77.93541717529297,16.166250228881836,134148.99712,0,5313,961,1,0.4367763360729301,on intermittent
4668111,4669911,46924,79.39958190917969,18.860416412353516,100544.782336,0,4986,1139,1,0.1728442940681517,on intermittent
4642938,4644738,46924,77.97624969482422,16.09458351135254,134270.148608,0,5321,966,1,0.43932803699712697,on intermittent
4669911,4671712,46924,79.49541473388672,18.800416946411133,101357.494272,0,4993,1150,1,0.5351453704584131,on intermittent
4644738,4644739,46924,78.02874755859375,16.061248779296875,134726.20544,0,5325,973,1,0.4687870776180598,on intermittent
4671712,4673512,46924,79.62291717529297,18.733749389648438,101757.001728,0,5001,1166,1,0.43734709992263915,on intermittent
4644739,4646540,46924,78.0995864868164,16.012083053588867,134921.519104,0,5331,981,1,0.41265096108888716,on intermittent
4673512,4673513,46924,79.65875244140625,18.700416564941406,101927.936,0,5006,1170,2,0.5021672577933293,on perennial
4646540,4648340,46924,78.2387466430664,15.952083587646484,135340.93312,0,5339,998,1,0.3501553014863304,on intermittent
4673513,4675313,46924,79.70124816894531,18.673749923706055,102259.933184,0,5009,1175,1,0.4267234742721285,on intermittent
4648340,4648339,46924,78.25125122070312,15.99958324432373,206364.459008,0,5333,1000,1,0.3251282633747105,on intermittent
4675313,4677112,46924,79.80874633789062,18.70458221435547,102405.701632,0,5005,1188,2,0.3814371546743432,on perennial
4648339,4650139,46924,78.2995834350586,16.00958251953125,207249.98144,0,5332,1006,1,0.5265372459060101,on intermittent
4677112,4677111,46924,79.8495864868164,18.799583435058594,115756.343296,0,4993,1193,1,0.56235028225601,on intermittent
4650139,4651939,46924,78.4054183959961,16.075416564941406,208567.861248,0,5324,1018,2,0.4110370385316866,on perennial
4677111,4678911,46924,79.9004135131836,18.826250076293945,116322.074624,0,4990,1200,1,0.4565205677734997,on intermittent
4651939,4653739,46924,78.49958038330078,16.061248779296875,209390.46912,0,5325,1030,2,0.4343626522833423,on perennial
4678911,4678912,46924,79.93875122070312,18.786251068115234,224677.265408,0,4995,1204,2,0.1968520627376644,on perennial
4653739,4655539,46924,78.60041809082031,16.083749771118164,209525.342208,0,5323,1042,2,0.2926976731012707,on perennial
4678912,4680712,46924,80.0370864868164,18.744583129882812,224828.178432,0,5000,1216,2,0.1757415004530143,on perennial
4655539,4657339,46924,78.6995849609375,16.027915954589844,209793.712128,0,5329,1054,2,0.41244979943175875,on perennial
4680712,4682513,46924,80.09708404541016,18.700416564941406,224979.075072,0,5006,1223,1,0.5623200011934778,on intermittent
4657339,4659139,46924,78.80458068847656,16.041250228881836,209913.888768,0,5328,1067,2,0.28896209787761473,on perennial
4682513,4682512,46924,80.16291809082031,18.699583053588867,225444.446208,0,5006,1231,1,0.4795629478269713,on intermittent
4659139,4659138,46924,78.84208679199219,16.09958267211914,210042.159104,0,5321,1071,2,0.3212817108220725,on perennial
4682512,4684313,46924,80.194580078125,18.694583892822266,225513.8816,0,5006,1235,1,0.26817725380310387,on intermittent
4659138,4660939,46924,78.88874816894531,16.096250534057617,210364.08832,0,5321,1077,2,0.16686185509732948,on perennial
4684313,4684312,46924,80.23124694824219,18.699583053588867,226087.190528,0,5006,1240,0,0.668870343747721,near water
4660939,4660938,46924,78.92292022705078,16.112916946411133,210567.757824,0,5319,1081,1,0.1464134524214244,on intermittent
4684312,4686113,46924,80.29708099365234,18.700416564941406,266729.193472,0,5006,1248,1,0.5520463943034746,on intermittent
4660938,4660937,46924,78.93208312988281,16.199583053588867,210686.148608,0,5309,1082,0,1.0875746524468213,near water
4686113,4687914,46924,80.34625244140625,18.597084045410156,267006.85312,0,5018,1254,2,0.3568996390335367,on perennial
4660937,4662737,46924,79.04291534423828,16.24041748046875,211364.265984,0,5304,1096,1,0.4442304441808075,on intermittent
4687914,4686114,46924,80.382080078125,18.543750762939453,267143.266304,0,5024,1258,1,0.4621788641198299,on intermittent
4662737,4664537,46924,79.12625122070312,16.23041534423828,211505.840128,0,5305,1106,2,0.26823831006567417,on perennial
4686114,4686115,46924,80.37208557128906,18.49708366394043,267407.818752,0,5030,1257,1,0.2808954401466804,on intermittent
4664537,4666337,46924,79.1995849609375,16.220417022705078,211875.577856,0,5306,1115,2,0.36706902284462944,on perennial
4686115,4687915,46924,80.42208099365234,18.46208381652832,267686.428672,0,5034,1263,2,0.41198536349615167,on perennial
4666337,4666336,46924,79.23041534423828,16.34375,211997.81888,0,5291,1118,2,0.33469634340187343,on perennial
4687915,4687916,46924,80.46708679199219,18.360416412353516,268112.347136,0,5047,1268,1,0.3283058097964114,on intermittent
4666336,4666335,46924,79.20874786376953,16.39958381652832,217230.229504,0,5284,1116,2,0.4452268002603781,on perennial
4687916,4689717,46924,80.48625183105469,18.2954158782959,269928.644608,0,5055,1271,1,0.5293614808710934,on intermittent
4666335,4666334,46924,79.2245864868164,16.522916793823242,217347.309568,0,5269,1118,2,0.524346269363401,on perennial
4689717,4691518,46924,80.64791870117188,18.19124984741211,270739.832832,0,5067,1290,1,0.24930334652114364,on intermittent
4666334,4668134,46924,79.2995834350586,16.578750610351562,219653.48864,0,5263,1127,2,0.380632208423821,on perennial
4691518,4693318,46924,80.6995849609375,18.13458251953125,270918.336512,0,5074,1296,1,0.3760887225324978,on intermittent
4668134,4669934,46924,79.40458679199219,16.57958221435547,219780.513792,0,5263,1139,0,0.6636966363999883,near water
4693318,4693319,46924,80.74541473388672,18.083749771118164,271282.33984,0,5080,1302,1,0.2373578537616374,on intermittent
4669934,4669933,46924,79.44041442871094,16.613750457763672,220478.816256,0,5258,1144,2,0.44232875949493367,on perennial
4693319,4693320,46924,80.7995834350586,18.007083892822266,271906.783232,0,5090,1309,1,0.5751946080840203,on intermittent
4669933,4671733,46924,79.49958038330078,16.63541603088379,224476.741632,0,5256,1151,0,0.8647266522712099,near water
4693320,4695119,46924,80.8429183959961,17.988750457763672,272022.880256,0,5092,1314,1,0.2758015566562504,on intermittent
4671733,4673533,46924,79.5995864868164,16.671249389648438,225635.516416,0,5251,1163,1,0.43756215337467086,on intermittent
4695119,4695120,46924,80.87958526611328,17.971250534057617,275585.794048,0,5094,1318,1,0.229056821570882,on intermittent
4673533,4675333,46924,79.7129135131836,16.68958282470703,237242.646528,0,5249,1177,1,0.27531144195603524,on intermittent
4695120,4695121,46924,80.88957977294922,17.891250610351562,276427.440128,0,5104,1319,2,0.542752095278697,on perennial
4675333,4675332,46924,79.74208068847656,16.717082977294922,237854.425088,0,5246,1180,1,0.32446353147422663,on intermittent
4695121,4695122,46924,80.87291717529297,17.800416946411133,276582.367232,0,5115,1317,1,0.5240528781328101,on intermittent
4675332,4677132,46924,79.81541442871094,16.693750381469727,238700.593152,0,5249,1189,1,0.3209929049037966,on intermittent
4695122,4695123,46924,80.89458465576172,17.700416564941406,277104.623616,0,5127,1320,1,0.2594213546364154,on intermittent
4677132,4677133,46924,79.87291717529297,16.700416564941406,238900.10112,0,5248,1196,1,0.20014975235043497,on intermittent
4695123,4696923,46924,80.91625213623047,17.639583587646484,280557.125632,0,5134,1323,1,0.2915349694990723,on intermittent
4677133,4678933,46924,79.92791748046875,16.631250381469727,239244.82048,0,5256,1203,2,0.3091613131850898,on perennial
4696923,4698723,46924,80.99958038330078,17.652084350585938,281218.220032,0,5133,1333,1,0.4290987156049901,on intermittent
4678933,4680732,46924,80.02207946777344,16.71125030517578,239801.237504,0,5247,1214,1,0.4348553894056142,on intermittent
4698723,4700523,46924,81.09791564941406,17.618749618530273,281487.835136,0,5137,1345,0,0.7052200895689268,near water
4680732,4680731,46924,80.07125091552734,16.799583435058594,239928.36096,0,5236,1220,1,0.23962147830000244,on intermittent
4700523,4700524,46924,81.14291381835938,17.589584350585938,281826.066432,0,5140,1350,1,0.19813721275579604,on intermittent
4680731,4682531,46924,80.10124969482422,16.82291603088379,240085.352448,0,5233,1224,2,0.12204234215830226,on perennial
4700524,4702324,46924,81.1995849609375,17.56708335876465,282200.080384,0,5143,1357,1,0.10886443926905724,on intermittent
4682531,4682532,46924,80.1312484741211,16.791250228881836,243174.27712,0,5237,1228,2,0.4184880429436554,on perennial
4702324,4704125,46924,81.29374694824219,17.500415802001953,304195.469312,0,5151,1368,2,0.38546078232444636,on perennial
4682532,4682533,46924,80.14125061035156,16.651248931884766,243362.332672,0,5254,1229,1,0.2462977286739748,on intermittent
4704125,4705925,46924,81.36042022705078,17.499584197998047,304323.330048,0,5151,1377,1,0.42368779366315135,on intermittent
4682533,4684334,46924,80.1995849609375,16.611249923706055,243508.690944,0,5259,1236,1,0.2876755641244157,on intermittent
4705925,4707725,46924,81.49791717529297,17.48208236694336,304616.2432,0,5153,1393,2,0.2370144373356827,on perennial
4684334,4686134,46924,80.26958465576172,16.59958267211914,244246.790144,0,5260,1244,1,0.298910582248938,on intermittent
4707725,4709526,46924,81.61541748046875,17.402915954589844,305576.214528,0,5163,1407,2,0.4253734235242975,on perennial
4686134,4687934,46924,80.42208099365234,16.581249237060547,244434.61632,0,5262,1263,2,0.3966828575921004,on perennial
4709526,4709527,46924,81.65791320800781,17.300416946411133,305770.16832,0,5175,1413,1,0.41369251558322095,on intermittent
4687934,4689734,46924,80.49958038330078,16.56624984741211,255367.200768,0,5264,1272,2,0.23815093429712086,on perennial
4709527,4711329,46924,81.64624786376953,17.200416564941406,306452.72576,0,5187,1411,2,0.33461283121780533,on perennial
4689734,4691535,46924,80.60292053222656,16.507083892822266,255737.348096,0,5271,1285,1,0.4275778995012562,on intermittent
4711329,4711330,46924,81.7629165649414,17.000415802001953,307672.547328,0,5212,1425,2,0.47755337011021887,on perennial
4691535,4693336,46924,80.71624755859375,16.39958381652832,256249.004032,0,5284,1298,1,0.5322116472102373,on intermittent
4711330,4713131,46924,81.76708221435547,16.90041732788086,307764.4288,0,5224,1426,1,0.32689261993674557,on intermittent
4693336,4695137,46924,80.76708221435547,16.300416946411133,256333.463552,0,5296,1305,1,0.5209136818870604,on intermittent
4713131,4714932,46924,81.9120864868164,16.737916946411133,307838.255104,0,5243,1443,1,0.4941576758289117,on intermittent
4695137,4695138,46924,80.8379135131836,16.178749084472656,256411.271168,0,5311,1313,1,0.2245034344700119,on intermittent
4714932,4716733,46924,81.99958038330078,16.715415954589844,307913.752576,0,5246,1454,1,0.10674693326921457,on intermittent
4695138,4695139,46924,80.89624786376953,16.034584045410156,256491.241472,0,5329,1320,1,0.3996644130145174,on intermittent
4716733,4718532,46924,82.10541534423828,16.714584350585938,307959.595008,0,5246,1467,2,0.2526054423829476,on perennial
4695139,4695141,46924,80.8879165649414,16.000415802001953,256575.97952,0,5333,1319,2,0.29541732713106605,on perennial
4718532,4718532,46924,82.20124816894531,16.722084045410156,308100.988928,1,5245,1478,2,0.4782274157855731,on perennial
4695141,4695141,46924,80.89208221435547,15.870416641235352,256630.571008,1,5349,1320,2,0.47486322994564356,on perennial
4709237,4709237,47073,81.60292053222656,46.24625015258789,66506.739712,1,1667,1406,2,0.351698955790047,on perennial
4651634,4651635,47073,78.43458557128906,46.4779167175293,50630.26688,0,1639,1022,2,0.429067613404495,on perennial
4651635,4649835,47073,78.4004135131836,46.44541549682617,50749.898752,0,1642,1018,2,0.47175431912456084,on perennial
4649835,4648035,47073,78.29125213623047,46.40458297729492,61277.806592,0,1647,1005,2,0.5050248765592135,on perennial
4648035,4646235,47073,78.19125366210938,46.408748626708984,61386.05568,0,1647,992,2,0.249697962404861,on perennial
4646235,4644435,47073,78.07708740234375,46.45375061035156,66415.280128,0,1641,979,2,0.5194074468021106,on perennial
4644435,4644434,47073,78.00041961669922,46.487083435058594,71522.942976,0,1637,969,2,0.4237733199714051,on perennial
4644434,4642634,47073,77.92958068847656,46.51625061035156,71634.673664,0,1634,961,2,0.23494301567037698,on perennial
4703861,4702060,47073,81.3004150390625,43.88291549682617,50572.271616,0,1953,1369,2,0.18153662394496867,on perennial
4642634,4640834,47073,77.87208557128906,46.532081604003906,72462.598144,0,1632,954,2,0.1956114181004896,on perennial
4702060,4700260,47073,81.17208099365234,43.92208480834961,50781.372416,0,1948,1354,2,0.3711771996277384,on perennial
4640834,4639034,47073,77.77791595458984,46.534584045410156,73969.836032,0,1632,942,2,0.3485000328843807,on perennial
4700260,4698460,47073,81.0504150390625,43.90625,52348.301312,0,1950,1339,2,0.23914545726557304,on perennial
4639034,4639035,47073,77.7004165649414,46.52541732788086,74636.787712,0,1633,933,2,0.21235953855384923,on perennial
4698460,4696660,47073,81.00041961669922,43.91041564941406,52500.3776,0,1950,1333,1,0.23946986699148695,on intermittent
4639035,4637234,47073,77.65875244140625,46.5220832824707,75546.673152,0,1633,928,2,0.2010388223004067,on perennial
4696660,4694860,47073,80.90125274658203,43.94708251953125,52639.481856,0,1945,1321,0,0.6368177188476523,near water
4637234,4635434,47073,77.60124969482422,46.527915954589844,75693.080576,0,1632,921,2,0.4485643138218247,on perennial
4694860,4693060,47073,80.8004150390625,43.92375183105469,54587.342848,0,1948,1309,2,0.2679465181394108,on perennial
4635434,4633634,47073,77.48124694824219,46.561248779296875,76464.930816,0,1628,906,2,0.4502965903229904,on perennial
4693060,4693061,47073,80.73625183105469,43.88874816894531,57280.688128,0,1952,1301,2,0.35914897420576747,on perennial
4633634,4631834,47073,77.35874938964844,46.56708526611328,78802.362368,0,1628,891,2,0.38488049555435744,on perennial
4693061,4691260,47073,80.70124816894531,43.881248474121094,58312.777728,0,1953,1297,2,0.3641883575824198,on perennial
4631834,4630034,47073,77.3004150390625,46.51874923706055,79706.324992,0,1634,884,2,0.45182959963961555,on perennial
4691260,4691261,47073,80.63375091552734,43.847084045410156,59740.217344,0,1957,1288,2,0.48946130968502183,on perennial
4630034,4628234,47073,77.2004165649414,46.507083892822266,97646.42816,0,1635,872,2,0.17543678061542284,on perennial
4691261,4689461,47073,80.58125305175781,43.83374786376953,60450.451456,0,1959,1282,2,0.06554680830543633,on perennial
4628234,4626435,47073,77.07958221435547,46.498748779296875,97720.958976,0,1636,858,2,0.23332740267243665,on perennial
4689461,4687661,47073,80.50041961669922,43.80791473388672,62595.432448,0,1962,1272,0,0.7771171690654697,near water
4626435,4626434,47073,77.03791809082031,46.52291488647461,98890.46528,0,1633,853,2,0.2760195178543689,on perennial
4687661,4687662,47073,80.44541931152344,43.79541778564453,63269.023744,0,1964,1266,2,0.38229433596755846,on perennial
4626434,4624634,47073,77.00041961669922,46.52458190917969,100136.443904,0,1633,848,2,0.10876486732953553,on perennial
4687662,4685862,47073,80.3879165649414,43.780418395996094,63457.026048,0,1966,1259,0,0.61857056641157,near water
4624634,4622834,47073,76.86708068847656,46.506248474121094,100231.241728,0,1635,832,2,0.1260446802337168,on perennial
4685862,4684062,47073,80.3004150390625,43.76791763305664,63921.741824,0,1967,1248,2,0.03277344280522049,on perennial
4622834,4621034,47073,76.7370834350586,46.5595817565918,100662.042624,0,1629,816,2,0.33684475910170064,on perennial
4684062,4682262,47073,80.2004165649414,43.76124954223633,64490.274816,0,1968,1236,2,0.16308796701776637,on perennial
4621034,4619234,47073,76.7004165649414,46.58541488647461,100808.261632,0,1626,812,2,0.49461032781785724,on perennial
4682262,4680461,47073,80.09625244140625,43.78874969482422,64990.605312,0,1965,1223,2,0.4967680337805059,on perennial
4619234,4619233,47073,76.64375305175781,46.60124969482422,100861.607936,0,1624,805,2,0.3951810889672001,on perennial
4680461,4678661,47073,80.00291442871094,43.8004150390625,65633.4848,0,1963,1212,0,0.6500172410263982,near water
4619233,4617434,47073,76.58374786376953,46.58541488647461,101198.798848,0,1626,798,2,0.5381378425954657,on perennial
4678661,4675061,47073,79.87708282470703,43.82374954223633,65734.602752,0,1960,1197,2,0.2994502276728696,on perennial
4617434,4615634,47073,76.50041961669922,46.57374954223633,102774.956032,0,1627,787,2,0.2797024545015632,on perennial
4675061,4675060,47073,79.72792053222656,43.89875030517578,65835.675648,0,1951,1179,2,0.28178361818029934,on perennial
4615634,4613834,47073,76.4004135131836,46.58374786376953,111601.999872,0,1626,775,2,0.32749937750989644,on perennial
4675060,4673260,47073,79.7004165649414,43.931251525878906,72366.73536,0,1947,1175,2,0.29123855671050924,on perennial
4613834,4613833,47073,76.31458282470703,46.623748779296875,111684.141056,0,1621,765,2,0.1388328371990734,on perennial
4673260,4671460,47073,79.58374786376953,43.977081298828125,72503.599104,0,1942,1161,2,0.3203521816539346,on perennial
4613833,4612033,47073,76.27708435058594,46.659584045410156,111765.921792,0,1617,760,2,0.49478302588938955,on perennial
4671460,4669660,47073,79.50041961669922,43.95291519165039,75287.953408,0,1945,1151,2,0.3684417161293573,on perennial
4612033,4610233,47073,76.17958068847656,46.680416107177734,112087.482368,0,1614,749,2,0.28949391395480184,on perennial
4669660,4667860,47073,79.4004135131836,43.92625045776367,84989.952,0,1948,1139,2,0.15734641662286702,on perennial
4610233,4608432,47073,76.10041809082031,46.67124938964844,112776.06912,0,1615,739,2,0.10341673872919602,on perennial
4667860,4667861,47073,79.3004150390625,43.902915954589844,85322.87488,0,1951,1127,2,0.3316527343690162,on perennial
4608432,4608433,47073,76.06458282470703,46.661251068115234,112916.709376,0,1616,735,2,0.38502897922341484,on perennial
4667861,4666061,47073,79.25125122070312,43.8629150390625,85415.723008,0,1956,1121,2,0.4581784672101535,on perennial
4608433,4606633,47073,76.00041961669922,46.67791748046875,125453.836288,0,1614,727,2,0.2949591244026716,on perennial
4666061,4662461,47073,79.2004165649414,43.8537483215332,85508.538368,0,1957,1115,2,0.39934571327032753,on perennial
4606633,4604833,47073,75.87374877929688,46.696250915527344,125559.898112,0,1612,711,2,0.3034725896625967,on perennial
4662461,4660661,47073,78.944580078125,43.84791564941406,85624.184832,0,1957,1084,2,0.36388045948840847,on perennial
4604833,4604832,47073,75.83708190917969,46.6995849609375,135286.104064,0,1612,707,2,0.3017471824707132,on perennial
4660661,4658860,47073,78.9004135131836,43.848751068115234,86576.070656,0,1957,1078,2,0.3056468264690046,on perennial
4604832,4603032,47073,75.76625061035156,46.729583740234375,135385.923584,0,1608,698,2,0.2782268094690476,on perennial
4658860,4658861,47073,78.83708190917969,43.84208297729492,87695.671296,0,1958,1071,2,0.22634560558669067,on perennial
4603032,4601232,47073,75.64458465576172,46.7279167175293,146405.53984,0,1608,684,2,0.29138486769170974,on perennial
4658861,4657061,47073,78.8004150390625,43.83958435058594,87968.260096,0,1958,1066,2,0.34190713547601487,on perennial
4601232,4599432,47073,75.60041809082031,46.715415954589844,146530.22208,0,1610,678,2,0.3112048581528961,on perennial
4657061,4655261,47073,78.64875030517578,43.83041763305664,88405.89312,0,1959,1048,2,0.42673373325216063,on perennial
4599432,4599433,47073,75.53874969482422,46.700416564941406,168421.490688,0,1612,671,2,0.40304677820747753,on perennial
4655261,4653461,47073,78.54875183105469,43.84375,91832.942592,0,1958,1036,2,0.24413035058805524,on perennial
4599433,4597633,47073,75.49458312988281,46.6995849609375,168468.758528,0,1612,666,2,0.43106294835993775,on perennial
4653461,4651661,47073,78.50041961669922,43.83958435058594,92386.770944,0,1958,1030,2,0.32501661704063184,on perennial
4597633,4595833,47073,75.4004135131836,46.67041778564453,168908.832768,0,1615,654,2,0.19913954299179398,on perennial
4651661,4649860,47073,78.4004135131836,43.86958312988281,92457.140224,0,1955,1018,2,0.3257903859502788,on perennial
4595833,4594033,47073,75.3004150390625,46.62708282470703,169250.291712,0,1620,642,2,0.42197591783647237,on perennial
4649860,4649861,47073,78.34625244140625,43.87791442871094,92643.459072,0,1954,1011,1,0.30318885534798123,on intermittent
4594033,4592234,47073,75.2004165649414,46.60791778564453,169908.125696,0,1623,630,2,0.2196855971240576,on perennial
4649861,4648061,47073,78.242919921875,43.87041473388672,93437.034496,0,1955,999,1,0.4358075393629043,on intermittent
4592234,4592233,47073,75.14958190917969,46.61958312988281,172246.499328,0,1621,624,2,0.3900355606529877,on perennial
4648061,4646261,47073,78.2004165649414,43.85791778564453,93653.958656,0,1956,993,0,0.8732771344806032,near water
4592233,4590433,47073,75.10041809082031,46.6220817565918,175760.130048,0,1621,618,2,0.17903797592535792,on perennial
4646261,4644461,47073,78.0687484741211,43.8245849609375,98910.756864,0,1960,978,2,0.34247286540276767,on perennial
4590433,4588633,47073,75.00041961669922,46.616249084472656,176483.9424,0,1622,606,2,0.3215042571947763,on perennial
4644461,4642661,47073,78.00041961669922,43.8095817565918,99757.948928,0,1962,969,2,0.16567006235724813,on perennial
4588633,4588634,47073,74.91958618164062,46.598751068115234,178092.326912,0,1624,596,2,0.15268401816542504,on perennial
4642661,4642662,47073,77.9312515258789,43.78874969482422,99945.160704,0,1965,961,2,0.4674285284168624,on perennial
4588634,4586834,47073,74.87041473388672,46.590415954589844,180126.416896,0,1625,590,2,0.1276253038567727,on perennial
4642662,4640862,47073,77.88541412353516,43.78125,100477.427712,0,1965,955,2,0.42706882907520916,on perennial
4586834,4585033,47073,74.79125213623047,46.57791519165039,180292.07552,0,1626,580,2,0.4176547760276434,on perennial
4640862,4639062,47073,77.77958679199219,43.7904167175293,101307.14624,0,1964,942,2,0.4193392337442925,on perennial
4585033,4585034,47073,74.74124908447266,46.54458236694336,195565.338624,0,1630,574,2,0.4396318251246082,on perennial
4639062,4637262,47073,77.7004165649414,43.79624938964844,101950.652416,0,1964,933,2,0.3830202453537217,on perennial
4585034,4583234,47073,74.7004165649414,46.506248474121094,195696.787456,0,1635,569,2,0.18415254081903978,on perennial
4637262,4637261,47073,77.61458587646484,43.81458282470703,103059.21024,0,1961,922,2,0.46414030557491115,on perennial
4583234,4583235,47073,74.65291595458984,46.45291519165039,196107.567104,0,1642,563,2,0.5008003965671107,on perennial
4637261,4635461,47073,77.5562515258789,43.821250915527344,103376.379904,0,1961,915,2,0.4857401910372894,on perennial
4583235,4581435,47073,74.60041809082031,46.41041564941406,196215.914496,0,1647,557,2,0.2669687801994143,on perennial
4635461,4633661,47073,77.49874877929688,43.82374954223633,104611.51232,0,1960,908,2,0.3746585828485659,on perennial
4581435,4581436,47073,74.56041717529297,46.35041809082031,196401.594368,0,1654,552,2,0.17599424094095958,on perennial
4633661,4631861,47073,77.4004135131836,43.84375,106717.077504,0,1958,897,2,0.35257984315728236,on perennial
4581436,4579637,47073,74.49541473388672,46.292083740234375,197043.208192,0,1661,544,2,0.25982824467217897,on perennial
4631861,4630061,47073,77.2754135131836,43.84791564941406,108065.75104,0,1957,881,2,0.38746721328584727,on perennial
4579637,4577837,47073,74.4004135131836,46.270416259765625,205031.538688,0,1664,533,2,0.2920804779136605,on perennial
4630061,4628261,47073,77.2004165649414,43.84208297729492,108410.298368,0,1958,872,2,0.18662878675839234,on perennial
4628261,4626460,47073,77.12291717529297,43.901248931884766,113521.09056,0,1951,863,2,0.14665678446555983,on perennial
4626460,4624659,47073,77.02207946777344,43.99958419799805,113682.415616,0,1939,851,2,0.22936450418813298,on perennial
4624659,4624658,47073,76.99708557128906,44.1129150390625,113830.78912,0,1925,848,2,0.3082711688291077,on perennial
4624658,4622857,47073,76.90291595458984,44.21875,114011.50464,0,1912,836,2,0.37565225133358654,on perennial
4622857,4621057,47073,76.77041625976562,44.24958419799805,115599.720448,0,1909,820,2,0.34474791323259185,on perennial
4621057,4619256,47073,76.67208099365234,44.33625030517578,128681.926656,0,1898,808,2,0.19959979156063518,on perennial
4619256,4621056,47073,76.69208526611328,44.39958190917969,128825.253888,0,1890,811,2,0.4764568169772599,on perennial
4621056,4621055,47073,76.70458221435547,44.45458221435547,128986.27584,0,1884,812,2,0.22229457228357125,on perennial
4621055,4619254,47073,76.63291931152344,44.532081604003906,129065.852928,0,1874,803,2,0.48669652961170845,on perennial
4619254,4617453,47073,76.61708068847656,44.59958267211914,130065.6128,0,1866,802,2,0.3441861142212436,on perennial
4617453,4615653,47073,76.50041961669922,44.655418395996094,130269.92128,0,1859,787,2,0.49847430674911025,on perennial
4615653,4613852,47073,76.4004135131836,44.69208526611328,130333.65504,0,1855,775,0,0.9433634691483451,near water
4613852,4612051,47073,76.3004150390625,44.78541564941406,130442.313728,0,1844,763,2,0.3075442582171169,on perennial
4612051,4610251,47073,76.2004165649414,44.81458282470703,130493.595648,0,1840,751,2,0.14989942726717004,on perennial
4610251,4608451,47073,76.10208129882812,44.81624984741211,130531.360768,0,1840,739,2,0.1038802802543071,on perennial
4608451,4606651,47073,76.00041961669922,44.860416412353516,130734.03904,0,1835,727,2,0.3835454494923977,on perennial
4606651,4604850,47073,75.84375,44.92041778564453,130847.793152,0,1827,708,2,0.31990388653124335,on perennial
4604850,4603050,47073,75.8004150390625,44.9587516784668,130919.604224,0,1823,703,2,0.3992816593294659,on perennial
4603050,4603049,47073,75.72208404541016,44.99958419799805,130981.43744,0,1818,693,2,0.251898995209796,on perennial
4603049,4599449,47073,75.62958526611328,45.00791549682617,133418.893312,0,1817,682,2,0.2674876467653987,on perennial
4599449,4597649,47073,75.50041961669922,45.03541564941406,133535.465472,0,1813,666,2,0.38371446635069745,on perennial
4597649,4595848,47073,75.41542053222656,45.09958267211914,133605.13024,0,1806,656,2,0.36093808612652056,on perennial
4595848,4594047,47073,75.3004150390625,45.18375015258789,133641.510912,0,1795,642,2,0.37562702362765843,on perennial
4594047,4592247,47073,75.17791748046875,45.25208282470703,133676.081152,0,1787,627,2,0.14173429630899737,on perennial
4592247,4590447,47073,75.07958221435547,45.30208206176758,133710.282752,0,1781,615,2,0.14653690013152365,on perennial
4590447,4590446,47073,75.05291748046875,45.286251068115234,133756.575744,0,1783,612,2,0.02144948429110791,on perennial
4590446,4588646,47073,74.99958038330078,45.30708312988281,133887.71328,0,1780,606,1,0.5270872472699109,on intermittent
4588646,4586846,47073,74.9004135131836,45.376251220703125,134001.639424,0,1772,593,1,0.32297734385003296,on intermittent
4586846,4585045,47073,74.83458709716797,45.40041732788086,134094.553088,0,1769,586,1,0.34266648400207667,on intermittent
4585045,4583245,47073,74.66791534423828,45.473751068115234,134358.327296,0,1760,565,1,0.3082387852690335,on intermittent
4583245,4581444,47073,74.60541534423828,45.49958419799805,134457.663488,0,1757,558,0,0.819919989097456,near water
4581444,4579644,47073,74.50041961669922,45.54708480834961,134789.472256,0,1751,545,1,0.3380722074890331,on intermittent
4579644,4577843,47073,74.4004135131836,45.59958267211914,134855.524352,0,1745,533,1,0.07495128339619414,on intermittent
4577843,4574243,47073,74.35375213623047,45.6995849609375,135475.347456,0,1733,527,1,0.18068277206229272,on intermittent
4574243,4572443,47073,74.03791809082031,45.69541549682617,135506.65728,0,1733,489,2,0.3586408378341804,on perennial
4572443,4570643,47073,74.00125122070312,45.69541549682617,136316.051456,0,1733,485,2,0.47951814681820676,on perennial
4570643,4568842,47073,73.90458679199219,45.70458221435547,136479.522816,0,1732,473,2,0.2903091898593214,on perennial
4568842,4570642,47073,73.90125274658203,45.73625183105469,172144.541696,0,1728,472,2,0.47035319183644403,on perennial
4570642,4570641,47073,73.930419921875,45.806251525878906,176393.699328,0,1720,476,2,0.06884639745412814,on perennial
4570641,4572440,47073,73.97374725341797,45.89958190917969,181894.365184,0,1709,481,2,0.34551694072291,on perennial
4572440,4570640,47073,73.98208618164062,45.95124816894531,182002.72896,0,1702,482,2,0.365578235322362,on perennial
4570640,4572439,47073,74.0320816040039,46.02291488647461,193987.674112,0,1694,488,2,0.32029056634760256,on perennial
4572439,4574239,47073,74.0995864868164,46.06458282470703,194160.31232,0,1689,496,2,0.4236722773267487,on perennial
4574239,4574238,47073,74.15208435058594,46.10625076293945,194288.386048,0,1684,503,2,0.39994984759568863,on perennial
4574238,4576038,47073,74.20458221435547,46.13624954223633,194422.86592,0,1680,509,2,0.10191658507223038,on perennial
4576038,4577837,47073,74.26374816894531,46.1845817565918,194804.596736,0,1674,516,2,0.22036474062108702,on perennial
4577837,4577837,47073,74.3004150390625,46.200416564941406,402922.242048,1,1672,521,2,0.22147782252219367,on perennial
4948851,4947052,48358,94.9262466430664,24.800416946411133,54729.428992,0,4266,3021,1,0.15595227483759422,on intermittent
4947052,4945252,48358,94.77458190917969,24.737916946411133,55359.029248,0,4274,3002,2,0.4894740917952754,on perennial
4945252,4943454,48358,94.6995849609375,24.630416870117188,57008.45568,0,4287,2993,1,0.41257691032163973,on intermittent
4943454,4945254,48358,94.6995849609375,24.546249389648438,57257.017344,0,4297,2993,1,0.33201582163003224,on intermittent
4990247,4990248,48358,97.25125122070312,25.192916870117188,50308.23936,0,4219,3303,2,0.4974697121677119,on perennial
4945254,4945255,48358,94.71875,24.443750381469727,57371.4432,0,4309,2996,2,0.39996400162484613,on perennial
4990248,4992049,48358,97.2995834350586,25.10708236694336,50415.157248,0,4229,3309,2,0.3851419868353744,on perennial
4945255,4945256,48358,94.77458190917969,24.382083892822266,57857.200128,0,4317,3002,2,0.43233813146392414,on perennial
4992049,4990249,48358,97.22958374023438,25.014583587646484,52965.588992,0,4240,3300,2,0.15085526592004636,on perennial
4945256,4947056,48358,94.82291412353516,24.335416793823242,58593.316864,0,4322,3008,2,0.5230358481913886,on perennial
4990249,4988450,48358,97.194580078125,24.979583740234375,53108.9408,0,4244,3296,2,0.3977222629295342,on perennial
4947056,4947057,48358,94.83541870117188,24.300416946411133,59401.498624,0,4327,3010,1,0.28265795783167874,on intermittent
4988450,4988451,48358,97.10041809082031,24.904582977294922,63141.31456,0,4253,3284,1,0.5588482893991664,on intermittent
4947057,4945257,48358,94.78125,24.265417098999023,59479.392256,0,4331,3003,1,0.2429378062820951,on intermittent
4988451,4986651,48358,97.09874725341797,24.855417251586914,63272.071168,0,4259,3284,1,0.443584435677019,on intermittent
4945257,4943457,48358,94.68374633789062,24.209583282470703,60060.32384,0,4338,2991,2,0.46308042058196,on perennial
4986651,4984851,48358,97.05208587646484,24.800416946411133,63903.15008,0,4266,3279,1,0.3970318576358031,on intermittent
4943457,4943458,48358,94.69125366210938,24.16291618347168,60182.781952,0,4343,2992,1,0.4775531177304451,on intermittent
4984851,4986652,48358,97.05958557128906,24.743749618530273,63976.07936,0,4273,3279,2,0.3749725527260668,on perennial
4943458,4943459,48358,94.60041809082031,24.182083129882812,62124.425216,0,4341,2981,2,0.3145085171321723,on perennial
4986652,4986653,48358,97.0745849609375,24.700416564941406,64300.765184,0,4278,3281,2,0.31187213451522416,on perennial
4943459,4941659,48358,94.58875274658203,24.050416946411133,62231.171072,0,4357,2980,2,0.04431696778139122,on perennial
4986653,4988453,48358,97.10124969482422,24.65541648864746,64399.613952,0,4284,3284,2,0.5036031811667806,on perennial
4941659,4941660,48358,94.5562515258789,23.999584197998047,62476.71808,0,4363,2976,2,0.1718110128624699,on perennial
4988453,4988454,48358,97.11958312988281,24.56624984741211,64501.551104,0,4295,3287,2,0.5139003723515668,on perennial
4941660,4943460,48358,94.62124633789062,23.959583282470703,62595.997696,0,4368,2984,2,0.09499378497408338,on perennial
4988454,4988455,48358,97.1362533569336,24.477083206176758,64606.265344,0,4305,3289,0,0.6815589518551123,near water
4943460,4943461,48358,94.59541320800781,23.902915954589844,62683.693056,0,4375,2981,2,0.21796501835635967,on perennial
4988455,4988456,48358,97.11958312988281,24.39208221435547,64707.899392,0,4316,3287,2,0.4255032506352172,on perennial
4943461,4941661,48358,94.5512466430664,23.891250610351562,62826.528768,0,4376,2975,2,0.4501760612532934,on perennial
4988456,4988457,48358,97.1812515258789,24.300416946411133,66465.939456,0,4327,3294,2,0.3035160441499014,on perennial
4941661,4939862,48358,94.47958374023438,23.778749465942383,69275.189248,0,4390,2967,1,0.23683797266566792,on intermittent
4988457,4990257,48358,97.20625305175781,24.238750457763672,66582.8352,0,4334,3297,1,0.26247019259174265,on intermittent
4939862,4939863,48358,94.41625213623047,23.694583892822266,69712.740352,0,4400,2959,2,0.14861167151493684,on perennial
4990257,4988458,48358,97.19708251953125,24.209583282470703,74334.420992,0,4338,3296,1,0.26405472283596365,on intermittent
4939863,4939864,48358,94.42041778564453,23.60041618347168,70044.123136,0,4412,2960,1,0.5456593964985225,on intermittent
4988458,4986658,48358,97.09208679199219,24.139583587646484,74930.601984,0,4346,3283,2,0.3819574390204796,on perennial
4939864,4938065,48358,94.4004135131836,23.508750915527344,72222.490624,0,4423,2957,2,0.310597849357935,on perennial
4986658,4984858,48358,97.00041961669922,24.15041732788086,77513.940992,0,4345,3272,2,0.24893104885835643,on perennial
4938065,4936266,48358,94.33875274658203,23.37041664123535,72550.64576,0,4439,2950,1,0.5059492928635453,on intermittent
4984858,4983058,48358,96.89458465576172,24.14875030517578,77617.627136,0,4345,3259,2,0.3887585574749946,on perennial
4936266,4938066,48358,94.35292053222656,23.317916870117188,72931.81952,0,4446,2951,2,0.35511884724575465,on perennial
4983058,4983057,48358,96.81791687011719,24.199583053588867,77951.361024,0,4339,3250,2,0.1405777624821506,on perennial
4938066,4938067,48358,94.3687515258789,23.300416946411133,73222.275072,0,4448,2953,2,0.2500758655058396,on perennial
4983057,4981257,48358,96.79042053222656,24.263750076293945,79188.361216,0,4331,3247,1,0.21239810860391972,on intermittent
4938067,4938068,48358,94.33541870117188,23.200416564941406,97827.561472,0,4460,2949,2,0.21500246126280767,on perennial
4981257,4981256,48358,96.74208068847656,24.299583435058594,79320.178688,0,4327,3241,2,0.16489090412109916,on perennial
4938068,4938069,48358,94.37458038330078,23.08791732788086,98480.144384,0,4474,2954,2,0.28273118967307465,on perennial
4981256,4979456,48358,96.68541717529297,24.332082748413086,79508.815872,0,4323,3234,2,0.13335500757044147,on perennial
4938069,4939869,48358,94.41458129882812,23.062084197998047,98598.920192,0,4477,2959,2,0.20939281097444437,on perennial
4979456,4977656,48358,96.60041809082031,24.36541748046875,82463.760384,0,4319,3224,1,0.22482812326534693,on intermittent
4939869,4938070,48358,94.42041778564453,22.99541664123535,98732.261376,0,4485,2960,1,0.38954433478596046,on intermittent
4977656,4975856,48358,96.492919921875,24.30291748046875,82540.535808,0,4326,3211,2,0.4325081306473094,on perennial
4938070,4939870,48358,94.40791320800781,22.929582595825195,100110.598144,0,4493,2958,2,0.11049490648995822,on perennial
4975856,4975857,48358,96.42708587646484,24.26708221435547,83033.260032,0,4331,3203,1,0.28329675593427117,on intermittent
4939870,4941671,48358,94.4937515258789,22.887083053588867,100268.752896,0,4498,2968,1,0.3729203244702115,on intermittent
4975857,4974058,48358,96.34124755859375,24.15625,84126.1056,0,4344,3192,2,0.3647136828650962,on perennial
4941671,4943471,48358,94.5995864868164,22.891250610351562,102071.0912,0,4498,2981,2,0.4868662339880174,on perennial
4974058,4972259,48358,96.3004150390625,24.10124969482422,84365.76256,0,4351,3187,1,0.38046296465169377,on intermittent
4943471,4943470,48358,94.6504135131836,22.89958381652832,102450.855936,0,4497,2987,2,0.5702233964066878,on perennial
4972259,4972260,48358,96.2804183959961,23.998748779296875,84484.530176,0,4363,3185,2,0.26426082216227037,on perennial
4943470,4945270,48358,94.73291778564453,22.96958351135254,103209.549824,0,4488,2997,1,0.3641505880525611,on intermittent
4972260,4972261,48358,96.26625061035156,23.896249771118164,107467.1616,0,4376,3183,2,0.3578529302794253,on perennial
4945270,4945271,48358,94.75291442871094,22.847084045410156,103601.897472,0,4503,3000,2,0.1635864246159072,on perennial
4972261,4970462,48358,96.22958374023438,23.800416946411133,108093.374464,0,4387,3179,1,0.32853097293812383,on intermittent
4945271,4943472,48358,94.7004165649414,22.824583053588867,103730.962432,0,4506,2993,1,0.5466489252663312,on intermittent
4970462,4970463,48358,96.14208221435547,23.68291664123535,108301.934592,0,4402,3168,2,0.44137506562574574,on perennial
4943472,4945272,48358,94.71375274658203,22.74625015258789,103845.43744,0,4515,2995,2,0.13253283869430826,on perennial
4970463,4968663,48358,96.10041809082031,23.640417098999023,113749.64736,0,4407,3163,1,0.29944327252637887,on intermittent
4945272,4945273,48358,94.77625274658203,22.667083740234375,104214.519808,0,4525,3003,0,0.6388999933164139,near water
4968663,4966863,48358,96.03958129882812,23.58625030517578,113873.42848,0,4413,3156,1,0.3073618734930003,on intermittent
4945273,4945274,48358,94.7612533569336,22.60041618347168,104423.882752,0,4533,3001,2,0.23005914115728165,on perennial
4966863,4968664,48358,96.01875305175781,23.557083129882812,114068.39808,0,4417,3153,2,0.29162022109863295,on perennial
4945274,4947075,48358,94.80458068847656,22.51791763305664,105404.596224,0,4543,3006,2,0.2221934307081473,on perennial
4968664,4968665,48358,96.00458526611328,23.500415802001953,114810.55232,0,4424,3152,2,0.45837860355717586,on perennial
4947075,4948875,48358,94.90958404541016,22.401248931884766,105914.425344,0,4557,3019,1,0.14975571206362345,on intermittent
4968665,4966866,48358,96.00041961669922,23.414583206176758,114948.390912,0,4434,3151,2,0.10411478919675286,on perennial
4948875,4948876,48358,94.97041320800781,22.40041732788086,106408.779776,0,4557,3026,1,0.18528063636014483,on intermittent
4966866,4966867,48358,96.00125122070312,23.332916259765625,115048.464384,0,4444,3151,2,0.14058900829766532,on perennial
4948876,4950677,48358,95.03458404541016,22.28791618347168,106667.008,0,4571,3034,2,0.31039447340312776,on perennial
4966867,4966868,48358,95.98041534423828,23.18291664123535,115245.039616,0,4462,3149,2,0.3432450778372459,on perennial
4950677,4950678,48358,95.07791900634766,22.186248779296875,106903.928832,0,4583,3039,1,0.21090534401809444,on intermittent
4966868,4966869,48358,95.98208618164062,23.063749313354492,116367.245312,0,4477,3149,1,0.3715895056553791,on intermittent
4950678,4952478,48358,95.0995864868164,22.139583587646484,110566.588416,0,4589,3042,1,0.3459327517519158,on intermittent
4966869,4966870,48358,95.97708129882812,23.000415802001953,116922.351616,0,4484,3148,2,0.3389242385736721,on perennial
4952478,4952479,48358,95.14708709716797,22.06624984741211,110754.783232,0,4598,3048,1,0.5325885183698855,on intermittent
4966870,4966871,48358,95.97125244140625,22.90041732788086,117102.22336,0,4496,3148,2,0.5524173402477828,on perennial
4952479,4952480,48358,95.13375091552734,22.000415802001953,110898.429952,0,4606,3046,1,0.4495048011979609,on intermittent
4966871,4968672,48358,95.9695816040039,22.7862491607666,117537.390592,0,4510,3147,2,0.3645090665560028,on perennial
4952480,4952481,48358,95.14458465576172,21.90041732788086,111076.769792,0,4618,3047,2,0.4388564333507803,on perennial
4968672,4966872,48358,95.9504165649414,22.737916946411133,117660.082176,0,4516,3145,2,0.10661609114849586,on perennial
4952481,4952482,48358,95.17292022705078,21.800416946411133,112861.028352,0,4630,3051,2,0.30378287563236944,on perennial
4966872,4966873,48358,95.90458679199219,22.700416564941406,117900.214272,0,4521,3139,2,0.491258606435703,on perennial
4952482,4954282,48358,95.22125244140625,21.733749389648438,113641.127936,0,4638,3057,1,0.3569076547796832,on intermittent
4966873,4966874,48358,95.95124816894531,22.596250534057617,118018.203648,0,4533,3145,2,0.2788301661700075,on perennial
4954282,4954283,48358,95.24208068847656,21.665416717529297,113748.189184,0,4646,3059,2,0.16394571230078187,on perennial
4966874,4966875,48358,96.00458526611328,22.50291633605957,118287.581184,0,4545,3152,2,0.5159197468701191,on perennial
4954283,4954285,48358,95.25208282470703,21.53041648864746,114013.462528,0,4662,3060,1,0.5360480234782706,on intermittent
4966875,4966876,48358,95.99958038330078,22.393749237060547,118514.868224,0,4558,3151,1,0.15578146672277068,on intermittent
4966876,4968678,48358,95.9937515258789,22.300416946411133,118746.587136,0,4569,3150,1,0.2567215779506713,on intermittent
4968678,4968679,48358,96.01958465576172,22.10041618347168,123832.000512,0,4593,3153,1,0.48647005585439684,on intermittent
4968679,4968680,48358,96.05708312988281,21.988750457763672,123900.092416,0,4607,3158,2,0.08920989495095756,on perennial
4968680,4966881,48358,95.992919921875,21.87208366394043,124728.598528,0,4621,3150,2,0.14655611682509748,on perennial
4966881,4966880,48358,95.89541625976562,21.882915496826172,171865.096192,0,4620,3138,2,0.3666498314704707,on perennial
4966880,4965080,48358,95.84124755859375,21.90625,172037.963776,0,4617,3132,2,0.20577972354444057,on perennial
4965080,4963280,48358,95.8004150390625,21.9112491607666,172507.267072,0,4616,3127,1,0.3285369999751096,on intermittent
4963280,4961480,48358,95.63375091552734,21.923749923706055,172976.390144,0,4615,3107,2,0.36945857895794243,on perennial
4961480,4957881,48358,95.58541870117188,21.916250228881836,192533.512192,0,4616,3101,2,0.3323913590094161,on perennial
4957881,4957882,48358,95.43708038330078,21.800416946411133,193116.192768,0,4630,3083,2,0.29305852785002334,on perennial
4957882,4956083,48358,95.4004135131836,21.731250762939453,193824.60416,0,4638,3078,2,0.3139896941297822,on perennial
4956083,4956084,48358,95.3445816040039,21.57291603088379,194110.91456,0,4657,3072,1,0.4743293108102893,on intermittent
4956084,4954285,48358,95.32041931152344,21.49541664123535,194865.954816,0,4667,3069,1,0.39805431351480836,on intermittent
4954285,4952486,48358,95.18875122070312,21.386249542236328,311476.453376,0,4680,3053,1,0.27483650520467107,on intermittent
4952486,4950687,48358,95.12374877929688,21.300416946411133,312309.972992,0,4690,3045,1,0.3695569381818375,on intermittent
4950687,4948886,48358,95.04208374023438,21.299583435058594,312616.976384,0,4690,3035,2,0.4294985654600517,on perennial
4948886,4950688,48358,95.007080078125,21.25458335876465,313266.176,0,4696,3031,1,0.30016143827060016,on intermittent
4950688,4948887,48358,94.9487533569336,21.222915649414062,313432.080384,0,4700,3024,1,0.4166875900958466,on intermittent
4948887,4948888,48358,94.9004135131836,21.20541763305664,313680.265216,0,4702,3018,1,0.256904218177421,on intermittent
4948888,4947088,48358,94.84375,21.171249389648438,314130.59584,0,4706,3011,2,0.11748439311712951,on perennial
4947088,4947089,48358,94.83541870117188,21.046249389648438,314613.43232,0,4721,3010,1,0.19765781855867146,on intermittent
4947089,4947090,48358,94.83125305175781,21.000415802001953,314990.821376,0,4727,3009,1,0.39261843212999803,on intermittent
4947090,4945291,48358,94.79374694824219,20.881250381469727,322272.919552,0,4741,3005,2,0.2279735288473589,on perennial
4945291,4945292,48358,94.70208740234375,20.800416946411133,322703.097856,0,4751,2994,1,0.2657678641596442,on intermittent
4945292,4945293,48358,94.73958587646484,20.69041633605957,323258.875904,0,4764,2998,2,0.3410993057328057,on perennial
4945293,4947094,48358,94.7995834350586,20.619583129882812,326372.589568,0,4773,3006,2,0.4338975826304444,on perennial
4947094,4945294,48358,94.8004150390625,20.547082901000977,326497.0752,0,4782,3006,1,0.4498587837826506,on intermittent
4945294,4945295,48358,94.77041625976562,20.49791717529297,326685.65504,0,4788,3002,1,0.33897288740873005,on intermittent
4945295,4947095,48358,94.8187484741211,20.44124984741211,327006.388224,0,4795,3008,2,0.48056497160482664,on perennial
4947095,4948896,48358,94.88458251953125,20.375415802001953,329678.454784,0,4802,3016,1,0.46868460635597436,on intermittent
4948896,4947097,48358,94.91874694824219,20.300416946411133,335820.22656,0,4812,3020,2,0.3958155476276772,on perennial
4947097,4948897,48358,94.90125274658203,20.265417098999023,335864.528896,0,4816,3018,2,0.22336788328393462,on perennial
4948897,4947098,48358,94.9070816040039,20.200416564941406,338721.1776,0,4824,3019,1,0.48639212000512067,on intermittent
4947098,4948898,48358,94.90125274658203,20.147916793823242,338836.127744,0,4830,3018,1,0.152041313684257,on intermittent
4948898,4948899,48358,94.95625305175781,20.09375,339557.023744,0,4837,3025,1,0.5531993870196982,on intermittent
4948899,4950699,48358,95.00458526611328,20.0362491607666,339812.417536,0,4844,3030,1,0.48621171554510034,on intermittent
4950699,4950700,48358,95.0120849609375,19.992916107177734,346111.770624,0,4849,3031,2,0.2719168220474242,on perennial
4950700,4952500,48358,95.08625030517578,19.90041732788086,346448.85504,0,4860,3040,2,0.2279643047119005,on perennial
4952500,4952501,48358,95.14708709716797,19.84375,346597.031936,0,4867,3048,2,0.32525397022894587,on perennial
4952501,4952502,48358,95.15374755859375,19.762916564941406,347156.676608,0,4877,3048,2,0.4567669765784167,on perennial
4952502,4952503,48358,95.1554183959961,19.700416564941406,347329.363968,0,4884,3049,1,0.412950522179586,on intermittent
4952503,4952504,48358,95.1762466430664,19.60041618347168,348362.637312,0,4896,3051,1,0.4105653298483506,on intermittent
4952504,4952505,48358,95.16958618164062,19.49041748046875,348815.785984,0,4910,3050,1,0.38461742727725196,on intermittent
4952505,4954306,48358,95.20541381835938,19.360416412353516,349813.866496,0,4926,3055,1,0.518279561906943,on intermittent
4954306,4952507,48358,95.2004165649414,19.32208251953125,350439.34208,0,4930,3054,0,0.9595679344662226,near water
4952507,4952508,48358,95.18624877929688,19.200416564941406,352536.461312,0,4945,3052,1,0.3396315460872968,on intermittent
4952508,4950709,48358,95.13957977294922,19.070417404174805,352732.643328,0,4961,3047,0,0.6986025536046686,near water
4950709,4952509,48358,95.11708068847656,19.0362491607666,357183.619072,0,4965,3044,2,0.18065874085828076,on perennial
4952509,4952510,48358,95.11958312988281,18.999584197998047,357970.018304,0,4969,3044,2,0.343928628213801,on perennial
4952510,4952511,48358,95.16374969482422,18.90041732788086,358267.387904,0,4981,3050,2,0.3895579214226626,on perennial
4952511,4954311,48358,95.2129135131836,18.84375,358357.663744,0,4988,3056,1,0.3603694302706465,on intermittent
4954311,4954312,48358,95.20958709716797,18.800416946411133,360592.801792,0,4993,3055,2,0.3996592066026153,on perennial
4954312,4952512,48358,95.1754150390625,18.71125030517578,360700.510208,0,5004,3051,2,0.18939951312171263,on perennial
4952512,4952513,48358,95.14208221435547,18.69791603088379,360946.663424,0,5006,3047,2,0.17273938591807803,on perennial
4952513,4950713,48358,95.10041809082031,18.647916793823242,361176.891392,0,5012,3042,2,0.11787564484550282,on perennial
4950713,4950714,48358,95.0754165649414,18.58625030517578,362488.659968,0,5019,3039,2,0.32328292852723073,on perennial
4950714,4952514,48358,95.0995864868164,18.514583587646484,363442.241536,0,5028,3042,2,0.11419453807091247,on perennial
4952514,4952515,48358,95.13541412353516,18.500415802001953,363556.077568,0,5030,3046,1,0.29510881051968524,on intermittent
4952515,4954316,48358,95.20375061035156,18.40708351135254,363739.152384,0,5041,3055,2,0.43929309554119855,on perennial
4954316,4956117,48358,95.2995834350586,18.311248779296875,364750.307328,0,5053,3066,2,0.30879726327637014,on perennial
4956117,4957918,48358,95.39125061035156,18.200416564941406,367967.141888,0,5066,3077,2,0.22496872210374896,on perennial
4957918,4957919,48358,95.44125366210938,18.062084197998047,368024.518656,0,5083,3083,2,0.27314679373051187,on perennial
4957919,4957920,48358,95.46708679199219,17.987083435058594,368519.184384,0,5092,3086,1,0.36685410244598426,on intermittent
4957920,4957921,48358,95.47541809082031,17.90041732788086,368666.37824,0,5102,3087,1,0.578112296534698,on intermittent
4957921,4957922,48358,95.43624877929688,17.739582061767578,371693.617152,0,5122,3083,1,0.27908899997310493,on intermittent
4957922,4957923,48358,95.44708251953125,17.700416564941406,371804.73344,0,5127,3084,2,0.25485048029471136,on perennial
4957923,4959723,48358,95.53125,17.641250610351562,371881.771008,0,5134,3094,1,0.19781499354105772,on intermittent
4959723,4959724,48358,95.55374908447266,17.54291534423828,371956.77696,0,5146,3097,2,0.18368537845662186,on perennial
4959724,4961525,48358,95.57208251953125,17.481250762939453,372040.957952,0,5153,3099,2,0.2934268096876213,on perennial
4961525,4961526,48358,95.66458129882812,17.40041732788086,372126.646272,0,5163,3110,1,0.32340155907248985,on intermittent
4961526,4959727,48358,95.57791900634766,17.2954158782959,372183.990272,0,5176,3100,2,0.21389340431128456,on perennial
4959727,4961528,48358,95.60292053222656,17.256250381469727,372249.198592,0,5181,3103,2,0.41567107054499297,on perennial
4961528,4961529,48358,95.62291717529297,17.061248779296875,372313.063424,0,5204,3105,2,0.3251556453871162,on perennial
4961529,4959729,48358,95.58625030517578,17.04291534423828,372392.59136,0,5206,3101,2,0.40284975725965877,on perennial
4959729,4959730,48358,95.54458618164062,17.000415802001953,373903.917056,0,5212,3096,1,0.42636978598212805,on intermittent
4959730,4959731,48358,95.57291412353516,16.90041732788086,374015.066112,0,5224,3099,2,0.3563469229049756,on perennial
4959731,4957931,48358,95.49958038330078,16.858749389648438,374056.288256,0,5229,3090,0,1.2156136134285307,near water
4957931,4957932,48358,95.4679183959961,16.800416946411133,374203.285504,0,5236,3087,1,0.45474005775636217,on intermittent
4957932,4956132,48358,95.3620834350586,16.768749237060547,374404.087808,0,5240,3074,0,0.6561502236924897,near water
4956132,4956133,48358,95.3245849609375,16.700416564941406,375781.752832,0,5248,3069,2,0.14224298710678995,on perennial
4956133,4954334,48358,95.242919921875,16.570415496826172,375878.057984,0,5264,3059,2,0.35679172635698553,on perennial
4954334,4952535,48358,95.1812515258789,16.49625015258789,375985.373184,0,5273,3052,2,0.35370479944622824,on perennial
4952535,4950736,48358,95.03458404541016,16.345417022705078,376411.160576,0,5291,3034,2,0.03276421074365079,on perennial
4950736,4948937,48358,94.98374938964844,16.24041748046875,377245.433856,0,5304,3028,2,0.3185797815684618,on perennial
4948937,4948937,48358,94.8879165649414,16.196250915527344,377395.740672,1,5309,3016,2,0.19577662558067813,on perennial
5213457,5215257,51254,109.71375274658203,24.248750686645508,54207.1808,0,4333,4813,1,0.24147142594894147,on intermittent
5215257,5215258,51254,109.70874786376953,24.152915954589844,54527.30368,0,4345,4813,1,0.4527271682645072,on intermittent
5215258,5213459,51254,109.7004165649414,24.11541748046875,56775.524352,0,4349,4812,2,0.3059198504880839,on perennial
5186471,5186472,51254,108.11042022705078,22.800416946411133,67890.630656,0,4509,4619,2,0.42421502041669396,on perennial
5213459,5215260,51254,109.67292022705078,24.000415802001953,57053.458432,0,4363,4808,1,0.29468978868839363,on intermittent
5186472,5188271,51254,108.18875122070312,22.81708335876465,68121.964544,0,4507,4628,2,0.5760824743506245,on perennial
5215260,5213460,51254,109.66041564941406,23.925416946411133,57196.544,0,4372,4807,2,0.21974283695583557,on perennial
5188271,5190072,51254,108.3062515258789,22.812084197998047,68440.752128,0,4507,4643,2,0.2927463061768149,on perennial
5213460,5211661,51254,109.56458282470703,23.897916793823242,57631.00672,0,4376,4795,0,1.1076270361324159,near water
5190072,5191871,51254,108.45124816894531,22.790416717529297,69139.6608,0,4510,4660,2,0.3145094819782019,on perennial
5191871,5191872,51254,108.47708129882812,22.800416946411133,69313.601536,0,4509,4663,2,0.5346115147067186,on perennial
5191872,5193671,51254,108.51374816894531,22.796249389648438,71611.826176,0,4509,4668,2,0.14718811937683646,on perennial
5193671,5195471,51254,108.5995864868164,22.832916259765625,72461.344768,0,4505,4678,0,0.5868854194407979,near water
5195471,5197271,51254,108.72624969482422,22.83708381652832,72776.466432,0,4504,4694,2,0.3569086309152983,on perennial
5197271,5199071,51254,108.7995834350586,22.86541748046875,73149.120512,0,4501,4702,2,0.5107911972093068,on perennial
5199071,5200871,51254,108.89958190917969,22.833749771118164,73262.36672,0,4505,4715,2,0.5694382898271475,on perennial
5200871,5200872,51254,108.92874908447266,22.798749923706055,74174.758912,0,4509,4718,2,0.2628806799217137,on perennial
5200872,5199072,51254,108.87708282470703,22.74541664123535,74287.726592,0,4515,4712,2,0.21796061904042346,on perennial
5199072,5200873,51254,108.9120864868164,22.722915649414062,74846.601216,0,4518,4716,2,0.11549444402212888,on perennial
5200873,5202673,51254,108.99958038330078,22.652084350585938,75139.694592,0,4527,4727,2,0.499275359949614,on perennial
5202673,5204473,51254,109.0995864868164,22.643749237060547,75806.5152,0,4528,4739,2,0.4506341073462171,on perennial
5204473,5206273,51254,109.22041320800781,22.651248931884766,76484.11648,0,4527,4753,2,0.5407300020669669,on perennial
5206273,5208072,51254,109.30458068847656,22.69124984741211,76597.141504,0,4522,4764,0,0.621357336829819,near water
5145052,5146852,51254,105.93624877929688,24.730417251586914,50064.920576,0,4275,4355,1,0.5001239527840337,on intermittent
5208072,5209872,51254,109.39958190917969,22.737083435058594,77024.436224,0,4516,4775,2,0.2651944041785841,on perennial
5146852,5146853,51254,105.95874786376953,24.682083129882812,50177.486848,0,4280,4358,1,0.4366331309700615,on intermittent
5209872,5209871,51254,109.42791748046875,22.80291748046875,77675.249664,0,4508,4779,2,0.3732060217479791,on perennial
5146853,5148653,51254,105.99958038330078,24.646249771118164,50293.866496,0,4285,4363,1,0.19422330079368372,on intermittent
5209871,5211671,51254,109.49958038330078,22.826250076293945,78425.817088,0,4505,4787,2,0.46658972711830243,on perennial
5148653,5148652,51254,106.06375122070312,24.701250076293945,50366.763008,0,4278,4371,1,0.1689209478484366,on intermittent
5211671,5213470,51254,109.57208251953125,22.908750534057617,79630.614528,0,4495,4796,2,0.38782889987381997,on perennial
5148652,5150452,51254,106.1187515258789,24.729583740234375,50450.305024,0,4275,4378,0,0.5197421557984476,near water
5213470,5211670,51254,109.60041809082031,22.951250076293945,80356.360192,0,4490,4800,2,0.44709300773046856,on perennial
5150452,5150451,51254,106.18291473388672,24.799583435058594,52063.363072,0,4266,4385,2,0.32466402563175745,on perennial
5211670,5211669,51254,109.57958221435547,23.06041717529297,80455.778304,0,4477,4797,2,0.03136034276385955,on perennial
5150451,5150450,51254,106.16458129882812,24.928749084472656,52478.881792,0,4251,4383,2,0.40922560172012323,on perennial
5211669,5213469,51254,109.62124633789062,23.083749771118164,81745.289216,0,4474,4802,2,0.19156814887503973,on perennial
5150450,5152250,51254,106.21041870117188,24.983749389648438,73265.9712,0,4244,4389,2,0.31342901971608655,on perennial
5213469,5213468,51254,109.65958404541016,23.09958267211914,81853.11232,0,4472,4807,0,0.6606394507274929,near water
5152250,5154050,51254,106.2995834350586,24.977083206176758,73758.138368,0,4245,4399,1,0.4630767988326932,on intermittent
5213468,5215268,51254,109.71875,23.104583740234375,81915.133952,0,4472,4814,0,0.8122069801638667,near water
5154050,5154049,51254,106.36541748046875,25.000415802001953,73813.655552,0,4242,4407,2,0.375291139855622,on perennial
5215268,5215269,51254,109.75041961669922,23.10041618347168,82174.042112,0,4472,4818,2,0.2778348090467202,on perennial
5154049,5155849,51254,106.41374969482422,25.016250610351562,73940.221952,0,4240,4413,2,0.24290095348243046,on perennial
5215269,5217069,51254,109.82791900634766,23.09958267211914,82268.93824,0,4472,4827,2,0.27635796738425433,on perennial
5155849,5157649,51254,106.49958038330078,25.05291748046875,74283.2128,0,4236,4424,1,0.5174554147574059,on intermittent
5217069,5217068,51254,109.86458587646484,23.09958267211914,82776.162304,0,4472,4832,0,0.5450928246018957,near water
5157649,5159448,51254,106.59874725341797,25.111249923706055,75417.575424,0,4228,4436,2,0.4688229648312661,on perennial
5217068,5218867,51254,109.92708587646484,23.203750610351562,82892.5952,0,4460,4839,1,0.3428663930403444,on intermittent
5159448,5161248,51254,106.69791412353516,25.182083129882812,76013.723648,0,4220,4448,2,0.2598883444571547,on perennial
5218867,5220667,51254,110.00791931152344,23.27375030517578,83663.331328,0,4451,4849,1,0.1597891750670333,on intermittent
5161248,5163048,51254,106.81375122070312,25.178749084472656,76386.443264,0,4220,4462,2,0.30238126804540044,on perennial
5220667,5220666,51254,110.04208374023438,23.302082061767578,84068.39296,0,4448,4853,1,0.2558656101507916,on intermittent
5163048,5164847,51254,106.89791870117188,25.199583053588867,76525.944832,0,4218,4472,1,0.24640050133880184,on intermittent
5220666,5220665,51254,110.09874725341797,23.39958381652832,84746.493952,0,4436,4860,0,0.8072235930487688,near water
5164847,5164848,51254,106.97041320800781,25.182083129882812,86109.929472,0,4220,4481,0,0.6468703734145076,near water
5164848,5166649,51254,107.00875091552734,25.092082977294922,86203.613184,0,4231,4485,2,0.40370154728031205,on perennial
5166649,5168450,51254,107.16958618164062,24.997081756591797,90244.759552,0,4242,4505,2,0.2671015897897482,on perennial
5168450,5170250,51254,107.1995849609375,24.951250076293945,90406.141952,0,4248,4509,2,0.41155924193575744,on perennial
5170250,5170251,51254,107.26958465576172,24.90041732788086,90750.681088,0,4254,4517,2,0.021663046724979252,on perennial
5170251,5172051,51254,107.32791900634766,24.838748931884766,90835.689472,0,4261,4524,2,0.4383835296591871,on perennial
5172051,5172052,51254,107.32708740234375,24.800416946411133,92156.444672,0,4266,4524,2,0.10659842318299076,on perennial
5172052,5172053,51254,107.33041381835938,24.687915802001953,92830.687232,0,4280,4524,2,0.40237268440865975,on perennial
5172053,5173854,51254,107.3812484741211,24.595417022705078,93148.176384,0,4291,4531,2,0.3680999975228131,on perennial
5173854,5173855,51254,107.47374725341797,24.500415802001953,93639.753728,0,4302,4542,1,0.4794908432613989,on intermittent
5173855,5175655,51254,107.50375366210938,24.437084197998047,93744.586752,0,4310,4545,1,0.3709281429261273,on intermittent
5175655,5175656,51254,107.51875305175781,24.33041763305664,93907.386368,0,4323,4547,2,0.20589819250706512,on perennial
5175656,5177457,51254,107.5995864868164,24.327083587646484,94329.151488,0,4323,4557,2,0.4498957513590302,on perennial
5177457,5177458,51254,107.60041809082031,24.210416793823242,94430.53568,0,4338,4557,2,0.35438957444422503,on perennial
5177458,5175658,51254,107.57791900634766,24.14958381652832,94532.665344,0,4345,4554,2,0.33425219895402203,on perennial
5175658,5173859,51254,107.50041961669922,24.125415802001953,94624.858112,0,4348,4545,2,0.0603047421967928,on perennial
5173859,5175659,51254,107.49958038330078,24.082916259765625,94715.904,0,4353,4545,2,0.11277327542964724,on perennial
5175659,5175660,51254,107.52207946777344,24.001249313354492,96041.074688,0,4363,4548,0,0.5288548032717082,near water
5175660,5177460,51254,107.62791442871094,23.925416946411133,97850.753024,0,4372,4560,2,0.4178897732529441,on perennial
5177460,5179260,51254,107.6995849609375,23.957916259765625,98140.020736,0,4368,4569,2,0.2501086467988177,on perennial
5179260,5179261,51254,107.7562484741211,23.876249313354492,98218.713088,0,4378,4576,2,0.1257988624399633,on perennial
5179261,5181062,51254,107.7995834350586,23.80291748046875,98295.93088,0,4387,4581,1,0.22586061244873618,on intermittent
5181062,5181063,51254,107.8879165649414,23.69124984741211,98365.628416,0,4401,4592,2,0.40362360199124,on perennial
5181063,5182862,51254,107.9054183959961,23.729583740234375,98455.609344,0,4396,4594,2,0.11284267337523964,on perennial
5182862,5184662,51254,108.02041625976562,23.736249923706055,99411.419136,0,4395,4608,1,0.10172041180931525,on intermittent
5184662,5184661,51254,108.04708099365234,23.799583435058594,99638.575104,0,4387,4611,1,0.45326852726152494,on intermittent
5184661,5186461,51254,108.0995864868164,23.812084197998047,100552.99072,0,4386,4618,0,0.5359965320295037,near water
5186461,5188260,51254,108.1995849609375,23.874584197998047,102009.32352,0,4378,4630,1,0.37326645290434435,on intermittent
5188260,5190060,51254,108.2995834350586,23.942916870117188,102078.611456,0,4370,4642,1,0.11747099595617881,on intermittent
5190060,5190059,51254,108.33208465576172,23.999584197998047,102144.057344,0,4363,4646,2,0.2320276573683734,on perennial
5190059,5191859,51254,108.41625213623047,24.034584045410156,102208.339968,0,4359,4656,2,0.05265120274890156,on perennial
5191859,5193660,51254,108.5320816040039,23.993749618530273,106230.792192,0,4364,4670,2,0.10774865545058618,on perennial
5193660,5195460,51254,108.62625122070312,23.943750381469727,106338.369536,0,4370,4681,2,0.3961310685830162,on perennial
5195460,5195461,51254,108.65958404541016,23.90041732788086,107906.301952,0,4375,4686,0,0.4681300562689364,near water
5195461,5197261,51254,108.70124816894531,23.846250534057617,107962.384384,0,4382,4691,2,0.4237356433400693,on perennial
5197261,5199061,51254,108.82291412353516,23.82291603088379,108222.005248,0,4385,4705,0,0.6089035033857144,near water
5199061,5199062,51254,108.84625244140625,23.78791618347168,108460.343296,0,4389,4708,2,0.18377443187548298,on perennial
5199062,5199063,51254,108.89541625976562,23.696250915527344,108838.985728,0,4400,4714,1,0.09076430672098673,on intermittent
5199063,5200863,51254,108.91542053222656,23.632083892822266,108965.879808,0,4408,4717,2,0.4718183888768253,on perennial
5200863,5202663,51254,109.00208282470703,23.66208267211914,113316.978688,0,4404,4727,2,0.09060982348215108,on perennial
5202663,5202662,51254,109.0995864868164,23.681249618530273,113526.693888,0,4402,4739,0,0.7389168731134516,near water
5202662,5204462,51254,109.16958618164062,23.72541618347168,113630.199808,0,4396,4747,1,0.4733802008096933,on intermittent
5204462,5206262,51254,109.1995849609375,23.738750457763672,115043.524608,0,4395,4751,2,0.18313811306738123,on perennial
5206262,5206263,51254,109.26458740234375,23.69124984741211,115243.728896,0,4401,4759,2,0.4238530753469512,on perennial
5206263,5208063,51254,109.3062515258789,23.695415496826172,115904.749568,0,4400,4764,2,0.10256973254254664,on perennial
5208063,5208062,51254,109.3429183959961,23.702083587646484,116017.3568,0,4399,4768,2,0.3638889552460126,on perennial
5208062,5209862,51254,109.4245834350586,23.74041748046875,116409.188352,0,4395,4778,0,1.1016952920994336,near water
5209862,5209861,51254,109.43458557128906,23.81708335876465,116527.104,0,4385,4779,1,0.47153615849406144,on intermittent
5209861,5211661,51254,109.49624633789062,23.786251068115234,117756.174336,0,4389,4787,2,0.07629228133557628,on perennial
5211661,5211662,51254,109.55208587646484,23.800416946411133,175865.380864,0,4387,4794,2,0.39674437343029995,on perennial
5211662,5211663,51254,109.54291534423828,23.700416564941406,175983.32928,0,4399,4793,0,0.6386876519394343,near water
5211663,5213462,51254,109.61708068847656,23.716249465942383,176087.04,0,4398,4802,2,0.5619671613374178,on perennial
5213462,5213463,51254,109.6620864868164,23.682083129882812,176224.026624,0,4402,4807,1,0.30189984569863754,on intermittent
5213463,5215263,51254,109.64958190917969,23.588748931884766,176376.561664,0,4413,4806,1,0.41223677901735517,on intermittent
5215263,5213464,51254,109.67791748046875,23.591249465942383,176539.926528,0,4413,4809,1,0.2955284562643383,on intermittent
5213464,5215264,51254,109.6995849609375,23.55791664123535,176942.12096,0,4417,4812,2,0.4417374532218988,on perennial
5215264,5215265,51254,109.74958038330078,23.460416793823242,177445.945344,0,4429,4818,0,0.5849730197960209,near water
5215265,5217065,51254,109.7995834350586,23.487083435058594,177979.162624,0,4425,4824,1,0.38346975051260146,on intermittent
5217065,5218865,51254,109.89958190917969,23.44041633605957,178103.959552,0,4431,4836,1,0.1607227905726956,on intermittent
5218865,5220665,51254,110.007080078125,23.47624969482422,178303.516672,0,4427,4849,1,0.37170547474780974,on intermittent
5220665,5222465,51254,110.15625,23.463748931884766,263156.563968,0,4428,4867,2,0.1405077571811594,on perennial
5222465,5224264,51254,110.20375061035156,23.563749313354492,263710.326784,0,4416,4873,0,0.573550078421718,near water
5224264,5226064,51254,110.2995834350586,23.5454158782959,265064.497152,0,4418,4884,2,0.33205266305515124,on perennial
5226064,5229664,51254,110.39958190917969,23.527915954589844,265604.726784,0,4420,4896,2,0.4821507634431911,on perennial
5229664,5229665,51254,110.53291320800781,23.430416107177734,265978.822656,0,4432,4913,2,0.38866500590198483,on perennial
5229665,5231465,51254,110.5995864868164,23.459583282470703,267378.950144,0,4429,4921,2,0.4348713915311967,on perennial
5231465,5231466,51254,110.7129135131836,23.445415496826172,267493.13024,0,4430,4934,2,0.46993330839466674,on perennial
5231466,5233265,51254,110.74958038330078,23.464584350585938,271519.08864,0,4428,4939,2,0.13594812035913906,on perennial
5233265,5235065,51254,110.7995834350586,23.453750610351562,271644.2624,0,4429,4945,2,0.32965962329047976,on perennial
5235065,5235066,51254,110.8495864868164,23.37125015258789,271727.312896,0,4439,4951,2,0.3210224745544431,on perennial
5235066,5236866,51254,110.91124725341797,23.38541603088379,271868.608512,0,4438,4958,2,0.5010173406470947,on perennial
5236866,5236865,51254,110.94708251953125,23.39958381652832,281276.514304,0,4436,4963,2,0.1991809541119248,on perennial
5236865,5238665,51254,111.0120849609375,23.432083129882812,281510.084608,0,4432,4971,2,0.28559335324967206,on perennial
5238665,5240465,51254,111.0995864868164,23.453750610351562,282225.54112,0,4429,4981,2,0.39121021077022033,on perennial
5240465,5242265,51254,111.1995849609375,23.428749084472656,282637.139968,0,4432,4993,2,0.47757001333155735,on perennial
5242265,5244065,51254,111.31041717529297,23.46791648864746,283423.834112,0,4428,5007,2,0.36944387998690764,on perennial
5244065,5245865,51254,111.4262466430664,23.46791648864746,302318.419968,0,4428,5021,2,0.35724524172002214,on perennial
5245865,5247666,51254,111.49124908447266,23.39958381652832,314023.1168,0,4436,5029,2,0.23082381061833457,on perennial
5247666,5247667,51254,111.569580078125,23.27375030517578,314538.88512,0,4451,5038,2,0.25149090837645816,on perennial
5247667,5249468,51254,111.56541442871094,23.200416564941406,314710.556672,0,4460,5038,2,0.23160607897760752,on perennial
5249468,5251268,51254,111.70791625976562,23.152915954589844,315631.140864,0,4466,5055,2,0.17139848785240688,on perennial
5251268,5253068,51254,111.7995834350586,23.133750915527344,315776.991232,0,4468,5066,2,0.15883266874198754,on perennial
5253068,5254868,51254,111.91874694824219,23.12791633605957,321004.208128,0,4469,5081,2,0.3978183574660921,on perennial
5254868,5256669,51254,111.9870834350586,23.090415954589844,321159.102464,0,4473,5089,2,0.3805001729119389,on perennial
5256669,5258469,51254,112.11541748046875,23.085416793823242,321400.406016,0,4474,5104,2,0.33682233070309836,on perennial
5258469,5260268,51254,112.1995849609375,23.092082977294922,322679.963648,0,4473,5115,2,0.37768680831819534,on perennial
5260268,5262068,51254,112.3429183959961,23.167917251586914,323373.432832,0,4464,5132,2,0.021636915153567464,on perennial
5262068,5262069,51254,112.40125274658203,23.12708282470703,323556.900864,0,4469,5139,2,0.06390411576822892,on perennial
5262069,5263869,51254,112.39958190917969,23.063749313354492,323701.932032,0,4477,5139,2,0.371744836392163,on perennial
5263869,5265669,51254,112.52291870117188,23.06458282470703,326105.66144,0,4477,5154,2,0.4734488437429529,on perennial
5265669,5265668,51254,112.54541778564453,23.09958267211914,326583.713792,0,4472,5157,2,0.4783162045739809,on perennial
5265668,5269268,51254,112.5995864868164,23.168750762939453,326709.968896,0,4464,5163,2,0.12154479145396134,on perennial
5269268,5271069,51254,112.79792022705078,23.10041618347168,374301.392896,0,4472,5187,2,0.19427224525007072,on perennial
5271069,5271070,51254,112.84041595458984,23.000415802001953,374594.60096,0,4484,5192,2,0.3602228195043326,on perennial
5271070,5272871,51254,112.91625213623047,22.863750457763672,374663.512064,0,4501,5201,2,0.4164938612729956,on perennial
5272871,5274671,51254,112.99958038330078,22.80791664123535,375701.241856,0,4508,5212,2,0.4963851715176949,on perennial
5274671,5274672,51254,113.05791473388672,22.800416946411133,376222.908416,0,4509,5219,2,0.5194874593220528,on perennial
5274672,5274673,51254,113.09541320800781,22.700416564941406,377748.35712,0,4521,5223,2,0.34821253907693983,on perennial
5274673,5276473,51254,113.0995864868164,22.65708351135254,378002.96448,0,4526,5224,2,0.27214027451049894,on perennial
5276473,5276474,51254,113.16542053222656,22.60041618347168,378112.180224,0,4533,5232,2,0.3416848292725609,on perennial
5276474,5278275,51254,113.20208740234375,22.52541732788086,378218.315776,0,4542,5236,2,0.1523307443559377,on perennial
5278275,5278276,51254,113.2562484741211,22.40041732788086,378326.974464,0,4557,5243,2,0.27100452728620317,on perennial
5278276,5280076,51254,113.2995834350586,22.352916717529297,378672.545792,0,4563,5248,2,0.20686848287228232,on perennial
5280076,5280077,51254,113.32624816894531,22.293750762939453,378974.142464,0,4570,5251,2,0.14732566136695463,on perennial
5280077,5281878,51254,113.39958190917969,22.21958351135254,379081.129984,0,4579,5260,2,0.06936515444675946,on perennial
5281878,5281878,51254,113.42375183105469,22.165416717529297,379307.360256,1,4586,5263,2,0.44959805525077323,on perennial
4939787,4941587,48600,94.56791687011719,31.248748779296875,54528.59392,0,3485,2977,2,0.5688897576097116,on perennial
4941587,4943388,48600,94.62124633789062,31.1704158782959,54683.344896,0,3494,2984,2,0.08372119656387196,on perennial
4943388,4943389,48600,94.67041778564453,31.10041618347168,54838.038528,0,3502,2990,0,0.8021273568197156,near water
4943389,4945189,48600,94.71458435058594,31.074583053588867,54885.208064,0,3506,2995,1,0.3921125285035532,on intermittent
4945189,4946989,48600,94.7995834350586,31.082916259765625,56819.146752,0,3505,3006,2,0.5311037676319217,on perennial
4946989,4945188,48600,94.82875061035156,31.09958267211914,56894.132224,0,3503,3009,0,0.906825642300412,near water
4945188,4946988,48600,94.83958435058594,31.117916107177734,57120.456704,0,3500,3010,2,0.4331409053838558,on perennial
4946988,4948788,48600,94.89958190917969,31.125415802001953,57232.77312,0,3499,3018,2,0.5039960974936042,on perennial
4948788,4950588,48600,95.02291870117188,31.1612491607666,57687.4496,0,3495,3033,2,0.34298661662647756,on perennial
4950588,4952388,48600,95.0995864868164,31.171249389648438,59105.337344,0,3494,3042,1,0.13862122349177025,on intermittent
4952388,4954188,48600,95.2370834350586,31.16291618347168,59304.259584,0,3495,3059,2,0.37133910052724345,on perennial
4954188,4955988,48600,95.32707977294922,31.143749237060547,64674.082816,0,3497,3069,2,0.40965002317275867,on perennial
4955988,4957788,48600,95.39958190917969,31.124584197998047,65542.045696,0,3500,3078,2,0.45255939683958124,on perennial
4957788,4957789,48600,95.45375061035156,31.083749771118164,65679.83104,0,3505,3085,2,0.4840386744537102,on perennial
4957789,4957790,48600,95.48374938964844,30.991249084472656,66002.948096,0,3516,3088,2,0.4347987142982913,on perennial
4957790,4959590,48600,95.53541564941406,30.952917098999023,66097.025024,0,3520,3095,0,0.6427192499225443,near water
4959590,4961390,48600,95.60041809082031,30.924583435058594,66193.94048,0,3524,3103,2,0.3805576075539534,on perennial
4961390,4963190,48600,95.73458099365234,30.94208335876465,66374.787072,0,3522,3119,2,0.3254620522698548,on perennial
4963190,4964989,48600,95.80708312988281,30.9829158782959,68909.38368,0,3517,3128,0,0.5580305862900056,near water
4964989,4964990,48600,95.85708618164062,30.96208381652832,71900.44672,0,3519,3134,1,0.3318368508259784,on intermittent
4964990,4966790,48600,95.89958190917969,30.95458221435547,72131.657728,0,3520,3139,2,0.18939064309009232,on perennial
4966790,4968590,48600,95.99958038330078,30.92791748046875,72328.060928,0,3523,3151,1,0.3577657441580138,on intermittent
4968590,4970390,48600,96.0995864868164,30.901248931884766,72469.7088,0,3527,3163,1,0.3539370213563572,on intermittent
4970390,4970391,48600,96.1620864868164,30.896249771118164,72534.17984,0,3527,3171,1,0.3380395202613068,on intermittent
4970391,4972191,48600,96.19791412353516,30.87874984741211,73106.857984,0,3529,3175,1,0.31972462367460597,on intermittent
4972191,4973991,48600,96.2995834350586,30.827917098999023,74336.141312,0,3536,3187,0,0.5346085355614446,near water
4973991,4975792,48600,96.37291717529297,30.77375030517578,74561.486848,0,3542,3196,2,0.18477448522455725,on perennial
4975792,4973992,48600,96.40374755859375,30.69208335876465,74671.972352,0,3552,3200,2,0.04288723672631021,on perennial
4973992,4975793,48600,96.41625213623047,30.65625,74936.85248,0,3556,3201,2,0.4719491959107458,on perennial
4975793,4975794,48600,96.42375183105469,30.60041618347168,75052.670976,0,3563,3202,2,0.3094723523268895,on perennial
4975794,4977595,48600,96.4887466430664,30.494583129882812,75160.969216,0,3576,3210,2,0.21800142647279133,on perennial
4977595,4979395,48600,96.60541534423828,30.457916259765625,79341.142016,0,3580,3224,1,0.455742463391228,on intermittent
4979395,4979396,48600,96.694580078125,30.415416717529297,79859.695616,0,3586,3235,0,1.0551315251065598,near water
4979396,4981196,48600,96.6995849609375,30.345417022705078,80135.176192,0,3594,3236,2,0.14785732396300805,on perennial
4981196,4981197,48600,96.72208404541016,30.28208351135254,80214.614016,0,3602,3239,2,0.4724598222512272,on perennial
4981197,4982997,48600,96.84208679199219,30.257915496826172,80515.15392,0,3605,3253,0,0.9353004141881183,near water
4982997,4984797,48600,96.89958190917969,30.24041748046875,80645.636096,0,3607,3260,2,0.2586638581371949,on perennial
4984797,4984798,48600,96.95791625976562,30.200416564941406,80919.937024,0,3612,3267,1,0.4063200720214916,on intermittent
4984798,4986598,48600,97.01791381835938,30.188749313354492,80969.588736,0,3613,3274,2,0.31640406818466327,on perennial
4986598,4988397,48600,97.0995864868164,30.176250457763672,81266.737152,0,3614,3284,1,0.5160659085848269,on intermittent
4988397,4988398,48600,97.12708282470703,30.14875030517578,81416.11008,0,3618,3288,2,0.33007982660612556,on perennial
4988398,4990198,48600,97.1995849609375,30.106250762939453,84626.620416,0,3623,3296,2,0.33312306681959397,on perennial
4990198,4990199,48600,97.27375030517578,30.07208251953125,84722.76992,0,3627,3305,2,0.3448619601302221,on perennial
4990199,4991999,48600,97.2995834350586,30.042083740234375,84855.824384,0,3631,3309,2,0.42501694302764265,on perennial
4991999,4992000,48600,97.33625030517578,29.950416564941406,84981.932032,0,3642,3313,1,0.11643834099865571,on intermittent
4992000,4992001,48600,97.37374877929688,29.89958381652832,85165.785088,0,3648,3318,2,0.37504819516207943,on perennial
4992001,4993801,48600,97.41874694824219,29.853750228881836,85258.878976,0,3654,3323,1,0.37551196887944843,on intermittent
4993801,4993802,48600,97.43291473388672,29.776248931884766,85399.330816,0,3663,3325,0,0.558961481210649,near water
4993802,4993803,48600,97.45625305175781,29.675416946411133,85771.190272,0,3675,3328,2,0.4195246378371909,on perennial
4993803,4995603,48600,97.49958038330078,29.652082443237305,86560.72704,0,3678,3333,2,0.17644476809502174,on perennial
4995603,4995604,48600,97.54624938964844,29.575416564941406,86719.012864,0,3687,3338,2,0.4621148064743625,on perennial
4995604,4997405,48600,97.63874816894531,29.47458267211914,87563.63264,0,3700,3350,2,0.4975225590037774,on perennial
4997405,4999205,48600,97.6995849609375,29.459583282470703,87821.590528,0,3701,3357,2,0.3388343325512894,on perennial
4999205,4999206,48600,97.7995834350586,29.402915954589844,87960.256512,0,3708,3369,2,0.2472977838710777,on perennial
4999206,5001006,48600,97.84375,29.383750915527344,88059.305984,0,3711,3375,2,0.567715298942277,on perennial
5001006,5002806,48600,97.90208435058594,29.323749542236328,88242.855936,0,3718,3382,0,0.48146580867827415,near water
5002806,5002807,48600,97.93624877929688,29.26791763305664,88783.273984,0,3725,3386,0,0.597482007797597,near water
5002807,5002808,48600,97.96375274658203,29.179582595825195,88993.759232,0,3735,3389,2,0.28507153344994784,on perennial
5002808,5004609,48600,98.03624725341797,29.08625030517578,89149.19424,0,3747,3398,2,0.37241532065850186,on perennial
5004609,5004610,48600,98.09375,29.000415802001953,91240.292352,0,3757,3405,2,0.15973880531859397,on perennial
5004610,5006410,48600,98.10958099365234,28.944583892822266,91349.68832,0,3764,3407,2,0.29314761059078825,on perennial
5006410,5006411,48600,98.14541625976562,28.897083282470703,91459.166208,0,3770,3411,2,0.41569588652925793,on perennial
5006411,5008211,48600,98.1995849609375,28.81041717529297,91624.77568,0,3780,3418,2,0.3005371657737569,on perennial
5008211,5008212,48600,98.26041412353516,28.800416946411133,91948.220416,0,3781,3425,2,0.2455542894206315,on perennial
5008212,5010012,48600,98.31375122070312,28.748748779296875,92052.56192,0,3788,3431,2,0.57301513758189,on perennial
5010012,5010013,48600,98.3629150390625,28.659584045410156,92162.506752,0,3798,3437,2,0.4643437478545958,on perennial
5010013,5010014,48600,98.3637466430664,28.59958267211914,92704.93184,0,3806,3438,2,0.5201805923210836,on perennial
5010014,5011815,48600,98.45791625976562,28.478750228881836,102326.321152,0,3820,3449,2,0.2404808831464543,on perennial
5011815,5011816,48600,98.46624755859375,28.397916793823242,102528.933888,0,3830,3450,2,0.06292022969208749,on perennial
5011816,5011817,48600,98.47624969482422,28.298749923706055,103328.841728,0,3842,3451,2,0.15147792295463203,on perennial
5011817,5011818,48600,98.47125244140625,28.200416564941406,103499.03872,0,3854,3451,0,0.45349543449978197,near water
5011818,5013618,48600,98.52041625976562,28.10041618347168,103721.844736,0,3866,3457,1,0.4026730765999052,on intermittent
5013618,5013619,48600,98.58208465576172,28.070415496826172,103869.063168,0,3870,3464,2,0.2269277353402857,on perennial
5013619,5015419,48600,98.5995864868164,28.035415649414062,104018.051072,0,3874,3466,0,0.9177037924031775,near water
5015419,5015420,48600,98.6504135131836,27.993749618530273,104133.451776,0,3879,3472,2,0.2285416094039356,on perennial
5015420,5015421,48600,98.67708587646484,27.89208221435547,104340.48,0,3891,3476,0,0.5345373976957871,near water
5015421,5015422,48600,98.68541717529297,27.800416946411133,104787.92704,0,3902,3477,0,0.609862847849587,near water
5015422,5017222,48600,98.6995849609375,27.717082977294922,105282.265088,0,3913,3478,2,0.4301992901020331,on perennial
5017222,5017223,48600,98.72875213623047,27.641250610351562,105584.18944,0,3922,3482,2,0.27844586489655637,on perennial
5017223,5019023,48600,98.77791595458984,27.597084045410156,105706.143744,0,3927,3488,2,0.24654740602593,on perennial
5019023,5019024,48600,98.8187484741211,27.55958366394043,105892.503552,0,3932,3493,2,0.39718410107911256,on perennial
5019024,5019025,48600,98.83208465576172,27.487083435058594,106036.240384,0,3940,3494,2,0.48643130088533754,on perennial
5019025,5019026,48600,98.84791564941406,27.368749618530273,106305.191936,0,3955,3496,2,0.2527874641049582,on perennial
5019026,5019027,48600,98.87374877929688,27.300416946411133,106478.682112,0,3963,3499,2,0.2946686604465855,on perennial
5019027,5019028,48600,98.88458251953125,27.200416564941406,106792.951808,0,3975,3501,0,0.572191336108661,near water
5019028,5020829,48600,98.87374877929688,27.10041618347168,107127.119872,0,3987,3499,2,0.41430056765735773,on perennial
5020829,5019029,48600,98.87041473388672,27.035415649414062,107243.675648,0,3995,3499,2,0.19546162637985465,on perennial
5019029,5019030,48600,98.86541748046875,26.964584350585938,107355.725824,0,4004,3498,2,0.33573925081692657,on perennial
5019030,5019031,48600,98.87041473388672,26.864582061767578,107635.83488,0,4016,3499,2,0.09091677699716913,on perennial
5019031,5019032,48600,98.8879165649414,26.784584045410156,107880.128512,0,4026,3501,2,0.36085693000319635,on perennial
5019032,5020833,48600,98.89624786376953,26.700416564941406,108200.747008,0,4036,3502,2,0.18223986635897668,on perennial
5020833,5020834,48600,98.90374755859375,26.58041763305664,108442.730496,0,4050,3503,2,0.32908875723855263,on perennial
5020834,5019034,48600,98.9004135131836,26.543750762939453,108605.095936,0,4055,3503,0,0.5094879184564334,near water
5019034,5019035,48600,98.89791870117188,26.494583129882812,108695.191552,0,4061,3502,1,0.3154565066987352,on intermittent
5019035,5020835,48600,98.89958190917969,26.449583053588867,108859.785216,0,4066,3502,2,0.4414568717429121,on perennial
5020835,5020836,48600,98.9004135131836,26.416250228881836,108985.475072,0,4070,3503,0,0.5321790915425229,near water
5020836,5019036,48600,98.8862533569336,26.35124969482422,109098.246144,0,4078,3501,2,0.1677724683809373,on perennial
5019036,5019037,48600,98.8637466430664,26.300416946411133,109290.479616,0,4084,3498,2,0.29530836322610055,on perennial
5019037,5017238,48600,98.8629150390625,26.193750381469727,109724.147712,0,4097,3498,2,0.21044754148005776,on perennial
5017238,5019038,48600,98.86958312988281,26.151248931884766,109822.64832,0,4102,3499,2,0.37074845462411654,on perennial
5019038,5020839,48600,98.86042022705078,26.10041618347168,110009.540608,0,4109,3498,2,0.47558957410301556,on perennial
5020839,5019039,48600,98.84625244140625,26.033750534057617,110165.56544,0,4117,3496,2,0.3477771890730943,on perennial
5019039,5019040,48600,98.84625244140625,26.000415802001953,110434.648064,0,4121,3496,2,0.3105847242961713,on perennial
5019040,5019041,48600,98.84041595458984,25.88458251953125,110661.353472,0,4135,3495,2,0.3732158578295034,on perennial
5019041,5019042,48600,98.86624908447266,25.77458381652832,111426.527232,0,4148,3498,2,0.3643296915457033,on perennial
5019042,5019043,48600,98.87791442871094,25.68458366394043,111656.615936,0,4159,3500,2,0.13159453331277654,on perennial
5019043,5019044,48600,98.88541412353516,25.60041618347168,112200.99072,0,4169,3501,2,0.23818493728125215,on perennial
5019044,5019045,48600,98.89125061035156,25.488750457763672,112488.603648,0,4183,3501,1,0.48636978726688884,on intermittent
5019045,5020846,48600,98.8812484741211,25.40041732788086,112684.48256,0,4193,3500,2,0.4155865117882669,on perennial
5020846,5019046,48600,98.87625122070312,25.369583129882812,112971.718656,0,4197,3500,2,0.31110738099523694,on perennial
5019046,5019047,48600,98.85458374023438,25.2862491607666,113111.867392,0,4207,3497,2,0.20963723202460824,on perennial
5019047,5019048,48600,98.85041809082031,25.165416717529297,113324.2368,0,4222,3497,0,0.44732011236296926,near water
5019048,5019049,48600,98.83958435058594,25.10041618347168,114159.894528,0,4230,3495,2,0.2848538226400283,on perennial
5019049,5019050,48600,98.86541748046875,25.000415802001953,114335.25248,0,4242,3498,2,0.30428600663919314,on perennial
5019050,5019051,48600,98.89958190917969,24.932083129882812,114692.988928,0,4250,3502,2,0.42405533017201646,on perennial
5019051,5020851,48600,98.9004135131836,24.867082595825195,114806.08768,0,4258,3503,1,0.3507245033100763,on intermittent
5020851,5020852,48600,98.9437484741211,24.792083740234375,114984.648704,0,4267,3508,2,0.18087089956982652,on perennial
5020852,5022653,48600,98.99958038330078,24.71875,115386.20416,0,4276,3515,2,0.3330674467659814,on perennial
5022653,5022654,48600,99.06708526611328,24.597084045410156,116266.508288,0,4291,3523,0,0.6885372555857839,near water
5022654,5022655,48600,99.02791595458984,24.500415802001953,116516.847616,0,4302,3518,2,0.4412265424253054,on perennial
5022655,5020855,48600,98.97541809082031,24.4204158782959,116615.888896,0,4312,3512,2,0.3184900796191453,on perennial
5020855,5022656,48600,99.0304183959961,24.40041732788086,117455.904768,0,4315,3518,2,0.46264338355414375,on perennial
5022656,5024456,48600,99.0995864868164,24.33625030517578,117688.573952,0,4322,3527,2,0.41770756725231317,on perennial
5024456,5024457,48600,99.12625122070312,24.268749237060547,124496.502784,0,4331,3530,0,0.894353795710168,near water
5024457,5022657,48600,99.0879135131836,24.23958396911621,124611.248128,0,4334,3525,2,0.2719981787131391,on perennial
5022657,5020858,48600,98.98041534423828,24.208749771118164,124789.489664,0,4338,3512,2,0.27806892963092533,on perennial
5020858,5019058,48600,98.87791442871094,24.15625,125173.989376,0,4344,3500,2,0.21848272436143112,on perennial
5019058,5017258,48600,98.73124694824219,24.12874984741211,125377.429504,0,4348,3482,0,0.4905723310516003,near water
5017258,5015458,48600,98.7004165649414,24.111249923706055,125671.309312,0,4350,3478,0,1.165366007817423,near water
5015458,5013659,48600,98.6187515258789,24.092082977294922,125732.110336,0,4352,3468,2,0.3688507932531419,on perennial
5013659,5011859,48600,98.50041961669922,24.053749084472656,126165.03296,0,4357,3454,0,0.9818983744627152,near water
5011859,5011860,48600,98.41458129882812,23.981250762939453,126704.263168,0,4365,3444,2,0.4555863634893732,on perennial
5011860,5011861,48600,98.41458129882812,23.90041732788086,127655.19872,0,4375,3444,2,0.3208204735204212,on perennial
5011861,5013662,48600,98.50458526611328,23.777915954589844,127831.334912,0,4390,3455,2,0.3386198274642651,on perennial
5013662,5015463,48600,98.58708190917969,23.700416564941406,128308.420608,0,4399,3465,0,0.6517302007036141,near water
5015463,5015464,48600,98.64291381835938,23.60041618347168,128744.800256,0,4412,3471,1,0.5009270020719088,on intermittent
5015464,5013665,48600,98.60041809082031,23.51708221435547,128861.356032,0,4422,3466,2,0.3521975490751844,on perennial
5013665,5015465,48600,98.6120834350586,23.43458366394043,128974.422016,0,4432,3468,0,0.6108083519073617,near water
5015465,5017266,48600,98.70708465576172,23.347915649414062,139091.591168,0,4442,3479,2,0.2039188791010089,on perennial
5017266,5017267,48600,98.72125244140625,23.290416717529297,139230.543872,0,4449,3481,2,0.1766242536662955,on perennial
5017267,5015467,48600,98.64875030517578,23.21791648864746,139515.199488,0,4458,3472,1,0.08779827846901228,on intermittent
5015467,5013667,48600,98.60041809082031,23.231250762939453,139629.93664,0,4456,3466,2,0.3445523987057282,on perennial
5013667,5011867,48600,98.49458312988281,23.198749542236328,139722.26048,0,4460,3453,2,0.4041824086257971,on perennial
5011867,5011868,48600,98.46458435058594,23.200416564941406,139903.025152,0,4460,3450,2,0.21469946892096173,on perennial
5011868,5013668,48600,98.49958038330078,23.144582748413086,140752.584704,0,4467,3454,1,0.1621586325568783,on intermittent
5013668,5013669,48600,98.55458068847656,23.09291648864746,140820.103168,0,4473,3461,1,0.29647466887733376,on intermittent
5013669,5011869,48600,98.4887466430664,23.029582977294922,140990.30016,0,4481,3453,0,0.615104361021438,near water
5011869,5013670,48600,98.51625061035156,22.956249237060547,141083.410432,0,4490,3456,1,0.31985969335868675,on intermittent
5013670,5015471,48600,98.60624694824219,22.917917251586914,145665.31072,0,4494,3467,2,0.28075723477757103,on perennial
5015471,5013671,48600,98.59625244140625,22.82208251953125,146848.612352,0,4506,3466,2,0.2555743318388361,on perennial
5013671,5013672,48600,98.52375030517578,22.778749465942383,146967.707648,0,4511,3457,1,0.16581999151501126,on intermittent
5013672,5013673,48600,98.54125213623047,22.700416564941406,147104.382976,0,4521,3459,1,0.3128098969659788,on intermittent
5013673,5015474,48600,98.60541534423828,22.562084197998047,147370.426368,0,4537,3467,0,0.8007374090374435,near water
5015474,5015475,48600,98.6379165649414,22.45541763305664,147631.7184,0,4550,3471,1,0.38554133525492135,on intermittent
5015475,5015476,48600,98.61541748046875,22.40041732788086,147803.58656,0,4557,3468,1,0.03791240657968896,on intermittent
5015476,5013676,48600,98.59208679199219,22.3487491607666,147982.49984,0,4563,3465,1,0.31746407392573067,on intermittent
5013676,5013677,48600,98.57125091552734,22.26791763305664,148259.79904,0,4573,3463,0,0.5842375371816146,near water
5013677,5015478,48600,98.5995864868164,22.201250076293945,148574.437376,0,4581,3466,1,0.18213168191653306,on intermittent
5015478,5017279,48600,98.66625213623047,22.10041618347168,148716.077056,0,4593,3474,1,0.39422162445721176,on intermittent
5017279,5017280,48600,98.73041534423828,22.000415802001953,149389.623296,0,4606,3482,0,0.9428958261251199,near water
5017280,5015480,48600,98.66708374023438,21.944583892822266,149523.98848,0,4612,3474,1,0.3594577237385077,on intermittent
5015480,5013681,48600,98.5945816040039,21.904582977294922,149710.27456,0,4617,3466,0,0.4491846219932877,near water
5013681,5013682,48600,98.5504150390625,21.800416946411133,150162.210816,0,4630,3460,1,0.26323521435073327,on intermittent
5013682,5015483,48600,98.61042022705078,21.672916412353516,150403.465216,0,4645,3467,1,0.41267558621219486,on intermittent
5015483,5015484,48600,98.64707946777344,21.60041618347168,150746.464256,0,4654,3472,0,0.7448572596355786,near water
5015484,5013684,48600,98.60041809082031,21.554582595825195,161167.015936,0,4660,3466,0,1.1174870198570088,near water
5013684,5013685,48600,98.56625366210938,21.500415802001953,161435.680768,0,4666,3462,2,0.12492439270331761,on perennial
5013685,5015485,48600,98.60708618164062,21.43958282470703,161541.144576,0,4673,3467,2,0.4500011352823606,on perennial
5015485,5015486,48600,98.66458129882812,21.347915649414062,161644.87168,0,4685,3474,2,0.3659320163144729,on perennial
5015486,5015487,48600,98.67791748046875,21.300416946411133,161997.193216,0,4690,3476,2,0.467555037523659,on perennial
5015487,5017287,48600,98.70874786376953,21.231250762939453,162051.670016,0,4699,3479,1,0.3801826479896297,on intermittent
5017287,5017288,48600,98.70375061035156,21.1612491607666,162703.507456,0,4707,3479,1,0.3033737532796866,on intermittent
5017288,5019089,48600,98.7754135131836,21.10041618347168,162843.738112,0,4715,3487,0,0.6624073875935571,near water
5019089,5017289,48600,98.79792022705078,21.05791664123535,162956.476416,0,4720,3490,1,0.26382410812302676,on intermittent
5017289,5017290,48600,98.7379150390625,20.9829158782959,163448.487936,0,4729,3483,0,0.7703563918057953,near water
5017290,5015490,48600,98.7004165649414,20.987083435058594,163991.1424,0,4728,3478,1,0.42467063542267075,on intermittent
5015490,5013690,48600,98.60041809082031,20.960416793823242,164240.91648,0,4732,3466,0,0.5556512825713175,near water
5013690,5011891,48600,98.50041961669922,20.943750381469727,176697.982976,0,4734,3454,2,0.384290443744125,on perennial
5011891,5013692,48600,98.50291442871094,20.79458236694336,176895.737856,0,4752,3454,2,0.4555820058927459,on perennial
5013692,5013693,48600,98.54458618164062,20.68958282470703,182310.764544,0,4764,3459,2,0.5320174790106744,on perennial
5013693,5015494,48600,98.59541320800781,20.596250534057617,182448.20992,0,4776,3466,2,0.42607250176751116,on perennial
5015494,5015495,48600,98.62791442871094,20.500415802001953,182918.479872,0,4787,3470,0,0.5606092842052055,near water
5015495,5015496,48600,98.64208221435547,20.387083053588867,183426.00704,0,4801,3471,2,0.23781891520782347,on perennial
5015496,5015497,48600,98.6812515258789,20.300416946411133,183574.872064,0,4812,3476,2,0.3940679994097268,on perennial
5015497,5015498,48600,98.66874694824219,20.172916412353516,186244.62848,0,4827,3474,1,0.4308484639694125,on intermittent
5015498,5013698,48600,98.57708740234375,20.139583587646484,186360.676352,0,4831,3463,2,0.34072288830094144,on perennial
5013698,5011899,48600,98.50041961669922,20.08791732788086,186576.15872,0,4837,3454,2,0.31230596443503,on perennial
5011899,5010099,48600,98.4004135131836,20.06458282470703,188624.797696,0,4840,3442,2,0.145371519116121,on perennial
5010099,5008299,48600,98.3004150390625,20.028749465942383,188811.542528,0,4845,3430,0,0.4758353624820896,near water
5008299,5008300,48600,98.2195816040039,19.983749389648438,188981.641216,0,4850,3420,2,0.06332312219239494,on perennial
5008300,5006500,48600,98.14707946777344,19.985416412353516,189099.474944,0,4850,3411,0,0.7277833957832631,near water
5006500,5004700,48600,98.05708312988281,19.95458221435547,189217.439744,0,4853,3400,2,0.5455961617644265,on perennial
5004700,5002900,48600,97.97374725341797,19.94708251953125,190261.886976,0,4854,3390,2,0.42806657162812334,on perennial
5002900,5001100,48600,97.9004135131836,19.948749542236328,190440.357888,0,4854,3381,2,0.36542245164426224,on perennial
5001100,5001101,48600,97.83374786376953,19.90041732788086,190556.73344,0,4860,3373,2,0.25326050350303464,on perennial
5001101,4999301,48600,97.79291534423828,19.84958267211914,191217.33632,0,4866,3368,2,0.3533955410107956,on perennial
4999301,4999302,48600,97.73208618164062,19.771249771118164,206756.757504,0,4876,3361,0,0.8739152669710705,near water
4999302,4997502,48600,97.7004165649414,19.74041748046875,206855.176192,0,4879,3357,2,0.4264265982915522,on perennial
4997502,4995702,48600,97.67124938964844,19.700416564941406,207004.860416,0,4884,3354,2,0.44677207579535094,on perennial
4995702,4997503,48600,97.64624786376953,19.66291618347168,207256.45312,0,4889,3351,0,0.5049102643281427,near water
4997503,4997504,48600,97.62374877929688,19.60041618347168,207538.454528,0,4896,3348,1,0.4107333841828946,on intermittent
4997504,4995705,48600,97.60124969482422,19.498750686645508,207938.92864,0,4909,3345,2,0.2535248406294176,on perennial
4995705,4995706,48600,97.5320816040039,19.395416259765625,208562.323456,0,4921,3337,2,0.3437725797232139,on perennial
4995706,4995707,48600,97.52124786376953,19.300416946411133,208746.299392,0,4933,3335,2,0.4061986383899549,on perennial
4995707,4995708,48600,97.53541564941406,19.18291664123535,208889.495552,0,4947,3337,2,0.11171864003082001,on perennial
4995708,4995709,48600,97.50041961669922,19.12125015258789,215635.902464,0,4954,3333,2,0.46951671067399064,on perennial
4995709,4993909,48600,97.49124908447266,19.062084197998047,215780.835328,0,4962,3332,0,0.7345250016013493,near water
4993909,4993910,48600,97.47875213623047,18.988750457763672,216058.6752,0,4971,3330,2,0.46101985353693314,on perennial
4993910,4993911,48600,97.46708679199219,18.88541603088379,216191.71328,0,4983,3329,2,0.15679108929718638,on perennial
4993911,4992111,48600,97.3637466430664,18.855417251586914,217832.07936,0,4987,3316,2,0.375596748409516,on perennial
4992111,4992112,48600,97.32875061035156,18.800416946411133,237565.362176,0,4993,3312,2,0.3627472574445036,on perennial
4992112,4992113,48600,97.3379135131836,18.693750381469727,237706.60864,0,5006,3313,2,0.3338160106990207,on perennial
4992113,4992114,48600,97.36042022705078,18.59958267211914,237944.569856,0,5018,3316,2,0.2564727668365961,on perennial
4992114,4992115,48600,97.38874816894531,18.500415802001953,238364.901376,0,5030,3319,2,0.37853527994279423,on perennial
4992115,4993915,48600,97.4120864868164,18.443750381469727,238448.590848,0,5037,3322,2,0.38018631701547456,on perennial
4993915,4993916,48600,97.4437484741211,18.40041732788086,238682.406912,0,5042,3326,2,0.11663162203996316,on perennial
4993916,4993917,48600,97.47125244140625,18.300416946411133,238854.979584,0,5054,3329,2,0.303810750459608,on perennial
4993917,4995717,48600,97.51041412353516,18.26791763305664,238968.684544,0,5058,3334,0,0.9563566793790292,near water
4995717,4995716,48600,97.54541778564453,18.31708335876465,239063.94112,0,5052,3338,1,0.2957184790414601,on intermittent
4995716,4997516,48600,97.5995864868164,18.328750610351562,239403.74528,0,5051,3345,0,0.5209015646837428,near water
4997516,4997517,48600,97.63874816894531,18.289583206176758,239444.590592,0,5055,3350,0,0.6337922991438997,near water
4997517,4997518,48600,97.63541412353516,18.200416564941406,240201.957376,0,5066,3349,1,0.24031918893052054,on intermittent
4997518,4997519,48600,97.68624877929688,18.10041618347168,240436.330496,0,5078,3355,2,0.417841447476101,on perennial
4997519,4999319,48600,97.71041870117188,18.047082901000977,240625.50016,0,5085,3358,1,0.40241373959508014,on intermittent
4999319,5001120,48600,97.72958374023438,18.000415802001953,240726.818816,0,5090,3361,1,0.442045486852523,on intermittent
5001120,4999320,48600,97.7370834350586,17.964584350585938,240879.45216,0,5095,3362,0,0.5681742987695708,near water
4999320,4997520,48600,97.7004165649414,17.937915802001953,240997.482496,0,5098,3357,2,0.12552848910710243,on perennial
4997520,4997521,48600,97.68541717529297,17.852916717529297,241557.536768,0,5108,3355,2,0.34613743111337314,on perennial
4997521,4997522,48600,97.67292022705078,17.800416946411133,256574.373888,0,5115,3354,2,0.4081270003110692,on perennial
4997522,4999323,48600,97.70541381835938,17.69708251953125,256673.923072,0,5127,3358,0,0.6501259650870602,near water
4999323,4999324,48600,97.71541595458984,17.5987491607666,256774.38976,0,5139,3359,1,0.06413886179195044,on intermittent
4999324,4999325,48600,97.7612533569336,17.46875,256889.536512,0,5155,3365,0,0.47370012827781566,near water
4999325,4997526,48600,97.70541381835938,17.39208221435547,257328.054272,0,5164,3358,2,0.2506449042837513,on perennial
4997526,4997527,48600,97.632080078125,17.297082901000977,260639.78496,0,5176,3349,1,0.3822789528499309,on intermittent
4997527,4997528,48600,97.64041900634766,17.16291618347168,260751.68768,0,5192,3350,1,0.17268718465644692,on intermittent
4997528,4995729,48600,97.60292053222656,17.062084197998047,261048.795136,0,5204,3345,2,0.28452144085869396,on perennial
4995729,4997529,48600,97.5995864868164,17.000415802001953,261136.449536,0,5212,3345,2,0.40254910262398397,on perennial
4997529,4997530,48600,97.62875366210938,16.970417022705078,261247.008768,0,5215,3348,2,0.4301182812031354,on perennial
4997530,4995732,48600,97.63291931152344,16.90041732788086,261366.41536,0,5224,3349,2,0.2868215947971869,on perennial
4995732,4997533,48600,97.59124755859375,16.693750381469727,261425.905664,0,5249,3344,2,0.2541392274282747,on perennial
4997533,4997534,48600,97.62041473388672,16.5362491607666,264251.392,0,5268,3347,2,0.40708772752256045,on perennial
4997534,4997535,48600,97.60874938964844,16.500415802001953,279640.276992,0,5272,3346,2,0.16279671052140526,on perennial
4997535,4995736,48600,97.59708404541016,16.367916107177734,279732.322304,0,5288,3345,2,0.4131830716523103,on perennial
4995736,4995737,48600,97.56458282470703,16.28125,279824.105472,0,5299,3341,2,0.38033236273274645,on perennial
4995737,4995738,48600,97.57708740234375,16.200416564941406,280008.654848,0,5309,3342,2,0.4495933938965983,on perennial
4995738,4995738,48600,97.54125213623047,16.137916564941406,281002.47552,1,5316,3338,2,0.1812764539998304,on perennial
4729050,4729050,47744,82.79374694824219,44.901248931884766,60109.971456,1,1830,1550,2,0.36063377786411743,on perennial
4777647,4775847,47744,85.32958221435547,45.270416259765625,51025.928192,0,1785,1858,0,9.549523394652956,far from water
4775847,4774047,47744,85.3004150390625,45.24041748046875,51384.295424,0,1789,1854,0,7.766804376816892,far from water
4774047,4772247,47744,85.19291687011719,45.278751373291016,51553.611776,0,1784,1841,1,0.10627222256827659,on intermittent
4772247,4774046,47744,85.21624755859375,45.29708480834961,60097.941504,0,1782,1844,2,0.3090350995312112,on perennial
4774046,4775846,47744,85.23958587646484,45.39958190917969,60255.657984,0,1769,1847,0,0.7129461008244199,near water
4775846,4774045,47744,85.22958374023438,45.452083587646484,60354.035712,0,1763,1846,1,0.3327699081381347,on intermittent
4774045,4775845,47744,85.33541870117188,45.42958450317383,60452.282368,0,1766,1858,0,0.9327907875512185,near water
4775845,4777645,47744,85.39958190917969,45.46125030517578,60552.384512,0,1762,1866,0,2.9615438797878406,near water
4777645,4775844,47744,85.4004135131836,45.49458312988281,60727.488512,0,1758,1866,0,3.417988395695811,near water
4775844,4779443,47744,85.4695816040039,45.64791488647461,60818.669568,0,1739,1875,0,6.472672465168251,far from water
4779443,4781243,47744,85.60208129882812,45.62541580200195,61187.223552,0,1742,1891,0,5.816892202797996,far from water
4781243,4781242,47744,85.62708282470703,45.70624923706055,61281.005568,0,1732,1894,0,1.0818814623938025,near water
4781242,4783042,47744,85.74541473388672,45.72041702270508,61376.67584,0,1730,1908,1,0.32968066141508756,on intermittent
4783042,4784842,47744,85.83958435058594,45.75791549682617,63571.759104,0,1726,1919,0,0.9434975632360343,near water
4784842,4786641,47744,85.93624877929688,45.792083740234375,64318.144512,0,1722,1931,0,0.62529825621679,near water
4786641,4786641,47744,85.92124938964844,45.81208419799805,80090.447872,1,1719,1929,1,0.3180003531330859,on intermittent
4894617,4898218,48097,91.99958038330078,48.2095832824707,56785.350656,0,1429,2666,2,0.33647883848313254,on perennial
4898218,4900018,48097,92.1995849609375,48.17375183105469,57286.938624,0,1433,2690,1,0.21994316155898563,on intermittent
4900018,4901818,48097,92.33875274658203,48.16041564941406,57346.473984,0,1435,2707,2,0.391516367250718,on perennial
4901818,4901817,48097,92.34375,48.21458435058594,64109.903872,0,1428,2708,2,0.10688234025137279,on perennial
4901817,4903616,48097,92.37291717529297,48.299583435058594,64564.719616,0,1418,2711,2,0.3330841669836501,on perennial
4903616,4905417,48097,92.49958038330078,48.3245849609375,65392.713728,0,1415,2727,2,0.3218770399958752,on perennial
4905417,4905416,48097,92.57708740234375,48.32208251953125,65461.420032,0,1415,2736,1,0.07131501006614054,on intermittent
4905416,4907216,48097,92.632080078125,48.31541442871094,65596.510208,0,1416,2743,2,0.21660921399270877,on perennial
4907216,4909016,48097,92.70957946777344,48.31624984741211,65771.204608,0,1416,2752,2,0.2851349021104914,on perennial
4909016,4910816,48097,92.7995834350586,48.31541442871094,66885.111808,0,1416,2763,2,0.17901410256969358,on perennial
4910816,4912616,48097,92.91708374023438,48.31541442871094,67029.848064,0,1416,2777,1,0.2634866384850157,on intermittent
4912616,4914417,48097,92.97792053222656,48.2912483215332,67211.956224,0,1419,2785,1,0.29785986588647784,on intermittent
4914417,4916218,48097,93.07624816894531,48.200416564941406,67391.041536,0,1430,2797,0,0.7282020133924887,near water
4916218,4916219,48097,93.16291809082031,48.092918395996094,67424.014336,0,1443,2807,2,0.2139367141286821,on perennial
4916219,4919819,48097,93.1995849609375,48.075416564941406,76264.112128,0,1445,2812,2,0.27734709832556903,on perennial
4919819,4918018,48097,93.27124786376953,48.12958526611328,76423.7824,0,1438,2820,2,0.3479200747823674,on perennial
4918018,4919818,48097,93.30874633789062,48.14458465576172,76798.418944,0,1437,2825,2,0.4565766245610697,on perennial
4919818,4919817,48097,93.39791870117188,48.1995849609375,77085.753344,0,1430,2836,2,0.27308283584231713,on perennial
4919817,4921617,48097,93.43291473388672,48.22624969482422,77112.016896,0,1427,2840,0,2.4586954611545586,near water
4921617,4921616,48097,93.4887466430664,48.29875183105469,77415.30112,0,1418,2847,2,0.2774730126236855,on perennial
4921616,4921615,48097,93.49958038330078,48.348751068115234,124481.110016,0,1412,2848,2,0.21245663673644058,on perennial
4921615,4918015,48097,93.32958221435547,48.46208190917969,125139.877888,0,1398,2827,1,0.20225930141273976,on intermittent
4918015,4918014,48097,93.26541900634766,48.49958419799805,125547.347968,0,1393,2820,1,0.5257774802405263,on intermittent
4918014,4916213,48097,93.19041442871094,48.61541748046875,125638.049792,0,1379,2810,1,0.4975456578144895,on intermittent
4916213,4918012,48097,93.16791534423828,48.6995849609375,125823.42656,0,1369,2808,1,0.2788441452903974,on intermittent
4918012,4919811,48097,93.30958557128906,48.80791473388672,125895.450624,0,1356,2825,1,0.12142219724109697,on intermittent
4919811,4921611,48097,93.4262466430664,48.87041473388672,125934.452736,0,1349,2839,1,0.4222755965817554,on intermittent
4921611,4921610,48097,93.43624877929688,48.89958190917969,138785.75104,0,1345,2840,2,0.15531682579377035,on perennial
4921610,4919810,48097,93.34874725341797,48.931251525878906,140298.338304,0,1341,2830,2,0.2598401206776854,on perennial
4919810,4921609,48097,93.37791442871094,49.03125,140409.176064,0,1329,2833,2,0.11972714549298487,on perennial
4921609,4919809,48097,93.41958618164062,49.09375,140530.843648,0,1321,2838,2,0.453925722696095,on perennial
4919809,4919809,48097,93.39208221435547,49.096248626708984,153076.69504,1,1321,2835,2,0.1635690380794883,on perennial
5042542,5042543,49203,100.16874694824219,15.713749885559082,58456.055808,0,5368,3656,2,0.5142122827645059,on perennial
5042543,5042545,49203,100.10041809082031,15.633749961853027,108713.558016,0,5377,3648,2,0.21084390676533804,on perennial
5042545,5040747,49203,100.0995864868164,15.333749771118164,115476.160512,0,5414,3648,1,0.37967546231181387,on intermittent
5040747,5044349,49203,100.0995864868164,15.212916374206543,118044.950528,0,5428,3648,2,0.22532416340145628,on perennial
5044349,5046150,49203,100.36458587646484,14.953749656677246,118133.735424,0,5460,3680,1,0.3234595470520378,on intermittent
5046150,5047953,49203,100.39958190917969,14.9087495803833,118503.981056,0,5465,3684,1,0.28137344492755817,on intermittent
5047953,5047954,49203,100.46041870117188,14.60041618347168,118560.464896,0,5502,3692,2,0.5278051030150309,on perennial
5047954,5049755,49203,100.48124694824219,14.430416107177734,118615.171072,0,5523,3694,1,0.19162570615338845,on intermittent
5049755,5049756,49203,100.52874755859375,14.369583129882812,118756.294656,0,5530,3700,1,0.4235929015546808,on intermittent
5049756,5051557,49203,100.56541442871094,14.300416946411133,139435.753472,0,5539,3704,2,0.38244245464874427,on perennial
5051557,5049757,49203,100.57208251953125,14.222916603088379,139890.2784,0,5548,3705,2,0.2851218991966637,on perennial
5049757,5049758,49203,100.54875183105469,14.192916870117188,140154.847232,0,5552,3702,0,1.2318952919021136,near water
5049758,5047959,49203,100.54708099365234,14.10041618347168,153394.561024,0,5563,3702,2,0.1756921490758505,on perennial
5047959,5049759,49203,100.53125,14.067916870117188,153532.858368,0,5567,3700,2,0.23036814420409343,on perennial
5049759,5049760,49203,100.53958129882812,14.00041675567627,153835.372544,0,5575,3701,2,0.30453876878788827,on perennial
5049760,5047961,49203,100.49208068847656,13.915416717529297,153881.8048,0,5586,3696,0,0.6387730212568183,near water
5047961,5049762,49203,100.49958038330078,13.826250076293945,154189.234176,0,5596,3696,2,0.4736948093759907,on perennial
5049762,5047962,49203,100.49041748046875,13.761249542236328,154258.71872,0,5604,3695,2,0.32874085113405893,on perennial
5047962,5049763,49203,100.52874755859375,13.673749923706055,154370.78528,0,5615,3700,2,0.18522840888952097,on perennial
5049763,5051564,49203,100.59208679199219,13.602916717529297,154484.097024,0,5623,3708,2,0.4848547804420843,on perennial
5051564,5051564,49203,100.60375213623047,13.519582748413086,154538.47552,1,5633,3709,2,0.45132402503754876,on perennial
4729282,4731083,47435,82.81375122070312,21.71875,58792.034304,0,4640,1553,1,0.41912217098209315,on intermittent
4731083,4732882,47435,82.89958190917969,21.695415496826172,59139.506176,0,4642,1563,2,0.446293938293129,on perennial
4732882,4734682,47435,83.02708435058594,21.74041748046875,59223.06048,0,4637,1579,1,0.39219991864282727,on intermittent
4734682,4736482,47435,83.10458374023438,21.715415954589844,59306.573824,0,4640,1588,2,0.0757089247790845,on perennial
4736482,4738282,47435,83.1995849609375,21.707082748413086,61814.042624,0,4641,1599,2,0.38798871257338285,on perennial
4738282,4738283,47435,83.24874877929688,21.69708251953125,62885.699584,0,4642,1605,2,0.4318319140996968,on perennial
4738283,4740083,47435,83.2995834350586,21.68958282470703,68316.360704,0,4643,1612,1,0.40410951049669513,on intermittent
4740083,4741883,47435,83.43624877929688,21.6704158782959,68566.032384,0,4646,1628,1,0.46409000817028645,on intermittent
4741883,4743683,47435,83.49958038330078,21.64958381652832,69203.27168,0,4648,1636,2,0.1628881114643431,on perennial
4743683,4743682,47435,83.54875183105469,21.735416412353516,69312.536576,0,4638,1642,1,0.38962463679426107,on intermittent
4743682,4745482,47435,83.62541961669922,21.744583129882812,71214.882816,0,4637,1651,1,0.4437045680839445,on intermittent
4745482,4747283,47435,83.70874786376953,21.69208335876465,71572.209664,0,4643,1661,2,0.17741544645884608,on perennial
4747283,4749084,47435,83.79875183105469,21.573749542236328,72005.328896,0,4657,1672,2,0.2183824759096753,on perennial
4749084,4750885,47435,83.92041778564453,21.494583129882812,84901.494784,0,4667,1687,1,0.22140222413600233,on intermittent
4750885,4750886,47435,83.96375274658203,21.374584197998047,85989.384192,0,4681,1692,1,0.3443133750089452,on intermittent
4750886,4750887,47435,83.91708374023438,21.300416946411133,86133.850112,0,4690,1686,1,0.4863965292924447,on intermittent
4750887,4749088,47435,83.90625,21.200416564941406,86943.039488,0,4702,1685,1,0.4494082152625437,on intermittent
4749088,4747289,47435,83.85375213623047,21.10041618347168,87147.421696,0,4715,1679,1,0.42711744934246226,on intermittent
4747289,4749089,47435,83.83041381835938,21.06624984741211,89135.546368,0,4719,1676,2,0.24752869796914037,on perennial
4749089,4749090,47435,83.82624816894531,20.967082977294922,89286.049792,0,4731,1675,2,0.4123997734590045,on perennial
4749090,4749091,47435,83.83875274658203,20.90041732788086,89435.906048,0,4739,1677,2,0.15756919390238938,on perennial
4749091,4750890,47435,83.91041564941406,20.852916717529297,94690.238464,0,4745,1686,2,0.4951662980851914,on perennial
4750890,4750891,47435,83.95208740234375,20.842082977294922,94804.369408,0,4746,1691,2,0.30019128074630863,on perennial
4750891,4752691,47435,83.99958038330078,20.84375,118014.918656,0,4746,1696,1,0.44573558536658825,on intermittent
4752691,4754491,47435,84.11458587646484,20.83791732788086,119538.737152,0,4746,1710,1,0.49244175588451,on intermittent
4754491,4756291,47435,84.20458221435547,20.891250610351562,121032.835072,0,4740,1721,2,0.2330695132993362,on perennial
4756291,4758091,47435,84.2995834350586,20.868749618530273,123347.746816,0,4743,1733,2,0.3461556424109108,on perennial
4758091,4758092,47435,84.35292053222656,20.777915954589844,123435.737088,0,4754,1739,2,0.3536309896098236,on perennial
4758092,4759893,47435,84.39958190917969,20.743749618530273,124206.104576,0,4758,1745,2,0.17368041721255098,on perennial
4759893,4759892,47435,84.4495849609375,20.735416412353516,124317.130752,0,4759,1751,2,0.1467321818723,on perennial
4759892,4761692,47435,84.49958038330078,20.714582443237305,124625.928192,0,4761,1757,2,0.3389910305288996,on perennial
4761692,4761693,47435,84.57041931152344,20.687084197998047,125227.114496,0,4765,1766,1,0.4312561328426919,on intermittent
4761693,4763493,47435,84.6570816040039,20.618749618530273,125673.709568,0,4773,1776,1,0.1005158541971488,on intermittent
4763493,4765293,47435,84.6995849609375,20.611249923706055,126145.57696,0,4774,1781,1,0.24973676891611804,on intermittent
4765293,4767094,47435,84.81291961669922,20.568750381469727,126461.247488,0,4779,1795,1,0.04191390485454566,on intermittent
4767094,4768895,47435,84.94625091552734,20.4829158782959,126735.048704,0,4789,1811,2,0.4366282987356214,on perennial
4768895,4770695,47435,85.00125122070312,20.465415954589844,127977.578496,0,4792,1818,1,0.4189406454879888,on intermittent
4770695,4772496,47435,85.13541412353516,20.402082443237305,128184.549376,0,4799,1834,1,0.24155376209522883,on intermittent
4772496,4774296,47435,85.20291900634766,20.367916107177734,128644.980736,0,4803,1842,2,0.4295338552246505,on perennial
4774296,4776096,47435,85.3062515258789,20.345417022705078,130828.460032,0,4806,1855,1,0.19998963002970108,on intermittent
4776096,4777896,47435,85.46875,20.367082595825195,131233.267712,0,4803,1875,2,0.6220488504127423,on perennial
4777896,4779695,47435,85.49958038330078,20.376249313354492,131559.6288,0,4802,1878,1,0.4029167245158714,on intermittent
4779695,4781495,47435,85.63291931152344,20.452083587646484,132261.76512,0,4793,1894,2,0.3836357215312353,on perennial
4781495,4783295,47435,85.74624633789062,20.451250076293945,132392.992768,0,4793,1908,2,0.28876768220718413,on perennial
4783295,4785094,47435,85.83625030517578,20.501249313354492,133417.877504,0,4787,1919,2,0.21219843365325605,on perennial
4785094,4786895,47435,85.86708068847656,20.500415802001953,133606.35904,0,4787,1923,2,0.35450797423092295,on perennial
4786895,4788695,47435,85.99958038330078,20.445415496826172,134328.516608,0,4794,1939,1,0.13496178111984813,on intermittent
4788695,4790495,47435,86.0995864868164,20.467082977294922,134412.886016,0,4791,1951,1,0.339590629404865,on intermittent
4790495,4792295,47435,86.25458526611328,20.464582443237305,134467.436544,0,4792,1970,0,0.7135898093554667,near water
4792295,4795895,47435,86.36958312988281,20.457916259765625,134521.561088,0,4792,1984,1,0.5137076615199018,on intermittent
4795895,4797695,47435,86.49958038330078,20.40625,134742.736896,0,4799,1999,1,0.45272193710625075,on intermittent
4797695,4799496,47435,86.6129150390625,20.342082977294922,134798.82752,0,4807,2013,2,0.468483134170508,on perennial
4799496,4799496,47435,86.70708465576172,20.2954158782959,135625.580544,1,4812,2025,2,0.37957718667397117,on perennial
4964932,4963132,47989,95.78791809082031,36.77958297729492,53210.914816,0,2814,3125,2,0.24300941663617087,on perennial
4963132,4961332,47989,95.68541717529297,36.70541763305664,53342.175232,0,2823,3113,2,0.11609335080805579,on perennial
4961332,4959532,47989,95.60041809082031,36.729583740234375,53678.575616,0,2820,3103,2,0.3398904358781325,on perennial
4959532,4957732,47989,95.45791625976562,36.73458480834961,54673.420288,0,2820,3085,2,0.47058817536786335,on perennial
4957732,4955932,47989,95.34874725341797,36.74458312988281,55684.276224,0,2818,3072,2,0.3153542218043251,on perennial
4955932,4954131,47989,95.28874969482422,36.792083740234375,63144.841216,0,2813,3065,2,0.4109262000924555,on perennial
4954131,4954131,47989,95.2804183959961,36.82291793823242,109056.221184,1,2809,3064,2,0.20915351402214835,on perennial
5132492,5134292,50090,105.1995849609375,20.771249771118164,50248.13056,0,4755,4266,2,0.46938794674060647,on perennial
5134292,5134291,50090,105.2612533569336,20.805416107177734,50324.938752,0,4750,4274,2,0.4806998490636157,on perennial
5134291,5136091,50090,105.34208679199219,20.824583053588867,50443.902976,0,4748,4283,2,0.33537946137795743,on perennial
5136091,5136090,50090,105.34791564941406,20.89958381652832,50611.75296,0,4739,4284,2,0.09668787553257037,on perennial
5136090,5136089,50090,105.3254165649414,20.999584197998047,50694.832128,0,4727,4281,2,0.354996300251756,on perennial
5136089,5136088,50090,105.29374694824219,21.053749084472656,50974.298112,0,4720,4278,0,0.5115752465822937,near water
5136088,5134288,50090,105.29125213623047,21.157917022705078,51030.491136,0,4708,4277,2,0.3902702521516094,on perennial
5134288,5136087,50090,105.30708312988281,21.193750381469727,51180.396544,0,4703,4279,1,0.2922465123273063,on intermittent
5136087,5137887,50090,105.38458251953125,21.299583435058594,99962.044416,0,4690,4289,1,0.5762949956871557,on intermittent
5137887,5141488,50090,105.56208038330078,21.152084350585938,136907.69408,0,4708,4310,2,0.31387936347895706,on perennial
5141488,5145089,50090,105.72125244140625,21.117082595825195,137047.94112,0,4713,4329,2,0.4867261688193145,on perennial
5145089,5146891,50090,105.90875244140625,20.987083435058594,137192.783872,0,4728,4352,2,0.3171694361230065,on perennial
5146891,5146892,50090,105.92292022705078,20.79291534423828,137271.476224,0,4752,4354,2,0.21163149445145274,on perennial
5146892,5148693,50090,106.0370864868164,20.630416870117188,137356.845056,0,4772,4368,2,0.5050685899426111,on perennial
5148693,5150494,50090,106.14707946777344,20.568750381469727,137901.850624,0,4779,4381,2,0.051786063760390445,on perennial
5150494,5152295,50090,106.17874908447266,20.500415802001953,138108.911616,0,4787,4385,2,0.34558379907180686,on perennial
5152295,5152296,50090,106.25958251953125,20.33041763305664,138531.520512,0,4808,4395,2,0.34856355648413967,on perennial
5152296,5154096,50090,106.2995834350586,20.34291648864746,138674.520064,0,4806,4399,2,0.5453265860494511,on perennial
5154096,5155896,50090,106.42292022705078,20.311248779296875,138726.293504,0,4810,4414,2,0.41710515379932966,on perennial
5155896,5157697,50090,106.48374938964844,20.29458236694336,138784.145408,0,4812,4422,2,0.32132915131301165,on perennial
5157697,5157697,50090,106.55458068847656,20.292083740234375,138841.94816,1,4813,4430,2,0.49288931105695777,on perennial
5501292,5499492,54326,125.5995864868164,40.75791549682617,50621.489152,0,2332,6739,2,0.15863358040080364,on perennial
5499492,5497692,54326,125.50041961669922,40.721248626708984,50748.125184,0,2336,6727,2,0.31674891334072375,on perennial
5497692,5497693,54326,125.41458129882812,40.6470832824707,50987.106304,0,2345,6716,2,0.40608511801356356,on perennial
5497693,5495893,54326,125.38541412353516,40.63541793823242,51485.30688,0,2347,6713,2,0.2675457699719241,on perennial
5495893,5494093,54326,125.26791381835938,40.63291549682617,51706.478592,0,2347,6699,2,0.25096439127252074,on perennial
5494093,5492294,54326,125.16791534423828,40.59791564941406,52032.270336,0,2351,6687,2,0.4148672590991638,on perennial
5492294,5490494,54326,125.10041809082031,40.56041717529297,52391.112704,0,2356,6678,2,0.2916865605611588,on perennial
5490494,5490495,54326,125.00041961669922,40.501251220703125,52504.240128,0,2363,6666,2,0.15238597144082314,on perennial
5490495,5488695,54326,124.94791412353516,40.45624923706055,53136.457728,0,2368,6660,2,0.4159797619991861,on perennial
5488695,5486895,54326,124.9004135131836,40.48208236694336,53468.38528,0,2365,6654,2,0.2904867901534315,on perennial
5486895,5485096,54326,124.73958587646484,40.37041473388672,53742.94016,0,2379,6635,2,0.31338550261810316,on perennial
5485096,5483297,54326,124.7004165649414,40.31208419799805,55329.21856,0,2386,6630,2,0.12929641307750983,on perennial
5483297,5481497,54326,124.60041809082031,40.276248931884766,55681.327104,0,2390,6618,2,0.3015627712127738,on perennial
5481497,5479698,54326,124.43541717529297,40.14208221435547,61626.212352,0,2407,6598,0,0.6763302822395314,near water
5479698,5477898,54326,124.4004135131836,40.12874984741211,61932.253184,0,2408,6593,2,0.3654338511568006,on perennial
5477898,5477899,54326,124.35458374023438,40.08374786376953,62113.501184,0,2414,6588,1,0.3778623147782841,on intermittent
5477899,5477900,54326,124.37124633789062,40.028751373291016,62222.880768,0,2420,6590,2,0.23832762670517427,on perennial
5477900,5477900,54326,124.35791778564453,39.979583740234375,63692.36992,1,2426,6588,2,0.3103169981414399,on perennial
4628474,4626675,46339,77.10041809082031,22.526248931884766,51479.048192,0,4542,860,2,0.24710116397801812,on perennial
4626675,4624875,46339,77.00125122070312,22.493749618530273,51875.540992,0,4546,848,2,0.28828391361457145,on perennial
4624875,4623075,46339,76.89375305175781,22.48041534423828,52576.673792,0,4547,835,2,0.31451653706548943,on perennial
4623075,4621275,46339,76.79624938964844,22.430416107177734,53037.21984,0,4553,823,2,0.432287484060936,on perennial
4621275,4621276,46339,76.79042053222656,22.395416259765625,54191.034368,0,4558,823,1,0.490401917150716,on intermittent
4621276,4621277,46339,76.74041748046875,22.293750762939453,56391.364608,0,4570,817,2,0.40930175885182196,on perennial
4621277,4619477,46339,76.7004165649414,22.272083282470703,56558.522368,0,4573,812,2,0.4749184440428623,on perennial
4619477,4617677,46339,76.60041809082031,22.235416412353516,56919.052288,0,4577,800,2,0.38224236491746394,on perennial
4617677,4615877,46339,76.49708557128906,22.25958251953125,62348.521472,0,4574,787,2,0.09074519189849083,on perennial
4615877,4617676,46339,76.4679183959961,22.299583435058594,62440.98048,0,4569,783,1,0.4738902514655783,on intermittent
4617676,4615876,46339,76.43708038330078,22.333749771118164,62528.79872,0,4565,780,1,0.23172369340443127,on intermittent
4615876,4614076,46339,76.4004135131836,22.33791732788086,63156.789248,0,4565,775,2,0.4496565532640207,on perennial
4614076,4612277,46339,76.30874633789062,22.2954158782959,63220.043776,0,4570,764,1,0.28164634942671696,on intermittent
4612277,4610477,46339,76.17124938964844,22.236249923706055,64814.952448,0,4577,748,1,0.4049078181555637,on intermittent
4610477,4608677,46339,76.10041809082031,22.249584197998047,65745.321984,0,4575,739,1,0.2864111334571757,on intermittent
4608677,4606878,46339,76.00041961669922,22.202917098999023,66616.127488,0,4581,727,2,0.15331205722378027,on perennial
4606878,4605078,46339,75.85791778564453,22.176250457763672,66761.531392,0,4584,710,1,0.4223124168940311,on intermittent
4605078,4603278,46339,75.7754135131836,22.175416946411133,67911.548928,0,4584,700,2,0.4698502039201516,on perennial
4603278,4601478,46339,75.7004165649414,22.154582977294922,68394.348544,0,4587,690,2,0.42279568174759913,on perennial
4601478,4599678,46339,75.5995864868164,22.168750762939453,72505.950208,0,4585,678,2,0.2241593132129348,on perennial
4599678,4597878,46339,75.50041961669922,22.15625,73372.524544,0,4587,666,2,0.39357817256585786,on perennial
4597878,4596078,46339,75.38041687011719,22.141250610351562,73687.760896,0,4588,652,2,0.4901198335858883,on perennial
4596078,4594278,46339,75.24708557128906,22.125415802001953,74869.161984,0,4590,636,2,0.5304706026707565,on perennial
4594278,4592478,46339,75.2004165649414,22.1079158782959,76531.253248,0,4592,630,2,0.4574982929812582,on perennial
4592478,4590679,46339,75.08291625976562,22.095417022705078,77763.198976,0,4594,616,2,0.3306256344885659,on perennial
4590679,4588879,46339,74.94291687011719,22.084583282470703,78234.492928,0,4595,599,2,0.4156640278599886,on perennial
4588879,4587079,46339,74.87875366210938,22.077083587646484,78397.054976,0,4596,591,2,0.23028164340775595,on perennial
4587079,4585279,46339,74.79541778564453,22.077083587646484,78556.176384,0,4596,581,2,0.2834636901741259,on perennial
4585279,4583479,46339,74.7004165649414,22.050416946411133,82352.152576,0,4599,569,2,0.46289900008922824,on perennial
4583479,4581679,46339,74.60041809082031,22.02458381652832,82513.641472,0,4603,557,0,1.0322706259492884,near water
4581679,4579879,46339,74.48542022705078,22.043750762939453,82696.912896,0,4600,543,2,0.28487957061974445,on perennial
4579879,4578080,46339,74.39791870117188,22.022916793823242,84969.816064,0,4603,533,2,0.4082079143283574,on perennial
4578080,4576280,46339,74.29792022705078,21.966249465942383,85129.224192,0,4610,520,2,0.5053099434205328,on perennial
4576280,4574480,46339,74.2004165649414,21.926250457763672,85849.432064,0,4614,509,2,0.5508767153306272,on perennial
4574480,4572680,46339,74.07791900634766,21.93291664123535,86297.174016,0,4614,494,2,0.332923803449441,on perennial
4572680,4570881,46339,73.96624755859375,21.882915496826172,86444.40064,0,4620,480,2,0.31535318276258745,on perennial
4570881,4569081,46339,73.9004135131836,21.8579158782959,86606.118912,0,4623,472,2,0.3089271338891236,on perennial
4569081,4567281,46339,73.76541900634766,21.83041763305664,87019.84768,0,4626,456,2,0.12900800037710283,on perennial
4567281,4565481,46339,73.6937484741211,21.862916946411133,87144.677376,0,4622,447,1,0.2523189681881355,on intermittent
4565481,4563680,46339,73.60458374023438,21.89958381652832,87432.953856,0,4618,436,1,0.43320009429378425,on intermittent
4563680,4561880,46339,73.48374938964844,21.971250534057617,88220.581888,0,4609,422,1,0.1978424938652821,on intermittent
4561880,4560081,46339,73.37958526611328,21.925416946411133,93801.603072,0,4615,409,1,0.38675208125296046,on intermittent
4560081,4558280,46339,73.27458190917969,21.91791534423828,93939.531776,0,4616,396,1,0.5735962828667065,on intermittent
4558280,4558281,46339,73.24541473388672,21.846250534057617,94070.890496,0,4624,393,1,0.2060353844753915,on intermittent
4558281,4556481,46339,73.2004165649414,21.825416564941406,94276.370432,0,4627,387,1,0.44562008082651633,on intermittent
4556481,4556482,46339,73.14541625976562,21.800416946411133,94568.259584,0,4630,381,0,0.688073417345671,near water
4556482,4554682,46339,73.10041809082031,21.720417022705078,94798.585856,0,4639,375,2,0.4888856478760474,on perennial
4554682,4552883,46339,73.01791381835938,21.700416564941406,95247.785984,0,4642,365,2,0.28672960277537957,on perennial
4552883,4551083,46339,72.85124969482422,21.671249389648438,95337.865216,0,4645,345,1,0.38608057277561053,on intermittent
4551083,4551083,46339,72.81208038330078,21.660415649414062,95526.248448,1,4647,340,1,0.3976921220090598,on intermittent
4908996,4908996,47987,92.7004165649414,50.3004150390625,69399.773184,1,1175,2751,2,0.19399098053405267,on perennial
5663155,5664954,56745,134.6545867919922,54.49958419799805,54086.721536,0,666,7836,2,0.29936214200122185,on perennial
5664954,5666754,56745,134.79959106445312,54.5595817565918,54303.543296,0,659,7854,1,0.05083619708889339,on intermittent
5666754,5668554,56745,134.9112548828125,54.591251373291016,55466.102784,0,655,7868,2,0.2675929557625029,on perennial
5668554,5670353,56745,135.04458618164062,54.62958526611328,55545.77408,0,650,7884,2,0.4519730172139654,on perennial
5670353,5672153,56745,135.10708618164062,54.6662483215332,56219.4432,0,646,7891,2,0.14289324719068566,on perennial
5672153,5673952,56745,135.1995849609375,54.69541549682617,60921.56928,0,642,7902,2,0.5085230213465138,on perennial
5673952,5673952,56745,135.27374267578125,54.73458480834961,60953.243648,1,638,7911,2,0.34933811098264866,on perennial
4637585,4639385,46891,77.70708465576172,11.392083168029785,51347.59936,0,5891,934,1,0.43712888397431815,on intermittent
4639385,4639386,46891,77.742919921875,11.362083435058594,51576.983552,0,5895,938,1,0.03248165807677716,on intermittent
4639386,4641187,46891,77.78375244140625,11.300416946411133,51839.193088,0,5902,943,1,0.44031892511231413,on intermittent
4641187,4641188,46891,77.8629150390625,11.196249961853027,52235.485184,0,5915,953,1,0.389748559040466,on intermittent
4641188,4642989,46891,77.88958740234375,11.081249237060547,52666.978304,0,5929,956,1,0.1729097762403862,on intermittent
4642989,4644789,46891,78.04042053222656,11.087916374206543,56380.399616,0,5928,974,1,0.23445227938279958,on intermittent
4644789,4646589,46891,78.0995864868164,11.077083587646484,58705.42848,0,5930,981,1,0.47780026442848766,on intermittent
4646589,4646590,46891,78.17292022705078,11.000415802001953,58879.0784,0,5939,990,1,0.20146593261213877,on intermittent
4646590,4648390,46891,78.1995849609375,10.962916374206543,67930.435584,0,5943,993,1,0.5000858505451269,on intermittent
4648390,4650190,46891,78.36958312988281,10.967082977294922,69088.731136,0,5943,1014,1,0.10662037893504836,on intermittent
4650190,4653791,46891,78.39958190917969,10.959583282470703,69348.900864,0,5944,1018,1,0.382678667052024,on intermittent
4653791,4655591,46891,78.66958618164062,10.862083435058594,70677.356544,0,5956,1050,1,0.48150621913291014,on intermittent
4655591,4657391,46891,78.6995849609375,10.838749885559082,73446.735872,0,5958,1054,1,0.4031186074915025,on intermittent
4657391,4659191,46891,78.83541870117188,10.840415954589844,73534.676992,0,5958,1070,1,0.46808847664876807,on intermittent
4659191,4660991,46891,78.9487533569336,10.881250381469727,73634.971648,0,5953,1084,1,0.3183336580391405,on intermittent
4660991,4662791,46891,78.99958038330078,10.894582748413086,74780.008448,0,5952,1090,1,0.44135150239476717,on intermittent
4662791,4662790,46891,79.06791687011719,10.89958381652832,74884.079616,0,5951,1099,1,0.32855327013214386,on intermittent
4662790,4664590,46891,79.1379165649414,10.94041633605957,75028.529152,0,5946,1107,1,0.1558641972995915,on intermittent
4664590,4666390,46891,79.20458221435547,10.94708251953125,75175.534592,0,5945,1115,1,0.3386187884358875,on intermittent
4666390,4668189,46891,79.27708435058594,11.001249313354492,75250.614272,0,5939,1124,1,0.2362548616272361,on intermittent
4668189,4669988,46891,79.43458557128906,11.119583129882812,76359.294976,0,5924,1143,1,0.374160048983855,on intermittent
4669988,4671788,46891,79.53791809082031,11.188749313354492,76597.280768,0,5916,1156,0,0.5502859289949444,near water
4671788,4673587,46891,79.57958221435547,11.217082977294922,76725.182464,0,5913,1161,1,0.4905480865752572,on intermittent
4673587,4675386,46891,79.742919921875,11.356249809265137,77781.819392,0,5896,1180,2,0.4908085684853033,on perennial
4675386,4677186,46891,79.7995834350586,11.367082595825195,77910.171648,0,5894,1187,2,0.47032369691563963,on perennial
4677186,4677186,46891,79.83291625976562,11.366250038146973,78079.025152,1,5894,1191,2,0.5659512466988817,on perennial
4588888,4588887,46366,74.94708251953125,21.24791717529297,51672.444928,0,4697,599,1,0.28394373195824346,on intermittent
4588887,4587087,46366,74.86042022705078,21.28125,51888.72192,0,4693,589,2,0.42299974046846833,on perennial
4587087,4587086,46366,74.80458068847656,21.299583435058594,52210.294784,0,4690,582,2,0.43526344749748874,on perennial
4587086,4585286,46366,74.76958465576172,21.366249084472656,54159.171584,0,4682,578,1,0.46897317610495043,on intermittent
4585286,4583485,46366,74.69791412353516,21.394582748413086,54443.102208,0,4679,569,2,0.0697678119372899,on perennial
4583485,4581685,46366,74.59874725341797,21.41791534423828,54705.78688,0,4676,557,2,0.12493770494599389,on perennial
4581685,4579885,46366,74.50041961669922,21.427082061767578,55615.229952,0,4675,545,2,0.006642615976152912,on perennial
4579885,4578084,46366,74.35541534423828,21.50374984741211,55906.422784,0,4666,527,2,0.45153889020609744,on perennial
4578084,4576284,46366,74.3004150390625,21.529582977294922,57726.316544,0,4663,521,1,0.4346829496571691,on intermittent
4576284,4574484,46366,74.18708038330078,21.512083053588867,58234.916864,0,4665,507,1,0.27414804233867945,on intermittent
4574484,4572684,46366,74.10041809082031,21.500415802001953,58519.609344,0,4666,497,1,0.4230371361882753,on intermittent
4572684,4572685,46366,74.055419921875,21.49708366394043,58950.152192,0,4667,491,1,0.4437797107801186,on intermittent
4572685,4570885,46366,74.00041961669922,21.487916946411133,59327.266816,0,4668,484,1,0.4802248123405399,on intermittent
4570885,4569084,46366,73.9004135131836,21.453750610351562,59655.835648,0,4672,472,2,0.3155797128182725,on perennial
4569084,4569085,46366,73.84874725341797,21.43375015258789,59741.700096,0,4674,466,2,0.18111760568254173,on perennial
4569085,4569086,46366,73.8237533569336,21.40041732788086,60240.75264,0,4678,463,2,0.21804748251987757,on perennial
4569086,4567286,46366,73.74958038330078,21.33625030517578,60341.334016,0,4686,454,2,0.014615249435125864,on perennial
4567286,4567287,46366,73.70874786376953,21.261249542236328,60498.485248,0,4695,449,2,0.10473441528236514,on perennial
4567287,4565487,46366,73.6620864868164,21.23041534423828,61902.25408,0,4699,443,2,0.36247345866221325,on perennial
4565487,4563687,46366,73.55791473388672,21.262916564941406,62109.126656,0,4695,431,1,0.2213836832743274,on intermittent
4563687,4561887,46366,73.48374938964844,21.268749237060547,62263.414784,0,4694,422,1,0.2654301256486549,on intermittent
4561887,4560087,46366,73.4004135131836,21.277915954589844,62587.24864,0,4693,412,1,0.2918031879275864,on intermittent
4560087,4558287,46366,73.3004150390625,21.248748779296875,62744.45312,0,4697,400,1,0.5181527444375346,on intermittent
4558287,4556487,46366,73.16791534423828,21.222084045410156,62839.840768,0,4700,383,1,0.4398502208775264,on intermittent
4556487,4554687,46366,73.09041595458984,21.283750534057617,63332.388864,0,4692,374,1,0.35695967669091666,on intermittent
4554687,4552887,46366,72.98958587646484,21.312084197998047,63516.069888,0,4689,362,1,0.11914027609939776,on intermittent
4552887,4551087,46366,72.9004135131836,21.241249084472656,63628.98432,0,4698,351,0,1.007590306756048,near water
4551087,4551087,46366,72.72041320800781,21.14208221435547,63734.784,1,4710,329,0,1.1438679892825614,near water
5375435,5375436,52405,118.68291473388672,26.373748779296875,50113.171456,0,4075,5900,2,0.5324196677497162,on perennial
5375436,5377236,52405,118.6995849609375,26.367082595825195,50448.863232,0,4076,5902,2,0.4420026536797511,on perennial
5377236,5379037,52405,118.83958435058594,26.293750762939453,52438.03648,0,4085,5919,2,0.3823488988163656,on perennial
5379037,5380837,52405,118.89958190917969,26.207082748413086,53808.361472,0,4096,5927,0,0.6931189415999317,near water
5380837,5382637,52405,118.99458312988281,26.19791603088379,53903.03232,0,4097,5938,2,0.32104123526981126,on perennial
5382637,5382638,52405,119.06625366210938,26.200416564941406,54361.346048,0,4096,5947,2,0.3895252466946583,on perennial
5382638,5384438,52405,119.0995864868164,26.15625,54499.180544,0,4102,5951,2,0.21047000947914368,on perennial
5384438,5386239,52405,119.1995849609375,26.108749389648438,54717.980672,0,4108,5963,2,0.43660654845239166,on perennial
5386239,5386240,52405,119.2629165649414,25.99625015258789,55009.591296,0,4121,5971,2,0.24836052288504065,on perennial
5386240,5388040,52405,119.2995834350586,25.98041534423828,59960.041472,0,4123,5975,2,0.18812154699882028,on perennial
5388040,5389840,52405,119.39958190917969,25.96208381652832,60197.302272,0,4125,5987,2,0.39125137401688265,on perennial
5389840,5391639,52405,119.48625183105469,26.007083892822266,60623.015936,0,4120,5998,2,0.19209714470865663,on perennial
5391639,5391639,52405,119.52375030517578,26.077083587646484,60836.814848,1,4111,6002,2,0.46022045603129097,on perennial
